frame,time,team,centroid_x,centroid_y,team_width,team_depth,compactness,mean_speed
0,0.0,away,60.35438822546792,33.63224066417638,42.76835240953476,61.90084873670344,21.678761621199378,1.7385252379042917
0,0.0,home,41.156024354518536,33.59290090436593,42.419750597688775,57.16845611033655,20.124500282723485,1.457141108051035
1,0.1,away,60.30391134075905,33.59389121023691,42.51927935152988,61.858565615803144,21.64984008154857,1.325137174193991
1,0.1,home,41.12757040399185,33.65865843790211,42.31086214575582,57.30419963935389,20.158970655584337,1.0221906383907517
2,0.2,away,60.24460108236842,33.60889754428652,42.69928910801594,61.977150244526385,21.666834062608086,1.1937410432198352
2,0.2,home,41.10628868499701,33.607940568292435,42.325469798217625,57.074613387990574,20.16581788571119,0.8490480184625974
3,0.3,away,60.19954641785336,33.634898607543384,42.78253799221162,61.89974827550424,21.664122969239692,0.851055276844318
3,0.3,home,41.13617982797415,33.58364699892346,42.46628335384963,56.96675006833651,20.156457854576868,0.5922644234479588
4,0.4,away,60.21181023816387,33.562530019337935,42.67568840444866,62.07980164508955,21.676456566954354,1.0963825527716495
4,0.4,home,41.13285966894096,33.58180184029167,42.462912951018,57.134656897095766,20.172148891094704,0.8142888116520635
5,0.5,away,60.24095977619077,33.488760557178246,42.849662089313796,62.060519385024634,21.694543867574875,0.8373693784534193
5,0.5,home,41.10455023599263,33.53034054439269,42.48269002112481,56.970624459682945,20.121775255780012,0.5901760453440935
6,0.6,away,60.202362788448106,33.44774259409283,42.80634932187196,62.13373572119147,21.720626383172796,0.9354665669548395
6,0.6,home,41.099408769836735,33.54805486517744,42.461958885522066,57.15318774665479,20.139435093679023,0.9381031194246365
7,0.7,away,60.45069533371003,35.04592839796171,42.84545610757406,62.055793437409875,22.28217764681833,1.0042851510651938
7,0.7,home,38.329438697818304,33.599764446300746,42.39265696083943,49.69085575601446,19.32895436440534,1.2154111866234838
8,0.8,away,60.14371137246041,33.44730959119452,42.594123085123584,62.140061935038,21.74679606159269,1.2210505545056678
8,0.8,home,41.14940754418864,33.48093308022266,42.046225108206706,56.90887898612004,20.061205635865072,0.9705676414672414
9,0.9,away,60.06704284902114,33.43448688642825,42.38269333280393,62.162664333967385,21.717026083390202,0.8068441387658031
9,0.9,home,41.11502326332907,33.40282333194782,42.187018302298604,56.98647405603748,20.116236723840448,0.9391374312147588
10,1.0,away,58.42884641639313,31.177619360372717,32.891096251012804,62.25329521246114,20.925725622287146,1.021797256759293
10,1.0,home,41.16886197050146,33.34185570847921,41.90043498491393,56.91957372314975,20.04137421748611,1.274613770247283
11,1.1,away,60.14377641924125,33.4048576362986,42.223789509342524,62.306126485218485,21.72865721491971,1.4466148694531837
11,1.1,home,41.19120303942782,33.34203191306128,41.71439353943976,56.88605474532956,19.944577091937212,1.3779806759860305
12,1.2,away,60.149993175371556,33.30116957930454,42.15401156014725,62.43724754606902,21.78302505334177,0.8651974268837069
12,1.2,home,41.19433179215862,33.31705003725413,41.64113318000158,57.10589501731271,19.952300825696877,1.0890903507618725
13,1.3,away,60.148364218944906,33.318048680606864,42.27782557498692,62.28854545822004,21.786066974901523,0.9518303834141448
13,1.3,home,41.16961040382884,33.3059632106448,41.84545212979873,56.97062920534161,19.936138807687183,1.10273689859649
14,1.4,away,60.15201228375759,33.345614307903254,42.16820205317738,62.594339494417426,21.825257801392787,1.4720206359712245
14,1.4,home,41.137648215879615,33.25135593170794,41.780955447178165,56.874918206893184,19.922910128255285,1.4399912747982586
15,1.5,away,60.197019026948624,33.36460013861934,41.96634152717347,62.788221387846946,21.84938342389155,1.2759551075602749
15,1.5,home,42.4680883983553,33.87439657046097,41.81755623171622,56.89942227954168,20.238054007455652,1.371828762118009
16,1.6,away,60.21340982191612,33.274206461910424,41.97647548623062,63.03751058088402,21.915719782065434,1.243232828900054
16,1.6,home,41.16645962930387,33.12110087906972,41.92680761457668,56.85147768112385,19.86186875355907,1.1838968670978083
17,1.7,away,60.20401229911125,33.23111422161595,41.617329017184844,63.02514194676829,21.925619652258852,1.2072286003828383
17,1.7,home,41.16175980543897,33.10459853273507,41.99368116262379,56.73494460773791,19.815075350470256,0.9586271894957389
18,1.8,away,60.182097367373665,33.187341703144064,41.82166878690765,63.20011726640252,21.95563781129041,1.2445298860593135
18,1.8,home,41.16298805657372,33.114943252218,41.86720355950452,56.701152903812954,19.73368950550816,1.0097147154449688
19,1.9,away,60.14162799474806,33.15204832782178,41.7075923220289,63.28818121320752,22.00548417582286,0.994466514297159
19,1.9,home,41.13130288606556,33.08142233235072,42.18583288885635,56.572045013518675,19.72720599889443,1.1645386101707151
20,2.0,away,60.09288859371586,33.12552510751713,41.70296229819734,63.23927243339385,22.01121162637056,0.9742332324532701
20,2.0,home,41.12638520171958,33.02797519328712,42.29667945425669,56.615556422013285,19.76709132642081,1.1734666983538107
21,2.1,away,60.08692623511637,33.09756305384389,41.61702406756238,63.05891827479772,22.009017218210918,0.9238591355233382
21,2.1,home,41.10974363382703,32.945049676015316,41.98927102099459,56.55319842029192,19.754340990564682,1.2706736476514235
22,2.2,away,60.40447437014869,33.177318182636206,41.58099562220074,63.27895325271554,23.91422849675487,1.0928844972324134
22,2.2,home,41.136880849509154,32.9039034692477,41.80432879791403,56.45622211162202,19.72848501863048,1.1004347695037884
23,2.3,away,60.03701140166939,33.065051656927686,41.63049201511922,63.014051983729075,22.03376288252538,1.594408100471454
23,2.3,home,41.15583520926919,32.88172804348068,41.84935575797432,56.21237822367495,19.6915550915098,1.1271589537190296
24,2.4,away,59.96318898102352,32.91579042749009,41.94756777633536,62.92043942645658,22.04522672460141,1.3793959355461396
24,2.4,home,41.13919153873972,32.88197496313134,41.91404879613731,56.207355810817795,19.723786321671692,0.9534308232570816
25,2.5,away,59.90782790871628,32.968546524802605,42.14423598579411,62.7621387834059,22.047051057483106,1.1015743917157765
25,2.5,home,41.081964947875946,32.86651956361984,41.736850519790266,56.12719677012325,19.694360822977853,1.0107736279222779
26,2.6,away,59.910333459379444,32.92883273146483,42.245888875696345,62.83513461643729,22.012489999155203,1.11440831496116
26,2.6,home,41.091269320523914,32.8439272501712,41.761231103616225,56.07765467311512,19.688976264081308,0.8870742884718769
27,2.7,away,59.94614806511215,32.91804571888378,42.08543065216407,62.84359400472238,22.027245295591037,1.2456341436105887
27,2.7,home,41.115276369479766,32.788852278130356,41.92608736407047,56.0765107251787,19.755683723681077,0.7412058029429456
28,2.8,away,59.9410673802227,32.84982679969036,42.24007612533741,62.70623495449401,22.050208380818777,1.2348791282942329
28,2.8,home,41.14429093067043,32.819840182060005,41.94750167906153,56.196419072599,19.729635529451453,0.9980412240338495
29,2.9,away,62.40419361639006,34.26701211349331,42.504033862727596,62.85702602866493,21.34784349066123,1.2850839994918297
29,2.9,home,41.12414839833153,32.82041807746896,41.87270371693951,56.12945688502587,19.703287039963293,1.354454009622376
30,3.0,away,59.94268755118039,32.81485659762553,42.435563478997636,63.28069438544936,22.16516076282406,1.379009384932812
30,3.0,home,41.1154908800207,32.85426857026145,42.021675780280205,55.88589166255014,19.706705026887853,0.9714896668234322
31,3.1,away,59.88052944031692,32.78139345182387,42.232744002667246,63.367599811796104,22.127163977349564,1.2904457692998095
31,3.1,home,41.13195932240023,32.8388757309509,42.08454908935622,55.821259334523475,19.668316887798515,0.9874873031634146
32,3.2,away,59.844438182372066,32.718997396240404,42.126163195717254,63.70209721459595,22.16474936741024,1.0943158552635213
32,3.2,home,41.12731283553417,32.826042427492354,41.946263308755796,55.90663695653807,19.66109285829378,1.2485809893086364
33,3.3,away,59.88228365508747,32.746442490383714,42.097354574555126,63.67131172013457,22.203474007057334,1.1194205596568159
33,3.3,home,41.170098971964606,32.89432343621709,41.935941673682926,55.76481613560043,19.617051198738082,1.1622930486450789
34,3.4,away,63.01010000956899,33.00188914601265,41.778345595387876,63.92917344320951,22.099535155173175,1.1873964573751574
34,3.4,home,41.240422902735915,32.90150930329373,41.886052610952994,55.71245419010641,19.584970956317395,0.9867842993534723
35,3.5,away,59.97445178591679,32.633210573159964,41.931742680671185,63.99032340612264,22.23578685414786,1.2003635026738382
35,3.5,home,41.26017115931814,32.91162368488667,41.910748654173204,55.492720837859686,19.611337065487916,0.8102795741395333
36,3.6,away,59.9895937967326,32.623388890422504,41.931914388985696,64.10316248909034,22.2281129667026,1.1449273967654017
36,3.6,home,41.22967621648827,32.945418707859375,41.99094553637925,55.30733376254153,19.56395851819818,0.8762423820112303
37,3.7,away,59.934137171060634,32.609460356934235,41.723802789298205,64.34269536476722,22.308231960323777,1.3586551038544636
37,3.7,home,41.229466096220555,32.89650339202751,42.036806613325496,55.02165206358985,19.560871272614097,1.251194381743204
38,3.8,away,59.948799972884196,32.5574882374541,41.36875342861707,64.53899448246075,22.326722481693448,1.2695223147089374
38,3.8,home,41.25427849407529,32.88315365197376,42.155896337241565,54.93013040512675,19.515657194615173,1.115101320685679
39,3.9,away,58.28790987111722,34.520590289896425,37.08260306369922,64.36723774127384,21.830018837382845,1.2595574971024646
39,3.9,home,41.19789548445096,32.85335938314384,42.19352165187764,54.92830152593205,19.45092014429857,1.2016761650961227
40,4.0,away,60.00483983285425,32.528825163108245,41.40803903049014,64.37386974525799,22.287656598641817,1.3348474014907081
40,4.0,home,41.16825789274216,32.8256542443812,42.0743716079769,54.85138196669973,19.48472386209437,1.1093297374818727
41,4.1,away,63.531638508894574,32.58585383693882,41.736590582545944,55.34125006879566,20.953815698090175,1.1343098252168984
41,4.1,home,41.15384558091772,32.78037400074664,42.24046534293935,54.89004828144234,19.530065083082334,1.4557566720702582
42,4.2,away,58.3512787223566,33.243832570791575,41.769539264714815,64.78650285489826,22.576161600150222,1.0767367167246298
42,4.2,home,41.131069561019984,32.71120357183213,42.13623462574469,55.031391013531916,19.552870591688993,1.2808300890429964
43,4.3,away,60.01282709015347,32.5554516722899,41.62759452723665,64.87552918292178,22.3051852250585,1.0623679527125487
43,4.3,home,42.304358981620865,31.776943786420837,42.136820620105304,54.988250416182815,19.8364388039439,1.2565173052095358
44,4.4,away,59.98132043869941,32.46588544314637,41.712063883958926,64.95535089513228,22.386951228236573,1.290239760556303
44,4.4,home,41.04089245956418,32.65091956992168,41.95623333367257,55.001281320213096,19.505219808523517,1.0817088451299401
45,4.5,away,59.91510735990089,32.434398106191665,41.80541762789778,65.20043076101585,22.496857392855087,1.2528891779072584
45,4.5,home,41.077087600213744,32.604380592128955,41.90567231894417,54.742991840567484,19.48310191755546,1.0259148775397389
46,4.6,away,64.25392581604088,32.47278123056658,41.768196925211996,55.45225609976464,22.520168454941565,1.1019907707823284
46,4.6,home,40.81079001813402,31.18447185808775,41.74799102377863,54.69639761367294,19.924720179009434,1.0851950790997165
47,4.7,away,59.92576219090437,32.36235368560194,42.16054194993561,65.23579879225973,22.529531577228372,0.9883163584404115
47,4.7,home,41.07452286065254,32.4721264515724,41.67528763046735,54.65720511289574,19.437332177656483,1.0826594851450664
48,4.8,away,59.889193560870375,32.32842587293106,42.13502607465335,65.54073418328915,22.559098699506553,1.239838583128097
48,4.8,home,41.11320731045262,32.446535707063184,41.72738416197285,54.47317393796056,19.455661936357032,1.0519444541091805
49,4.9,away,59.852661821315955,32.330768365165596,42.43155542538097,65.47486367569954,22.611543892079226,1.1831852456864882
49,4.9,home,41.139675993799145,32.39905007983702,41.742763445443536,54.39278279909375,19.38789507609192,1.1511172518450605
50,5.0,away,59.82614606789318,32.323831290365426,42.19417350603093,65.53001900176392,22.646889173068384,1.2310069749032635
50,5.0,home,41.136628995851645,32.34734571859179,41.73140051473955,54.29367547012015,19.296161540486604,1.3202186273348557
51,5.1,away,59.76754311805728,32.31260163706827,42.13209728735034,65.68358696458198,22.669561992653385,1.0375975360913814
51,5.1,home,41.114700145440445,32.292678551272125,41.59888312268882,53.9950945933525,19.22864892456059,1.2123691934885035
52,5.2,away,59.777535910693466,32.251778252665865,42.208845717477374,65.61350927569595,22.70269489921629,1.0534487372234536
52,5.2,home,41.12495534792637,32.23782962444488,41.8639331486591,54.01279547978705,19.223783076634263,1.268458508574945
53,5.3,away,59.7793180132933,32.22129197165476,42.47168240772028,65.59004960542028,22.699139885883156,0.9760505130360748
53,5.3,home,41.097755061752395,32.173512545700866,42.197516191852806,53.883061191232606,19.272103822777304,1.4854768143804795
54,5.4,away,59.75773750896331,32.245284323809784,42.4595619626637,65.75841563359107,22.690750656409385,1.1128577380746252
54,5.4,home,41.00879901821255,32.04874717473918,42.05274035515224,54.04955646908484,19.290103707355087,1.241401737055311
55,5.5,away,59.777680447172955,32.291446018982896,42.650224048614334,65.59285862308721,22.68028497779531,1.1784429550052644
55,5.5,home,41.018245366520745,32.06696589386728,42.09383715301723,53.94221355322093,19.275867681964385,1.1762668093555215
56,5.6,away,59.81193156128286,32.24415489109162,42.45704055502105,65.50767774748375,22.649578105819614,1.0554844204281197
56,5.6,home,40.9316534191197,31.995681330082842,42.21050171279805,54.064928444576815,19.317160622732075,1.0585217747056808
57,5.7,away,59.866212226784995,32.22514652993594,42.40468578205038,65.54217166073322,22.6872262465002,0.9568191250703628
57,5.7,home,40.91508746948621,31.99201150679347,42.29165190050092,53.987978143973336,19.324993555562948,0.8690830879119638
58,5.8,away,59.84587987743252,32.15862167170747,42.29092963493581,65.44237537928375,22.642915481346236,1.4485187692283947
58,5.8,home,40.44670416015238,33.61174876748605,42.21169193978877,54.367243032829315,19.57706712956728,1.057845761808141
59,5.9,away,59.909323922816725,32.07013689669452,42.34479836390028,65.26553303650074,22.66619690089871,1.410428702540513
59,5.9,home,40.902080313456956,32.01665691745628,42.16990909835808,54.397134906682545,19.36246797409261,1.0097624154735465
60,6.0,away,59.88841180430017,31.987264311070017,42.361064217126255,65.31274060193749,22.67514467988094,1.0281728069277252
60,6.0,home,40.87344455489332,31.96796763611742,42.469000639638644,54.555669864281924,19.390784472844256,1.1930294781647297
61,6.1,away,58.08180357934858,34.066163832389236,36.65441260889897,65.42785103161503,22.082295768356623,1.1670815982137566
61,6.1,home,40.80926361629243,31.94130839674975,42.17049962285195,54.59457050070014,19.40399313695284,1.2030695177625401
62,6.2,away,59.87761285456334,31.988707751279193,42.17568045353929,65.343145595371,22.670150864197616,0.9667526627191821
62,6.2,home,38.91172829570071,30.62001022559489,42.1364733986432,54.602928687399,18.91697207809686,1.1825920932224254
63,6.3,away,59.88581381870113,31.941860168166144,42.10875701394363,65.25714549655174,22.669178822019425,0.9442297224438665
63,6.3,home,40.75559233740098,31.929020055036712,41.96513250234556,54.574700212401055,19.285893159954522,1.0474091097924738
64,6.4,away,59.89625910838433,31.899277243185256,42.036497329770675,65.25790863189567,22.683339761409698,1.0982658091516102
64,6.4,home,35.51761060270415,30.37719162831777,41.83752773104969,45.08626356772703,17.357310773553284,0.707443991112235
65,6.5,away,59.893052670928114,31.854209942401305,41.8704338132568,65.18759024422071,22.65249482700327,0.8539041135315003
65,6.5,home,40.783774357386704,31.88748238690204,41.78192473387516,54.67341771585066,19.331258346027496,1.12467185984531
66,6.6,away,59.79664879231382,31.850997310850765,42.030642576368216,65.09793123324046,22.664131142000258,1.0212535732916548
66,6.6,home,37.86805936915761,31.759014586305284,41.728499066906146,45.54811017917939,18.287767545371697,1.0300540195483388
67,6.7,away,60.23374893855392,31.905526447396756,42.08013889887876,65.1536248682373,24.40370628380603,1.0194366828932917
67,6.7,home,40.6790692134084,31.856997961898113,41.77451626568458,54.72908655602636,19.31342172728125,1.1221444869604102
68,6.8,away,59.731264980989906,31.786315898081686,41.86534164231773,65.19479267105663,22.613901656994617,1.153060516040484
68,6.8,home,40.60293280994495,31.75040953124858,41.64454293779671,54.80291278136297,19.323193541152786,1.366705053910543
69,6.9,away,58.13861161844268,30.96805482130511,42.00359713503248,64.92961318156313,22.82620084267476,1.3786707460995231
69,6.9,home,40.554934830806744,31.76117616567299,41.53070675213041,54.62637406749299,19.33061858104304,1.0629623107129833
70,7.0,away,58.06339724659713,32.497828743180776,41.86202200483931,64.88261902947671,22.749575949763024,0.8954836882667413
70,7.0,home,40.55817855542507,31.77308413097883,41.523129614262956,54.35900988989568,19.319189598845686,1.0441642498424455
71,7.1,away,59.78728763142602,31.71598210257042,41.73282299538829,64.99084803767933,22.59973903934109,1.3408468422408182
71,7.1,home,40.58528251666435,31.7289982880515,41.53021784093758,54.5402540847308,19.382691627303064,1.1956962011713024
72,7.2,away,59.75188788796292,31.73078535003938,41.658764348952275,65.05096076536631,22.593420446704712,1.4377077259034179
72,7.2,home,40.60994232393285,31.72083835667131,42.06523095544415,54.4736168764414,19.42779402321302,1.277232439392715
73,7.3,away,59.7084829494258,31.680449016324918,41.73486179232077,65.40006428339558,22.66107892494526,1.478284102410475
73,7.3,home,40.62432585777933,31.697771745496663,42.20020049948299,54.390176931393945,19.44810713843107,0.9642621846500468
74,7.4,away,59.66694495145223,31.654103069821584,41.86363279467382,65.54174051085522,22.76891903775921,1.077823364534913
74,7.4,home,40.67452547177572,31.757799368685678,41.95741717999245,54.11090808663294,19.416104057810777,1.1013514462671123
75,7.5,away,58.056918603181295,30.809706279796774,41.961579137545215,65.57492646235028,22.98700986662026,0.9323247316957015
75,7.5,home,40.739894988982435,31.749708728441977,41.84621825503051,54.24062646661075,19.38197189223393,1.0862586975129593
76,7.6,away,59.70484222970715,31.608814491706486,42.04263291754482,65.58870699267914,22.76807782526483,0.6991745627921877
76,7.6,home,40.65937763553306,30.301676734289384,41.89202187615313,54.26567022731692,19.835655054921382,1.342687483716206
77,7.7,away,59.67714414970967,31.630281754368788,42.28711999583186,65.66946992622465,22.79699885194795,0.87576080123564
77,7.7,home,40.855300719735475,31.680519366343354,41.858608551709374,54.2677251586581,19.3831903672835,0.9458396108799912
78,7.8,away,59.6783359723921,31.601840709268515,42.273309822121696,65.89446753378185,22.84904640882223,0.7386149157161742
78,7.8,home,40.86827959525167,31.66475919224864,41.876977963493616,54.16497824172693,19.394782594798862,0.8270386865468129
79,7.9,away,59.622723554717815,31.632295754850112,42.299327559414934,65.82469853482161,22.8155920725806,0.9022386049744551
79,7.9,home,42.194448951592676,29.53235300085173,34.68076722483685,54.164069699527985,18.638233349043944,1.4133895338393514
80,8.0,away,62.08750966176327,30.25582559161918,42.38626718450317,65.62774494066967,22.115198060104476,1.1914866179038182
80,8.0,home,41.99771585921268,33.79266524717654,37.7107763241069,54.183844742903354,18.801999029523348,1.143500873398427
81,8.1,away,60.007289327752844,33.11618478853107,42.325252914454154,65.74267964563616,23.355919586145134,0.9406266947638648
81,8.1,home,40.800687438982635,31.67172387146811,42.24589585432792,54.364091923575515,19.331720956974664,1.3809630191200595
82,8.2,away,59.63970019042619,31.49376507846383,42.09970850440416,65.28297051182656,22.71869793351905,0.9849815152244337
82,8.2,home,40.8117688000437,31.69121209682157,41.89941858463172,54.7325936822163,19.300256608701854,0.9801575713413043
83,8.3,away,59.64844164144992,31.512283440111993,42.12295373836386,65.23904679125518,22.71908533461521,1.1198260633517738
83,8.3,home,41.93674577088878,32.420125352989395,41.93889016969559,54.844501289182844,19.76950418105241,1.2184393137236087
84,8.4,away,59.58555814349431,31.48401317439611,41.95467178287416,65.45743466101322,22.68680377484318,0.8977076772015997
84,8.4,home,40.78328774576078,31.618789539972987,42.147592741108454,54.916636619776256,19.338076366012437,1.2377978829478598
85,8.5,away,59.554062795596636,31.46741844346728,41.77995371219623,65.52383089697861,22.69701844227807,1.1836510695445885
85,8.5,home,40.72460237067658,31.57089181612887,42.26493359257023,54.773872613172855,19.347516863043094,1.258370064433694
86,8.6,away,59.51268858872996,31.45114540340119,41.520000277869826,65.48808022906506,22.677519997497424,1.177497156525602
86,8.6,home,40.75389929381615,31.53945784708043,42.07150475902161,54.78952929825287,19.3185631580633,1.0594164718077772
87,8.7,away,59.49066644619904,31.440480983562306,41.65552408569444,65.55620772824751,22.638624655163902,1.0182967619486576
87,8.7,home,40.7397240897002,31.567948558548537,42.21634943866184,54.806559975185245,19.31993647729844,0.9322679354321857
88,8.8,away,59.50519606248326,31.39476091373043,41.78637482861262,65.71254505024055,22.677118251995726,1.1341677291941747
88,8.8,home,40.684809546243144,31.5438724106775,42.06083874334806,54.705783391876864,19.30834609099432,1.1859904206134018
89,8.9,away,59.545667503264774,31.454271598568255,41.719492450184305,65.78939923435654,22.75071860545944,1.0974496753964682
89,8.9,home,40.73055918636059,31.482394113702277,41.96142720651936,54.67215572478156,19.300443921915388,1.2041804406521741
90,9.0,away,59.491565028537146,31.45116140962576,42.15282265767246,65.58620219440468,22.723990552164675,1.1234295055083314
90,9.0,home,40.70135097970211,31.472682817573812,41.701826106132906,54.572195078959574,19.287208823049642,1.3948472195098987
91,9.1,away,59.46856394751901,31.449400541599527,42.434138822651434,65.7849115963929,22.768571317001037,1.2633319436062076
91,9.1,home,40.63990079238447,31.440310491258707,41.918771883318804,54.29091358088618,19.269398562072084,0.8336257640851567
92,9.2,away,59.48100402452321,31.437375306359897,42.51543495946176,65.68699599021396,22.730204483664174,1.1678982244830378
92,9.2,home,40.62023695132726,31.441946059400006,41.693370349422466,54.4360034394606,19.248142690164595,1.2442988502058583
93,9.3,away,57.71023669723038,33.5398929866027,36.70768358326228,65.50801170313034,21.969407882748545,0.9449050125083598
93,9.3,home,40.54940562466639,31.38983982673908,41.70987429473189,54.27366094185362,19.279089091357573,1.1668511279480063
94,9.4,away,59.480266492189095,31.361532217367152,42.54754877640346,65.38613842210368,22.62792470991404,1.2219160291597326
94,9.4,home,40.541590323004016,31.333321954121573,41.90677036512474,54.42624251720234,19.35229162643868,1.2312179034493942
95,9.5,away,59.4643566939807,31.28956063089981,42.54139152365593,65.17263864314518,22.646133406172485,1.346888059627879
95,9.5,home,40.47545313046234,31.339752833359118,41.989164569824126,54.715332942119986,19.39993228528276,1.1915368947735983
96,9.6,away,57.913344463892315,29.166396314573422,35.564182581365145,65.19921477677067,22.157808971390015,1.1146734422132993
96,9.6,home,40.35192372930992,29.91489112833317,42.08732083831514,54.727405161077996,19.85800076006394,1.025016892003624
97,9.7,away,59.45029456613424,31.29705571346207,42.7597172077572,64.9534404001585,22.657282369733558,0.9227874162979677
97,9.7,home,40.51324642673537,31.298053187365312,42.18960116935837,54.77477471767493,19.494343664258153,1.0167615609727065
98,9.8,away,57.66835363328545,31.965402703440617,42.82712392231914,64.94843952521366,22.752461213970214,0.9884768456279016
98,9.8,home,40.48906317777883,31.228883637163644,42.224808743233744,54.707366852056296,19.524872877199652,1.0727713974911963
99,9.9,away,59.73863396399794,32.78253516661442,42.92847871891655,65.01353175944837,23.151575799309086,0.9293869835653152
99,9.9,home,40.453840505117704,31.16765502934067,42.326645234683056,54.83787781484645,19.530391606857023,1.0206393774696563
100,10.0,away,59.39819934452485,31.153812570376033,42.537541204413046,65.11996177323623,22.60167562181615,1.1944726605890408
100,10.0,home,40.47809129474176,31.128001669045148,42.067683341936,55.28159883468901,19.582221353027673,0.957701891111724
101,10.1,away,59.371984633634106,31.089528154083435,42.36554170205892,65.13479750813694,22.583003933711243,1.0688181104595358
101,10.1,home,40.485301313815064,31.071497035853337,42.3185348808393,55.23316511715471,19.61788619523362,0.7828351419508639
102,10.2,away,57.78995749525188,28.956516949668888,35.51453566971996,65.05640307813528,22.039595608777603,0.899294999552718
102,10.2,home,40.49832667282147,31.100937084223656,42.27521094091535,55.29195075355774,19.6052227295329,0.9570497996999777
103,10.3,away,59.76683386484949,32.63693953284337,42.19782194411732,64.98680028257111,23.116294328180732,0.8608727366367781
103,10.3,home,41.77660378021157,30.384852200567032,42.01517958912686,55.471806997435564,19.833332913355548,1.0992551746520909
104,10.4,away,59.39026005809419,31.000410201741126,42.02149375147698,64.84957829515832,22.56821244682335,1.3218721497526067
104,10.4,home,40.470976838890856,31.114223296094305,42.25470593102938,55.32684258427548,19.596974255545863,1.083985832267649
105,10.5,away,59.373041360757135,30.970362297122424,41.74827332776106,64.54116822917874,22.51700232789898,1.3547510736485775
105,10.5,home,40.438792066526695,31.094221885514195,42.35841769056416,55.471031305156785,19.607637516050172,1.0619826654182054
106,10.6,away,59.319438894976905,30.96315403538921,41.89067615407492,64.4157471234541,22.48733468900629,1.066802742709576
106,10.6,home,40.38949491840542,31.026065697552294,42.28182173049712,55.548363607424285,19.57608825684413,1.078538803293197
107,10.7,away,59.363032021310346,30.949446662308148,41.552549425915444,64.4223538567449,22.516121622419362,1.2200015297807238
107,10.7,home,40.36168800098603,31.018115128331512,42.107552062785395,55.85921914454343,19.60112375664654,0.9033745372755707
108,10.8,away,57.90179501596108,28.87252330225303,35.66713284061677,63.90747529679459,22.015147659384752,1.1068189001596256
108,10.8,home,40.366104445256816,30.982613470457384,42.38720435320445,55.63963304965467,19.616522080573393,0.9682745718175778
109,10.9,away,59.34625365455989,30.94878189264497,41.67798260660736,63.729516127495195,22.478959763134217,1.074777452093753
109,10.9,home,40.31265078217593,30.967546490177394,42.45241035796246,55.47690665502499,19.605013061168066,0.8601329287365612
110,11.0,away,60.476025673142544,31.022369572135542,41.78101975340506,63.47713432835863,23.82339192700132,1.2013900194861817
110,11.0,home,40.30867090627442,30.971953933134966,42.517911683864234,55.4314386937013,19.600787973792965,0.842720058295949
111,11.1,away,59.24286954668102,30.89263300105904,41.62801810581129,63.38027548456587,22.439830417469196,1.0742465789690032
111,11.1,home,40.267693686106014,30.92283283876753,42.726150058292674,55.415336629960194,19.62753950341131,1.0328089333978077
112,11.2,away,59.194702526537725,30.83989024286366,41.86427586191645,63.41607113933666,22.47303330443378,0.8405529426612849
112,11.2,home,40.256272050710756,30.863102180718617,42.779173422583334,55.232983423124836,19.62457190056527,0.9188517050701684
113,11.3,away,59.231341431168396,30.823385946646166,41.74244072665459,63.52043672695719,22.48447486455046,1.156581869737539
113,11.3,home,40.314283839130375,30.84362367980434,42.76233806463726,55.24430508624165,19.60877814600204,1.080221746764467
114,11.4,away,59.199626377707204,30.794085660376847,42.21726253661867,63.39944938830758,22.52820337809,1.144827712774498
114,11.4,home,40.31896707546547,30.82503505966321,42.41311998160479,55.25222079571022,19.635443562414995,1.184994023118823
115,11.5,away,59.19266620657907,30.79564178353343,42.39062483475022,63.6802160893006,22.55359771225989,0.6114943136417897
115,11.5,home,42.826504299614555,30.750460498213226,42.61088355741573,45.26311508273612,19.14874015999395,1.1066953683386782
116,11.6,away,59.181038152204934,30.80201581170197,42.267483166156374,63.67425776924949,22.504866019535555,1.0520173752386168
116,11.6,home,40.34441675730987,30.85459402594339,42.62964308946344,55.557199971459944,19.669556804182225,1.1877944604942179
117,11.7,away,59.14096315718144,30.776432701501367,42.56564918537155,64.18740900347333,22.562973014766087,1.2781454490496211
117,11.7,home,40.43041153108567,30.904222089751702,42.55530120814694,55.49049669897537,19.68765505806429,1.031995268901826
118,11.8,away,59.16105660775991,30.744106117883426,42.93869563099777,64.15559568470417,22.549856662673736,0.9106461223583439
118,11.8,home,40.430602483842605,30.813482204703142,42.68469782236089,55.441101962262415,19.706043383172034,0.9836703206731747
119,11.9,away,59.15381559863342,30.799219441104523,42.83881464901099,64.18285761527393,22.53266914118799,1.226778810350898
119,11.9,home,40.406321303937744,30.80727813451915,42.57424578876036,55.547274972602686,19.758842476690617,0.8455999351036699
120,12.0,away,59.19772646487973,30.804124515680982,43.13560432475668,64.11511236542954,22.479893298745335,1.3011844857032782
120,12.0,home,40.42123793331773,30.775399679608157,42.51643426230096,55.75955018917456,19.79393184189492,0.9143832720912287
121,12.1,away,59.22089753549216,30.855547085694482,43.27824542402796,64.10342885854095,22.479744286423934,1.06937615395926
121,12.1,home,38.400107320393005,31.991830928965374,42.681834940546906,55.68507470255335,19.380831467475552,0.9870032405190438
122,12.2,away,59.26069188052759,30.83581780409647,43.352400704440946,64.21968045549932,22.469568083119146,0.9471016877688829
122,12.2,home,40.38855121583837,30.79647245768291,42.590112401792354,55.874019922360986,19.911499369235536,0.9104330435730206
123,12.3,away,59.24330511934231,30.81875053121063,43.4224537417937,64.27803357386527,22.460774206556774,0.7980334428635341
123,12.3,home,40.41497365713782,30.7834253704581,42.6096667878194,55.67813932469235,19.92289608575157,1.2564974127159927
124,12.4,away,59.20485577658687,30.813984972321848,43.45099799953931,63.9711544324073,22.426678958096815,0.8544608432389512
124,12.4,home,37.948949331205625,30.50771050718041,42.54177775165921,55.60832878418389,19.933310423555437,1.0364158099215521
125,12.5,away,59.20993633693997,30.76504474360157,43.26221193669332,63.856012582259694,22.39120126480123,0.9996071004875872
125,12.5,home,40.390683910959716,30.70630579091277,42.86562872484015,55.67734745814221,20.020365089649058,0.8163408001371795
126,12.6,away,59.25247110877872,30.755148830862524,43.19398952552347,63.54831312381306,22.338052173530414,1.3197486691897038
126,12.6,home,38.29050113838245,29.2307601450894,42.65420031925093,55.715667667554875,19.319100215380523,1.1221635159102594
127,12.7,away,57.47591549073623,32.927636138600725,37.175087800173976,63.30838919890907,21.51892831136147,1.3324143838540714
127,12.7,home,40.325082297243206,30.66755967662311,42.88713511495089,55.9965134166117,20.017153577428314,1.0655159337956324
128,12.8,away,59.23615217255168,30.670947245894002,43.0483518596361,63.08645303489601,22.293460955308227,1.275815127081627
128,12.8,home,40.2637435854629,30.648999682826435,42.91558651277892,55.93037812639564,19.990694510254063,0.9045829977835108
129,12.9,away,59.19505116198916,30.588220889193313,43.0308857726638,62.937545562815785,22.28836426336005,1.3186778573256115
129,12.9,home,40.22590106608572,30.713269428213643,43.14555239886464,55.96019377518145,20.021753411883626,1.0689833995786964
130,13.0,away,57.533268215606164,31.433505462757758,42.90146747831306,62.74151990516545,22.408854372285937,1.4596135059008257
130,13.0,home,40.22147662807679,30.68196780378414,42.90781910751314,55.995594986436956,20.01976135100077,0.9676804816876717
131,13.1,away,59.76016032634038,29.10585521510917,42.71237908444658,62.4647260552337,22.729807100856064,1.0413675953433976
131,13.1,home,40.17414421309789,30.702409016843657,43.08708971504707,55.938998181965886,20.07723168771726,1.254552173880269
132,13.2,away,59.12677321690903,30.544915090511118,42.65770738591549,62.53572847661707,22.196320112881875,0.8919684970732856
132,13.2,home,40.09781869898904,30.692071882263313,43.21212465814712,56.32377164582795,20.085897584319127,1.4471436077010047
133,13.3,away,59.16611633906444,30.51692688152423,42.40670899015225,62.47278286682652,22.157293781502617,0.8177770291862895
133,13.3,home,40.07294542291284,30.72616708502376,43.42751591352827,56.396932701302546,20.09205551284146,0.9757378792186955
134,13.4,away,61.45339889816611,29.106814256605638,42.48884362659067,62.369973428056696,21.539167478645037,1.0246339971918161
134,13.4,home,40.05340374072262,30.735433920242247,43.23946260831993,56.34352021117236,20.05922539604416,0.9529045792320872
135,13.5,away,59.080860502608814,30.487696411471028,42.53456328605938,62.388752604767205,22.143116142141967,0.7541960897033811
135,13.5,home,40.04403443905712,30.753270715435757,43.39040683035742,56.3410817920556,20.124876283784207,0.9667367920952739
136,13.6,away,59.09725449402361,30.48764617312435,42.36457254885577,62.273426133916544,22.1387639062248,0.7296258383223592
136,13.6,home,39.788491047261495,32.3905118673786,43.13647697151602,56.39550729766064,20.491867690220932,0.8782098343953308
137,13.7,away,55.94815398010361,30.488621228034276,42.604940205844315,48.51801332409971,20.87832634906932,0.984930953412379
137,13.7,home,40.08550854352225,30.733993943854273,43.27655424690398,56.42860409022778,20.166663144400466,1.1317505964780532
138,13.8,away,59.61249090835224,32.08630451986822,42.51142209764181,62.6374022170787,22.582597225935423,0.9752854282381526
138,13.8,home,40.10124793052784,30.643348140057416,43.0120359596623,56.499557210144594,20.149438459487087,1.3276703819517233
139,13.9,away,59.134538399630884,30.536666388930062,42.69103228171544,62.66164009309706,22.14955554507944,1.2148405115777545
139,13.9,home,40.03119997222785,30.64870787586562,43.060901167858134,56.6837728597745,20.178474881519705,0.9640026624132365
140,14.0,away,61.46292690549567,31.727197098279664,42.93132512029455,62.601530091753254,21.585506548275838,1.2367526951047716
140,14.0,home,40.11342490094314,30.632574009902306,42.89510302710923,56.57469758917572,20.157247149566544,1.1568842023548733
141,14.1,away,59.08677869653896,30.57393399898335,43.17238316205308,62.58518655479756,22.09294100293894,1.0719927172342052
141,14.1,home,40.18481103278203,30.64640537690586,42.842864970663975,56.82234372509023,20.224291147696107,1.0810336144832497
142,14.2,away,59.095893497257926,30.59517968222075,43.30983144359889,62.516423879721835,22.017816483638708,1.0036417991599684
142,14.2,home,39.993473838321734,29.029922936617044,42.89707238197456,56.79325718317459,20.64885414795953,1.0441905684012605
143,14.3,away,59.099732713655,30.59243405137031,43.412237613145166,62.62041191070793,22.01394444652912,1.236810475049402
143,14.3,home,40.0949666097946,30.516912479225713,43.15592862727555,56.81626168576169,20.325978826686065,1.0847649254084148
144,14.4,away,57.33975324521905,32.899970991376506,36.31565215854256,62.58987355653822,21.095046317802655,1.2416829461182215
144,14.4,home,41.29599234414933,32.82665665878294,36.52443076004445,57.03554028886263,19.860687355472287,0.890468993349985
145,14.5,away,62.17655767870396,30.390295350758215,43.30871598720942,55.484124257972965,20.980976599165842,0.9957256786535028
145,14.5,home,40.13056827246576,30.521870756066082,43.22914476510163,56.94974231338524,20.349009774637423,0.9172595517333941
146,14.6,away,59.05963805448631,30.651732691302392,43.1760287117322,62.70452772849015,21.931300176692293,0.9374590948279156
146,14.6,home,40.10990063541691,30.557610798587927,43.068445789649935,57.03438784228653,20.41348341765339,1.1196503122549257
147,14.7,away,59.02995773779044,30.663883320437684,43.11615944372639,62.61486134749626,21.86374170092998,1.1057139996443937
147,14.7,home,40.11129622690565,30.608995765689407,43.370875656966234,56.920870037277126,20.429919954483996,1.2701412704523174
148,14.8,away,57.28089733413211,32.9339706495462,35.90214706604311,62.42468813079866,20.946359660116926,0.9571180814727025
148,14.8,home,41.62178429219223,29.96933336102712,43.54024218643856,57.01279508351759,20.74409682814042,1.128198211493976
149,14.9,away,58.01193926324395,30.001078825599027,43.254659051785886,62.600609536035655,24.318255002812183,1.1037761459457311
149,14.9,home,38.0488612997111,31.774627829391243,43.866025942202185,57.13057757454942,20.099829469607464,1.297687300920051
150,15.0,away,59.04057921169779,30.662190202216426,43.35985871031496,62.18241751120915,21.886483603293783,1.1567731765610512
150,15.0,home,41.53611754930433,29.902280394978014,43.82089701306799,56.9745384960076,20.708844571955247,1.2688681805706528
151,15.1,away,55.90155542686438,30.654552570720483,43.4341188787567,47.43786573923162,20.54691460115692,1.0942511614441846
151,15.1,home,39.99706867007591,30.58741679507533,43.96852271454913,57.24027095506959,20.502142310804448,0.9396295287074381
152,15.2,away,59.039003058993984,30.70065964798704,43.52811890672979,61.883809787533025,21.899001674254226,1.1209524685580012
152,15.2,home,41.2804575346614,32.944355663479385,36.47211120071055,57.26601536755689,20.043807824945485,1.011154276357142
153,15.3,away,59.03303293347831,30.714301173572075,43.52033363073194,61.7977024534854,21.87608097947372,0.9963546374411819
153,15.3,home,37.868088402206055,29.168020548751024,43.800594682928114,57.22473926359167,19.791097587055884,1.0785480497231748
154,15.4,away,59.0023420536053,30.713066071999503,43.59515808444417,61.50917481691772,21.82013153437449,1.2113208756073652
154,15.4,home,40.04806368766976,30.688783176994892,43.53338041467902,57.290120073502635,20.549358818599163,0.8860400623124023
155,15.5,away,58.99650062637027,30.736127764708158,43.66258687674988,61.36642780991983,21.793481329814337,1.127302800155247
155,15.5,home,40.08653345121266,30.710081851305063,43.708209618126965,57.39537094712937,20.553248648823548,1.2958847480547802
156,15.6,away,59.05183417840451,30.749903537249796,43.966025495979444,61.236073383424014,21.823492445443875,1.2699684874953048
156,15.6,home,40.04601378633934,30.718374056865404,43.90828040186382,57.70162573879175,20.655760724228983,1.232351358884976
157,15.7,away,59.14533084542731,30.739971799732146,44.01710749023458,61.21102273932695,21.82455768003697,1.2087899324400817
157,15.7,home,40.05544512523754,30.72291438981524,43.66526526253636,57.97040347779864,20.635712463809124,1.1868147454264097
158,15.8,away,59.160456625284375,30.70266428288494,43.8452520056083,61.26677778182703,21.763409293042756,1.0340859749415936
158,15.8,home,40.06177079682518,30.77234411909839,43.54174668258475,58.138040869701484,20.689829914094382,1.2536336284866252
159,15.9,away,59.156650872883326,30.731204710423185,43.824095210366345,61.214283334282705,21.749430465137646,0.8115046568342001
159,15.9,home,40.06364643262429,30.788779547249113,43.5874746984374,58.25398923532336,20.751654490335266,1.080476874088438
160,16.0,away,59.148252945009354,30.778929671004633,43.90610335176244,61.38419359392495,21.733669442934886,1.1196558864175914
160,16.0,home,41.37000732494564,33.09765834272683,35.85986813434707,58.20001888243885,20.222895341051252,1.1081537097860805
161,16.1,away,59.17641260271503,30.75149047970373,43.95637977557712,61.38518056291788,21.71679830226036,0.8411072514272163
161,16.1,home,40.14438402664894,30.787803995366293,43.581465498674774,58.106302727066776,20.767728918475314,1.1802225309152143
162,16.2,away,59.185287634302405,30.792141173146206,43.98553390439439,61.37756679319959,21.736319827346076,0.6658439120248267
162,16.2,home,40.10640637215349,30.775884800801546,44.0682860840422,58.08249473062005,20.823514398571195,1.2615027383914816
163,16.3,away,59.17514495401419,30.79532420014003,44.01882235998403,61.58321916555671,21.77020847437386,0.8486788997821949
163,16.3,home,40.08384318775885,30.84915675532534,43.95602970295035,58.37377495244769,20.864218281360966,1.0057791145952866
164,16.4,away,59.16200779226634,30.731464974714605,43.9962690026337,61.53569109330952,21.727942423165267,1.0372368964383305
164,16.4,home,40.06402210342482,30.830817937081324,44.18043601541848,58.524360617718145,20.901686496001812,0.966025477413159
165,16.5,away,59.68235072529997,30.712406799078217,44.14723189820142,61.231990144216155,23.295639439163722,1.1585834433416387
165,16.5,home,40.11675407088737,30.81911323396613,44.099760890185344,58.6053991559277,20.93405086777355,1.422913173957047
166,16.6,away,59.06390225005624,30.69349743445608,44.212477673868264,61.32917721025812,21.681429814486926,1.297278372316524
166,16.6,home,40.101405925811534,30.85275147087428,43.808771819598114,58.447572494489656,20.928628098908938,0.8720604029572083
167,16.7,away,59.04721422062335,30.70941095189373,44.02279079939991,61.32643498208967,21.662357662014923,1.0106230910080984
167,16.7,home,40.09700761660722,30.828306664844398,44.085472079249975,58.552207469762564,20.943227414090362,1.0788951583725266
168,16.8,away,59.609158145639455,32.32100253779716,43.908919707775034,61.10780101662792,22.00557814452396,1.0307351217732323
168,16.8,home,42.689781559710525,30.910112657424843,44.317331329743006,48.93180040522161,20.4320749784617,0.8386739395122994
169,16.9,away,59.069880874518866,30.757072072762504,43.86752855344064,60.82890966769,21.56738999748136,1.3296969446027815
169,16.9,home,40.16098212412987,30.890872251699943,44.41717055615916,58.75370177456258,20.967760662137255,1.0156365181947262
170,17.0,away,59.02360622160991,30.764235395932293,44.09419777270826,60.592510044354384,21.56403051166379,1.197345344282746
170,17.0,home,40.094548455640805,30.89918334663439,44.40326070983169,59.01121384924373,20.98250867013312,1.0352667978622376
171,17.1,away,59.02694686480525,30.71239991403743,44.01872505393906,60.35846057388202,21.47460034532929,1.283362717417691
171,17.1,home,40.15244297379791,30.871210620544865,44.16230972065527,59.27775786055742,21.009342913748604,0.9562017609570053
172,17.2,away,57.64843497439466,30.012904590661304,43.97939357171101,60.14080593487721,21.79161413508991,0.9148044494422732
172,17.2,home,40.19319912547219,30.835452833730777,44.39108395828448,59.36339160117476,21.001374225506115,1.0066636193240104
173,17.3,away,58.98231289482317,30.738251333308742,44.08016440605823,60.23445919712544,21.392293410523276,1.3105253964714256
173,17.3,home,40.19306587080918,30.846806647870157,44.66543348585353,59.25408467111917,21.008577665042335,1.023962173287773
174,17.4,away,59.009307520494126,30.769734206159328,43.87202784277058,60.47953815387359,21.340146237412082,1.0454416031663027
174,17.4,home,40.20904370713553,30.872438479113168,44.72742443711544,59.12974421241902,21.05473085775798,1.158040286201019
175,17.5,away,58.97062587086434,30.84083554427829,43.95308937196998,60.328065595418465,21.36683325229324,1.1653425105359323
175,17.5,home,40.254629370758195,30.9128655076354,44.88694118897002,59.33514015066113,21.05099292292898,1.0496428290945337
176,17.6,away,59.00925410131963,30.8694250663003,44.36198431883437,60.14111314094962,21.39927227132471,1.2096067017696444
176,17.6,home,40.25800026553989,30.899982147597903,44.91924541407728,59.6900484025325,21.155581718244136,1.0840385090657418
177,17.7,away,58.993683449847296,30.848455905665734,44.65346979366873,59.94920769210931,21.39287325209043,0.8631383013552114
177,17.7,home,40.23809873054063,30.890568745609674,44.578370938071416,59.42265726492928,21.134303112827737,0.970518299803696
178,17.8,away,58.99689585534918,30.77510514993941,44.55398563840456,59.96845589677852,21.35256322779676,0.7955781412941175
178,17.8,home,40.22198601024366,30.820844070480476,44.379063044111206,59.53011366821521,21.166159548582296,1.1392929424461251
179,17.9,away,57.64254955154307,30.144709156894358,44.327273273110755,59.90636213495046,21.704195069204822,1.0511731382193492
179,17.9,home,40.29051300830331,30.779604047807208,44.28180364129243,59.54048753486029,21.170828540093055,1.110391799545984
180,18.0,away,59.083694895745836,30.826789487343785,44.36452887071146,59.81420828682113,21.32654567276184,1.2797589663150593
180,18.0,home,40.277617264210456,30.7324443435023,44.33669084320829,59.83846246255657,21.175900813400023,0.914837580042768
181,18.1,away,59.10454355715665,30.869529754012696,44.58017868581854,59.82841953703682,21.35287985684987,1.148597988812407
181,18.1,home,40.02295123125661,29.210480975999495,44.1630032864657,59.91245459472375,21.712568605572255,1.0913654395884385
182,18.2,away,59.11444405980686,30.884142480051135,44.40444218375946,59.61721548844015,21.338171691825092,1.097615680063454
182,18.2,home,40.12185311376276,30.654478132592242,43.963689635287594,60.166596989128664,23.16195383615131,0.8662520726346307
183,18.3,away,57.727363568784355,30.220184648991115,44.60417102880606,59.38812857552854,21.7810974701824,1.2089779961901572
183,18.3,home,40.3027231481858,30.664262900939573,43.98811232267384,60.25959514361907,21.224526923997367,0.9458007207881917
184,18.4,away,59.160343922696576,30.88058487609343,44.756624710246896,59.313355751939966,21.292271585582156,1.106066334249273
184,18.4,home,40.304955423666165,30.647492414684294,43.6241709598377,60.17281335742476,21.27972069423667,1.417101590968384
185,18.5,away,59.18097975691894,30.853265251012104,44.50742434082514,59.34462637076912,21.250397532242026,0.9934494031003482
185,18.5,home,40.3175115277102,30.692851440973087,43.447810076956756,60.182668969480346,21.296612903074188,1.0690432064015989
186,18.6,away,59.22722298710987,30.835687821320303,44.50222591411674,59.409287255273924,21.242265279045903,0.9813709492388198
186,18.6,home,40.30351574075582,30.717111123018903,43.77445070775237,60.376424165802774,21.327525717769632,1.0757723787779307
187,18.7,away,57.680329852877676,33.28363423234166,36.14450268211755,59.52209256092537,20.31446795598234,1.2486292736326947
187,18.7,home,40.09713971911317,30.764247451373524,43.614093938013305,60.452279547510656,23.24920279295582,1.1290156045723365
188,18.8,away,59.25331543644052,30.916344056174236,44.97185282800026,59.53385977354418,21.23184424946351,1.143984696399469
188,18.8,home,40.30347562010034,30.85719016422682,43.79327665687812,60.31207685800743,21.391205892994286,1.3396090468009283
189,18.9,away,59.23849494864913,30.857899113858902,45.113038886646905,59.41639576617058,21.168892936281374,1.1386058210865149
189,18.9,home,40.31393350204207,30.900723960904546,43.79441599480016,60.17124015018801,21.446008855145944,1.185779810512473
190,19.0,away,62.09757412625595,30.684216600704655,45.08636074044862,52.05616876894338,20.300665756678917,1.0012689713300507
190,19.0,home,40.27476779337287,30.929500111252306,43.95780431139221,60.48020237983573,21.52590041815432,0.9749463985833245
191,19.1,away,59.268581534814075,30.90369959894558,45.32213140056789,59.39547664373616,21.09642041021903,0.8971422575590746
191,19.1,home,40.26747313386318,31.004389824456485,43.873857250965514,60.4335853052866,21.570707732771698,1.126712782058086
192,19.2,away,57.762955231876425,33.37376507239173,36.547073892757425,59.27165738179458,20.087417013109505,0.9797364520714336
192,19.2,home,40.3396080928411,31.005633901452686,43.9321624284947,60.56505383642786,21.637023197240275,1.344617207562945
193,19.3,away,59.22988252390281,30.94228288360015,45.22892157670161,59.24651299434339,21.01960719240309,0.9430085181643686
193,19.3,home,40.3579026738615,31.039840842527042,44.471894967130964,60.71418797838228,21.70174052398942,1.3158949009189709
194,19.4,away,57.82532665026169,31.879658691231384,45.421800359411776,58.94458252424495,21.15922093517895,0.8765761042716452
194,19.4,home,40.33599178490768,31.09044740931446,44.58669188007607,60.80763973648244,21.684155129724004,1.5308424756608021
195,19.5,away,59.22743980355852,31.000472604085733,45.42710737864806,58.75371675023062,20.979582744242887,1.1707186859878538
195,19.5,home,40.38234172384899,31.074569879198922,44.505733261990656,60.957571995737425,21.685983869722232,1.1070329524863252
196,19.6,away,59.150028721251516,31.02705535366862,45.40550874154539,58.57586151870993,20.928641783487944,1.12757173915307
196,19.6,home,40.381959007183134,31.117674626242465,44.677030288048165,60.84055223054712,21.70933383208209,1.2093640732371003
197,19.7,away,59.19043065099158,31.02526446255815,45.16439067327174,58.186252745133984,20.935901907434793,1.499908050146594
197,19.7,home,40.393066435906185,31.051667353581696,44.618855844846536,61.28725753815766,21.740887335212772,1.110535785863567
198,19.8,away,59.193014831824506,31.16767710569287,44.84987889941952,58.23175882834137,20.89490333993517,1.347368933872334
198,19.8,home,40.34451576309875,31.104217868516965,44.69834193751176,61.504508325023075,21.745972477414046,0.957418736577252
199,19.9,away,59.191559450775635,31.1866762029338,45.12701202709601,58.107058040214014,20.89816932116868,0.9313477525932914
199,19.9,home,40.15312752023582,32.5984280354486,44.6359230419335,61.24864165599619,22.344033971298035,0.7033325745022969
200,20.0,away,59.15441066406151,31.177737841803342,45.046347254682225,57.99749241585455,20.87435705011853,1.1550298192851207
200,20.0,home,36.870004732634115,30.91342417233086,44.50766100079937,50.82436316109738,20.312878367228244,0.9262814548197855
201,20.1,away,61.257887246912716,32.28524544517276,44.921412838409886,57.87303604429624,20.468394938552347,1.2034586451419451
201,20.1,home,42.93058703926931,31.302030414421687,44.362870600274576,50.928293141795834,21.06559882562667,1.0299737984948911
202,20.2,away,59.155561712835286,31.19786300550304,45.111369827236366,57.67757278370629,20.873836205371163,1.222107520351001
202,20.2,home,40.27986939106211,31.152342844830503,44.24523851558007,61.1805545446418,21.708554497690468,1.0144458642179286
203,20.3,away,59.1254335205415,31.251931234196125,45.234150407009516,57.51142432325891,20.838251277960936,0.928097108926028
203,20.3,home,40.26525757228737,31.161554051589288,44.40400024150969,61.28415822428626,21.766283814082882,1.2847860071029933
204,20.4,away,59.12626379686949,31.252389971379248,45.22712213742381,57.36155787920396,20.787235368058614,0.9915300653232921
204,20.4,home,40.21423740532692,31.135742100088432,44.562576386571315,61.25123340587699,21.841151964472093,1.113076289931459
205,20.5,away,59.14752506485656,31.203868888062853,45.1710049485475,57.39760159559559,20.749149299049705,1.7509997403381476
205,20.5,home,40.221952773570315,31.176241457366192,44.54642640120352,61.22745370421344,21.83715491874051,0.911673338814074
206,20.6,away,59.072095609733374,31.175089405862114,45.21248741676372,57.55626792802887,20.699544036957032,1.0897578283359293
206,20.6,home,40.05096094350116,32.69214144312333,44.497225319616824,61.36443452009706,22.486755159984835,1.0974339706645777
207,20.7,away,59.041380011607764,31.17078478488115,45.33041885579318,57.423770548002935,20.65539517593093,1.0343584878867393
207,20.7,home,40.17560734632075,31.20292111910298,44.14823678816239,61.177688008015934,21.84800917427491,1.4032288865049816
208,20.8,away,57.573702672785885,33.55120165627602,36.13201437900018,57.37368937343564,19.650912395905795,1.0860551364996798
208,20.8,home,41.514987107124526,27.089316169564203,38.56325851497842,61.29183358017097,21.628458920896733,1.5218913862010184
209,20.9,away,59.085548968288705,31.172857527699488,45.03805009928759,57.243894959684475,20.58462749050732,1.1129183131639182
209,20.9,home,40.04460701831996,31.14381301810612,44.317821767373765,61.48724700823789,21.918850843973953,1.2191415984384013
210,21.0,away,59.064882820420856,31.180055486557595,44.776516762510816,57.00688350420178,20.519970767471904,1.5265199224810728
210,21.0,home,41.62906738781014,30.436293009062194,44.55690386127554,61.64169171924908,22.248058258012225,1.1230412302061907
211,21.1,away,59.00016787807481,31.116924947949585,44.74044337963196,56.88530086497582,20.490275394458155,1.420338523730317
211,21.1,home,39.972130768409336,31.14771822010758,44.79361497199393,61.71248222775977,22.02603852243972,1.0454987398448017
212,21.2,away,58.972091748271275,31.10612554213465,44.75548867292592,56.91057713690094,20.49154584957256,1.2884092261040203
212,21.2,home,39.920421302511045,31.135318681852763,45.0471501991308,61.75555450804967,22.05579968877471,1.0078847718395711
213,21.3,away,58.909378357137456,31.105957953347136,44.688468674066186,57.09304069521994,20.536271833287955,1.1828118696222965
213,21.3,home,39.875821762356935,31.205073337612188,44.84482582105224,61.613983133237646,21.990661356941505,1.1575327242406934
214,21.4,away,59.35920253761716,31.10965461095818,44.84539539266142,56.80486671897942,22.055765433429805,1.5892040512333867
214,21.4,home,39.86020617830041,31.256027421731066,44.70711637906315,61.66077452174472,21.96258261916688,0.9190082265659172
215,21.5,away,58.8669047210665,31.16596825153399,45.04396624341402,56.61639027069066,20.52053114211969,0.8856541107698139
215,21.5,home,39.78442578146741,31.25896620586718,44.603636091184676,61.698615726976534,21.96200104373432,1.2367742839602267
216,21.6,away,58.824499483705864,31.182528185502953,45.034435587033066,56.51163517696783,20.48028253411925,0.9964889430847941
216,21.6,home,39.77342671340929,31.26305189721559,44.76005485680775,62.22684899124465,22.01432276739789,1.6163496025921502
217,21.7,away,62.39298168386647,32.57944635284102,45.083719097196,49.41390928460114,19.874889628200354,1.3054257621384466
217,21.7,home,39.79407872702344,31.382868901118,44.90905215805292,62.18119704876664,22.079709948009526,1.3873744536644688
218,21.8,away,61.46355907543246,31.03178037211517,45.02491509210319,49.223798705041666,19.57804521291461,1.1197650826504018
218,21.8,home,39.75877114038475,31.392363087909313,45.005364783097534,62.23890509729431,22.1123173225325,0.9709090074212696
219,21.9,away,58.66177802152321,31.23586915026182,45.461158498198266,56.37646187442677,20.38426936246135,1.0408880537471679
219,21.9,home,39.77374069925648,31.344930510371395,45.01933004572141,62.615736709629736,22.13950386556921,0.9486801815226719
220,22.0,away,58.63723799946681,31.281247573059193,45.474909715225586,56.28979785187053,20.353118658580595,1.2669339130261392
220,22.0,home,39.68118098480564,31.303610897837917,44.820914203492904,62.66147509749302,22.14574501838358,1.0127167899587588
221,22.1,away,58.57237945731768,31.31262187387893,45.66124862568448,56.226309252298776,20.337718221880525,1.3328475612028972
221,22.1,home,39.69636897645171,31.31674813298398,44.53377055953625,62.881610335490734,22.1826856277081,1.0548046051036706
222,22.2,away,58.54212422055862,31.361076074286665,45.66342553137604,56.02515375399217,20.23932929562595,0.7811218583657251
222,22.2,home,39.67985871248288,31.296549127754655,44.60298102362544,63.33149124046168,22.235347690007703,1.0798461926134335
223,22.3,away,58.519521042181694,31.303270860967874,45.659735787130494,56.18122828923618,20.30696840559841,1.3102880520750257
223,22.3,home,39.638020422901064,31.283417356930375,44.655378062741164,63.41236039931219,22.26338368846623,1.046110993867711
224,22.4,away,58.568461790512224,31.323534723393504,45.67451669046695,56.17666737746512,20.2874996168916,3.2247126530888974
224,22.4,home,39.63255478720376,31.198039957960308,44.820361816825965,63.586584073069794,22.337658166675702,3.05707680140784
225,22.5,away,59.44075831834637,29.716223455885334,45.60981630448205,56.02496676955464,20.61479815434659,5.916163795772226
225,22.5,home,40.2181514442183,31.138298436836177,44.657579584452414,63.39264175900275,22.30647303648119,5.993875845720089
226,22.6,away,59.69853549633779,31.333985633308757,45.90421754509711,55.91918500314034,20.315544784554227,5.957050208684398
226,22.6,home,40.81321463474467,31.087341172824903,44.88263209713116,63.48495785786215,22.313060942523194,6.06401300877476
227,22.7,away,60.30797315997906,31.327372294213557,45.84711562396541,56.15770470645798,20.35878051891585,5.979590896006593
227,22.7,home,41.419745496799464,31.09206810522052,44.621242129869145,63.630925369826414,22.36733387490542,5.979862178184671
228,22.8,away,60.88588137200464,31.3366738398744,45.52584317771152,56.23275004839486,20.350872517925485,5.95891514829756
228,22.8,home,42.00469769479776,31.11128120313026,44.78968733464015,63.60223759688249,22.444097168951963,5.931537812121277
229,22.9,away,61.48600545028874,31.376028732125633,45.78327951254719,56.088090926328526,20.352923622037395,6.178358033725757
229,22.9,home,42.59702010349239,31.141029929438705,44.75571449005383,63.58695431919581,22.478395967604573,5.855042694387901
230,23.0,away,62.1120996207753,31.342671879627428,45.75974190826942,56.193261924342956,20.363741967835782,6.150248801053681
230,23.0,home,43.16759752494357,31.139803748643825,45.06192936714009,63.64910665508512,22.511302908843643,5.82554819085755
231,23.1,away,62.704649932586655,31.35338838554761,45.86497354204544,56.37738267783099,20.418168025236316,5.831334048287108
231,23.1,home,43.747953191309904,31.150894978458783,45.2135232968699,63.447686197194486,22.54181135489702,5.945179534630742
232,23.2,away,63.269918084300656,31.39471798502691,46.17488933024852,56.17950651199775,20.349825422965736,5.691677034281279
232,23.2,home,44.34235207277348,31.169170864280314,45.52659661740706,63.49314456477225,22.593044910538342,5.906848202470164
233,23.3,away,63.832175966794985,31.43617316637118,45.92305203372011,55.813983246746616,20.307954127973368,2.7935840055966747
233,23.3,home,44.917629565895645,31.260633275379163,45.527801438300884,63.49972201104028,22.60305257960399,2.8703381987498875
234,23.4,away,63.812265445481756,31.442881143582095,46.007378050523144,55.71022536645991,20.278107700540712,0.8373194529012215
234,23.4,home,44.869290982970135,31.347813888189048,45.83954839751285,63.5696319639076,22.638527926476463,1.3093277621731443
235,23.5,away,63.77037388629224,31.404097315622767,45.85856249549217,55.742914937565786,20.258502875877664,1.2671802378873096
235,23.5,home,41.329025889274604,31.24787948164405,45.9965835134975,53.6637678169981,21.30183454780299,1.2443559485682663
236,23.6,away,63.710731813758095,31.419171393849293,46.07417873042262,55.330734657400725,20.20259230686833,0.9469269067334429
236,23.6,home,44.850048779713966,31.452184120205235,46.19799287013043,63.92532174685937,22.67136031986777,1.37477620801498
237,23.7,away,63.6900724098841,31.363164775564545,45.97601928867573,55.32830818196803,20.161101355857074,1.156349366484729
237,23.7,home,44.33013416444244,29.8774409999421,46.173880201049464,63.78971094793843,23.142082984135993,1.411809635278407
238,23.8,away,63.65520604727197,31.346094215334585,45.773395763249766,55.45686074765235,20.137623985135523,1.1882100091415764
238,23.8,home,44.75246354892277,31.508671571493345,46.37962511624523,63.93156701744327,22.67442933999276,0.9213273988712566
239,23.9,away,63.65860356940925,31.38531776760225,45.51307920477471,55.23292681803249,20.036145973732268,1.0560062131661794
239,23.9,home,44.66878277973847,31.51756540830729,46.16798801231972,64.26436984827372,22.695259771282373,1.5119526433441282
240,24.0,away,63.611687401757806,31.426744090050967,45.54056645212979,55.29501050726992,20.03199437389804,0.9292075741869524
240,24.0,home,44.57805706419158,31.480392795829445,46.09921977572256,64.39871896666101,22.712227847728286,1.2131624566816082
241,24.1,away,63.63498290706173,31.472822357333428,45.22732207089973,55.18918409488211,19.999730539427887,0.7560582544453222
241,24.1,home,44.57340916136183,31.444198896634166,45.932385931338814,64.59044437712161,22.75907313154052,0.9703437685892553
242,24.2,away,63.58256952884006,31.417678924694254,45.52340340675865,55.18846456950994,20.006870921079226,1.152490632158108
242,24.2,home,44.55001137971337,31.481862704606943,46.136944886573765,64.69760874562004,22.79209538535314,1.0190285726631734
243,24.3,away,63.49106749168354,31.45850955199154,45.660758906414834,55.537937563438454,20.060175725801376,1.1742600299477373
243,24.3,home,44.56767560759523,31.447154283375767,46.0575562770369,64.45556306284695,22.794404636233917,0.9591497310155017
244,24.4,away,63.50867659996833,31.453636210982403,45.753565903605036,55.50998439459277,20.05790355162675,0.9041495320293671
244,24.4,home,44.53001199873889,31.424585116348304,45.961842200076134,64.43953546349135,22.80721687029519,1.2288753936315773
245,24.5,away,62.264262529952305,32.41790122754094,45.662441921560756,55.6912816827867,20.270849525731272,1.2442382989258263
245,24.5,home,44.40050988144935,31.443730465145435,45.8612307188969,64.48299255545125,22.809626072604637,1.4989813107294905
246,24.6,away,63.522107922292435,31.538038477597528,45.74450848578947,55.449629469843195,20.037758663389397,1.0249202667937942
246,24.6,home,46.006199936736,29.30254739682797,40.560891085055275,64.57702011396913,22.311865614094472,1.362982823611949
247,24.7,away,63.53256671063706,31.53271779157872,45.76960595063341,55.19846864783972,19.989761669328253,1.1050098559428474
247,24.7,home,44.38940879764652,31.473082021225142,45.84903511800691,64.47632059750038,22.816026354285125,1.0319051349865884
248,24.8,away,63.422622680392436,31.52051669799164,46.23484271261014,55.58171050054011,20.077771043687665,0.9042623929458448
248,24.8,home,44.44067646179037,31.44536893023744,45.73781210269718,64.59464087481214,22.834963819954144,0.9860099332745413
249,24.9,away,63.70071105561554,29.885201422281682,46.120275586933545,55.322720349873094,20.364084778079825,1.1400161971061618
249,24.9,home,44.4648470001861,31.482878178293834,45.7175182828196,64.40335926142727,22.85149293874266,0.907422259088939
250,25.0,away,63.337469979385816,31.501469434633773,46.115307910345365,55.14664423360509,20.016334892343835,1.015501225772298
250,25.0,home,44.40375190178652,31.501875239492232,45.739961194301,64.6729371614638,22.84221228870157,0.8116646294778352
251,25.1,away,63.31196450817756,31.50677177889879,46.09487184032578,54.91647021247352,19.983227755493353,1.1066640169324276
251,25.1,home,44.40874867272299,31.478381413294542,45.794404013522836,64.80460978607486,22.83267968706359,1.1443771410957801
252,25.2,away,65.27913770593806,32.6947314449729,45.9164375702705,54.85690676241266,19.561287075127616,1.2726651670261149
252,25.2,home,44.35278663919149,31.531330410102598,45.74098620333147,65.13358343338776,22.862814044293945,1.373575033686934
253,25.3,away,65.21153813850376,32.72712416284695,45.90768093681422,54.70258653310619,19.530455393236796,1.1774050654822052
253,25.3,home,44.32689021477329,31.536624087703455,45.54741636354734,65.10468382766084,22.8553354065573,1.2153827867323526
254,25.4,away,62.052609966986424,32.48752399008379,35.6878116812562,54.74683880099044,19.369484456941752,0.9069786179474251
254,25.4,home,44.416347680095924,31.546987751121602,45.64767430054115,65.0325683035636,22.878502255924317,1.4092170407897011
255,25.5,away,63.11821409131597,31.583950495167816,46.04017032871212,54.860984008389245,19.9531502444068,1.524503247405561
255,25.5,home,44.428727037639334,31.541751723568908,45.998264697814236,64.77095022705367,22.829400034186136,1.0938685072199248
256,25.6,away,63.05087281676808,31.64754772882236,46.44013200766555,54.81499647510013,20.004655887711166,1.158802573935979
256,25.6,home,44.359623619919006,31.51349371751709,45.89400276315051,65.03414019718257,22.879670963415105,1.3424919370496002
257,25.7,away,63.07237097682785,31.62364939157085,46.35146970310208,54.4276466541512,19.970441663237356,0.9193672426290671
257,25.7,home,44.267505675932306,31.5809665626275,45.651583171995405,64.71879313666996,22.85078381774832,1.2519573997072768
258,25.8,away,67.56042140376746,33.0633634534015,46.254553662730615,46.300162853764796,20.670885474555106,0.8989223622626838
258,25.8,home,44.22026228849356,31.625329893598177,45.835079885751966,64.9081342774811,22.852491633656307,1.027966964194779
259,25.9,away,63.06874453132566,31.619762701542722,46.440441154407864,54.38456142765151,19.95844049639105,0.970091765805785
259,25.9,home,44.17444252734549,31.672812085225484,45.846034497720105,64.68449900877611,22.851870630248605,1.2854708398809007
260,26.0,away,65.00721809383916,30.213115942836104,46.32545395342348,54.50750629248566,19.471605794071824,0.7123146342674216
260,26.0,home,44.15752406446831,31.689016011875744,45.893979834075076,64.81467807381797,22.90606385203657,1.0414390749632694
261,26.1,away,63.094310726193086,31.66652149946169,46.445394241684426,54.596538509741904,19.938672294878277,0.8329791386280601
261,26.1,home,43.71058643925309,31.510131869165008,45.76833227750014,64.8388036189238,24.738660311447365,1.1707083991286549
262,26.2,away,63.098831447816195,31.608894480104357,46.473034107634845,54.398842431847555,19.927217972861133,1.2585902915539662
262,26.2,home,44.09822104700043,31.663540091518858,45.85559310392959,64.97835765485324,22.95094944117295,1.128999240007348
263,26.3,away,63.03056310733415,31.58775530373937,46.78106691217118,54.013472635616104,19.90046557093311,1.5175432397706516
263,26.3,home,44.02038197268656,31.66487663401048,45.88550713992554,65.03962468894603,22.963400917033926,1.181938446598071
264,26.4,away,63.01462147718364,31.53459533275865,47.06748740776466,54.11446811549819,19.91967207063896,1.1311243655201535
264,26.4,home,45.62445205237002,30.967663089105052,45.73890831218968,65.30066515217233,23.29625916388123,1.3687164864095254
265,26.5,away,62.990751216715424,31.508003479184172,46.74143752990907,54.12688930815993,19.894665774908788,1.0354551066792121
265,26.5,home,43.912377852552986,31.81339296100982,45.83207025178457,65.30093693097778,23.01374293616718,1.560693948036738
266,26.6,away,61.76728057841897,30.80413527841688,46.82612801638536,54.1014505055151,20.35525077977822,1.1203577473849977
266,26.6,home,43.47358817796536,31.627614799835975,45.92654690738048,65.36200828666118,24.804286642812443,1.170633322631629
267,26.7,away,63.005840425828254,31.547824133335574,46.82047639288427,54.170843363142836,19.877313572688543,1.1389807119608082
267,26.7,home,43.94277150020038,31.861932930803412,45.903204306872844,65.20657308957607,22.97032074011984,1.1769723109137658
268,26.8,away,60.31773522312106,31.755199159674778,46.62722893838313,41.43315560215338,18.990952578451278,0.8441676047913637
268,26.8,home,43.87381990238107,31.853806182441748,46.12117146303845,65.24211389812734,23.01814663246709,1.6405169939264177
269,26.9,away,62.926314510091316,31.498764045093754,46.80274851821271,54.31758404653406,19.869165163468594,0.7017974177701789
269,26.9,home,41.33520242403057,32.9785642261087,46.13796700243624,64.96316573368294,22.417043481560786,1.1668900370299382
270,27.0,away,61.734670152778804,33.97975968018071,36.227148018960335,54.12104403873525,18.90249422238194,0.8854077810736032
270,27.0,home,43.7905619054115,31.795975730617236,46.25369998848316,65.03151088766394,23.002497554963487,1.2319011717728483
271,27.1,away,62.88433151340243,31.51009397732871,47.02614503014007,54.21986242106269,19.819065135886564,0.9108836869704796
271,27.1,home,43.75181681666061,31.80470455194833,46.52424149753692,65.14615507701978,23.008394191904504,1.0653386502892674
272,27.2,away,62.86922555850047,31.50972883031182,46.53091998555024,54.3120037319862,19.791396152672462,0.862523594079984
272,27.2,home,43.701149476494926,31.856530392111754,46.23190206722126,65.02249514430105,22.992069229357273,1.0209826746239914
273,27.3,away,62.85602779487345,31.498007787542637,46.24977907855896,54.33864016534538,19.73161130107021,0.8400469477170376
273,27.3,home,41.243641531985176,32.96812794992231,46.14831838325976,65.22016817677334,22.48605103606848,1.1599887157662496
274,27.4,away,63.057937856394574,29.917110163930335,46.14270718755718,54.20470161229892,19.995557406866485,1.0386189168511106
274,27.4,home,45.39840903566808,30.93099984316593,46.021797605624705,65.15907242662917,23.259016724719295,1.2119311586678085
275,27.5,away,62.79518212469318,31.549305053270587,45.9467159965115,54.32622988796784,19.707597461961804,1.232906399460677
275,27.5,home,43.728905432319486,31.721745937694944,46.08161238069308,65.04346279292308,22.96164200849269,0.9590573771439043
276,27.6,away,62.70306292464279,31.581476782842866,45.964844325841554,54.048118133214544,19.68771357639007,1.0895949584894535
276,27.6,home,43.736131463171006,31.66606813082781,45.927185913169104,65.14413134389594,22.946324851983803,1.0489474968961998
277,27.7,away,62.70394579621304,31.593754517738727,45.92484897411168,54.00461356776762,19.71092531519502,0.8352566648214945
277,27.7,home,43.786748703602036,31.587195022310922,45.70521994185853,64.98832129996805,22.881197781796207,1.1125488980899783
278,27.8,away,60.09151377162556,31.892656988929758,45.970546190131245,41.190141790429834,18.790963266186214,1.0040232666771156
278,27.8,home,43.80533407744383,31.645774494394246,45.708580033666166,65.11915251456779,22.90109776114992,1.1061727894697249
279,27.9,away,62.744259716658846,31.654169272285344,46.04384345551637,54.21492202631769,19.750175861112357,1.0877631379493484
279,27.9,home,43.83888644800913,31.664601313732234,45.6280301181937,64.89903740060477,22.899310113362404,1.3386249158039092
280,28.0,away,62.68979192413263,31.671199664214523,45.891763971194344,54.172494818951265,19.76213400070608,1.2610840824760288
280,28.0,home,43.849936633023546,31.69657575254561,45.29861775526373,64.77326081393566,22.898582270674048,1.355634157302414
281,28.1,away,62.645791703755734,31.628789955588136,46.04945586824007,53.84694541426129,19.738187120661227,1.0915712549333099
281,28.1,home,43.84599376206111,31.692343195736612,45.342748542216995,64.70101152456957,22.931568764073628,1.0115911652187932
282,28.2,away,64.58629721109317,32.829853919101275,46.10982195583641,54.044597060359244,19.39097474776377,1.0147185971375148
282,28.2,home,43.79918803751081,31.71178891504006,45.439820371904574,64.63948408009931,22.918893518484627,1.3147764438666802
283,28.3,away,62.58447171920761,31.664234970018548,46.47381639850374,53.98872869870429,19.78478196806717,1.6270450952567765
283,28.3,home,43.161373078848605,30.159088601314426,45.61046352516941,64.8463563778554,23.43189064506193,1.2963372698820328
284,28.4,away,62.59364240772197,31.663936470820897,46.666515114153135,53.98989877859127,19.76674574490018,1.62483171724568
284,28.4,home,43.746798493137696,31.828686548017274,45.60103388698469,64.9733071241811,23.002766361758827,0.9399371916466083
285,28.5,away,62.538462818560795,31.66881743561352,46.54045277685579,53.99003200543947,19.709405756114585,1.4427949236716882
285,28.5,home,43.70176370275911,31.846878655545538,45.835759917004935,64.76944252953106,22.988184138533214,1.0260041805512181
286,28.6,away,62.5260205315029,31.713919697292546,46.71750475474927,54.46013525261769,19.747365659447834,1.2778571103061411
286,28.6,home,43.18716598215908,31.74988253035441,45.848697429399664,64.75863633698769,24.782488678912024,0.9473338684621788
287,28.7,away,62.438856946306416,31.74435239261194,46.77001575394077,54.5738566142471,19.754812154902318,1.091843436329751
287,28.7,home,43.653779105402165,31.909266056960668,45.887765949070165,64.90129980894426,23.112559183562862,1.2406255457566961
288,28.8,away,61.26049346449106,34.1156515853729,36.055979611011324,54.63420635009635,18.837405514208196,1.0502053106302622
288,28.8,home,43.562167163197195,31.855923623284124,45.81829508888906,65.11469382677382,23.09583469333967,1.2476964758794364
289,28.9,away,59.78845656986416,32.04707457430034,46.559971726856375,43.32540541967401,18.942235235718865,1.4613138987760443
289,28.9,home,43.48670384001047,31.875513308645143,45.981904133617086,65.28746784779763,23.099399593428902,1.270245748047024
290,29.0,away,62.418611037463826,31.856887582093517,46.51853648955375,55.142689342058056,19.708342983970386,1.1712202157204539
290,29.0,home,43.422151135746944,31.885521937472106,46.11080204494953,65.27018220117537,23.096270694398974,0.9094827719341055
291,29.1,away,62.387781378916515,31.853648380435583,46.600084025640804,55.22594721327424,19.7104995965465,1.1422845766989118
291,29.1,home,43.48626695120739,31.92416686023917,45.97055303809296,65.17678761112654,23.038409578240245,1.0356642820226099
292,29.2,away,62.33819858487793,31.869922682557068,46.6122258539445,55.07585024456889,19.672582251598634,1.2153290674275155
292,29.2,home,41.0478786881156,33.11477377131968,46.03367145022975,65.14915241486898,22.570677962269794,1.096680746986543
293,29.3,away,62.35639749088628,31.91998674959642,46.15791881821772,55.04478507857888,19.669799757289187,1.2024223623386399
293,29.3,home,43.44801659152629,31.90131086921612,46.00845970211323,65.24373057559711,23.01857399843716,0.954931727308627
294,29.4,away,62.35997227323199,31.948593501799255,46.37988288156666,54.99979233534174,19.70180409747101,1.1917991489334054
294,29.4,home,43.39929854285494,31.93354969704797,45.98403494697896,65.44211325464235,23.042313278249548,1.317812330783436
295,29.5,away,62.30829726758489,31.922027413674687,46.55280144786849,54.921799133004754,19.669978853851852,1.133781899528134
295,29.5,home,43.354285109926735,31.926831515507164,46.091336348423866,65.51341343968946,23.065246154740574,1.1452154478379553
296,29.6,away,62.36518478949013,31.879597342788205,46.401885074757814,54.99598506979757,19.728624093122907,0.8431869088042188
296,29.6,home,43.35354713731289,31.917956398457054,45.90895062234901,65.20588631295082,23.02141206858165,1.0349649410433965
297,29.7,away,62.39235145173143,31.90975136293556,46.61739715165245,55.02317973631969,19.76797741552963,1.0135476119141271
297,29.7,home,43.328453977587806,31.95916603804036,45.9545347492642,65.14954507232565,22.977999786716246,0.9930555734247757
298,29.8,away,64.32849669472498,33.07241453698643,46.70942078416418,55.004647954641854,19.397545246133756,1.1518889687145653
298,29.8,home,45.07790413948954,32.916737706041786,45.90259049729744,65.16822115733802,23.09176984706224,0.7995307028633071
299,29.9,away,62.30482889264301,31.938179366878273,46.81373220893387,54.77694317213202,19.749574298309952,1.413267647913953
299,29.9,home,43.310026392434196,31.973715520056825,46.051958276370456,65.06871669673652,22.96758430901115,1.0864281573030823
300,30.0,away,62.23283977004498,31.906860000685494,46.856691904181865,54.69245197156469,19.774438650915037,1.1441220748226304
300,30.0,home,43.23990532106693,31.933540348863712,46.311437280414594,64.99430798473566,22.953543272019644,0.9606579166818723
301,30.1,away,60.761537215282544,29.652140437261245,39.651018173318,54.54658777392309,18.98615208392754,0.8775370265502682
301,30.1,home,43.168941241218874,31.920631841740818,46.03474573852542,64.91208245778243,22.917473266157184,1.163955679071795
302,30.2,away,62.1942633383255,31.914670538721342,46.589102093757255,54.85491559550145,19.774713572315996,1.1006189420992543
302,30.2,home,43.10291090677056,31.908288539416333,45.951739193041554,64.75539204940246,22.92166673517228,1.2843022906976818
303,30.3,away,62.10689843329249,31.942382559917952,46.521316807699336,54.98681517548347,19.76165551437015,0.7552299960557011
303,30.3,home,40.578018048187005,30.628509171099807,46.084244735864836,64.37310351853412,22.3022028019918,1.366291812805065
304,30.4,away,62.095664484350216,31.915814293810396,46.49958697707834,55.02273922803525,19.78075898495396,1.1391873798039975
304,30.4,home,43.038483830726484,31.901377848377447,46.14799068990773,64.43124111823109,22.85370986378896,1.1492008019725006
305,30.5,away,62.02792346940499,31.89719854669266,46.429535383042065,54.55773171180879,19.685507818608627,1.4945637132219451
305,30.5,home,42.98089856346473,31.90324762802462,46.21408965615938,64.41287461709578,22.824815234009975,1.0216523947515674
306,30.6,away,61.896013996285426,31.930840503013588,46.48136816074918,54.615263529684874,19.67511978650732,1.4726437404582293
306,30.6,home,40.470827864614165,33.00417006176092,46.28449749160035,64.45542642706329,22.323760142985275,1.0219144358205203
307,30.7,away,61.851633306594906,31.92090332188417,46.58853902014846,54.401344508140156,19.703352010823878,1.3163776470693818
307,30.7,home,42.93198033252032,31.898003431432958,46.269583817541886,64.15831937475266,22.79052143102785,0.9732803473457546
308,30.8,away,61.86246088267935,31.88581929281276,46.739509718814375,54.58616904389856,19.83037948874215,1.0617495635608254
308,30.8,home,42.941992649144375,31.915658934420925,46.363959177876154,64.47814661361133,22.833944891389333,0.9090325651611458
309,30.9,away,60.349792505328864,29.65518383730177,39.74595720179206,54.79549322286465,19.11050654832848,1.1816432346944863
309,30.9,home,42.911221184079345,31.91510006936755,46.11010261553268,64.49025725597308,22.829014033972804,1.0305236115163294
310,31.0,away,61.80294402573033,31.88404011093105,46.45544959664474,54.85350882791813,19.81778717814472,1.06490546143809
310,31.0,home,42.88464652760419,31.943083044854642,46.319515647502826,64.36506518412025,22.812477716949353,1.0948792398351899
311,31.1,away,61.77894323010671,31.88496842868968,46.70049321892133,54.83542392964371,19.80692614926266,0.8533046654766967
311,31.1,home,42.842953396268996,31.99826501886356,46.533580165770715,64.38334256795983,22.857953638792047,0.8692332228767454
312,31.2,away,61.75187302059081,31.891456142979667,46.821124233707835,54.68728807940183,19.841409835876433,0.898818436044441
312,31.2,home,42.84154657015137,31.9479472792572,46.5236177631455,64.52132991501966,22.849655451148283,1.049712869259778
313,31.3,away,61.75334645311909,31.893653705280954,46.59722711881923,54.848349327597184,19.860541421578144,1.129221010570429
313,31.3,home,40.343722418531875,30.698703135424477,46.444080934350026,64.43696598662993,22.349503394680088,1.0634241189251132
314,31.4,away,61.69898919897093,31.892761929803967,46.59146677343292,55.128549346837204,19.864475475750723,1.0924349277124086
314,31.4,home,42.77839382345035,32.023753233281965,46.394618336187236,64.56429257589444,22.872204687395154,0.8169729346717137
315,31.5,away,61.74179177504244,31.92629544468413,46.638431423319076,55.15295430837878,19.893405163968954,1.3005180487598846
315,31.5,home,42.80143330267523,32.01129060066259,46.334784909988926,64.43905008878376,22.857948936010704,1.0558765385329218
316,31.6,away,61.73337021197601,31.947062532875552,46.97572205842882,55.26186657781754,19.96609188240873,1.0580630884441253
316,31.6,home,42.72163321608408,31.984694822865666,46.36902212056719,64.32764877601196,22.838458732421877,1.3828737158061917
317,31.7,away,61.7033182504714,31.95979290398136,47.23887963283573,55.225098438056236,19.941702842293555,1.065043556371435
317,31.7,home,42.643365817982804,31.998725711577666,46.30685949798704,64.16379578393293,22.814634701459298,1.0748639958658674
318,31.8,away,63.765717157098514,30.68694635685231,47.08550216130635,55.31673147246797,19.476244938176606,1.1028721857193597
318,31.8,home,40.06313110298093,33.187193926134526,46.515341091807876,64.1987543178523,22.25459049978525,1.0982990006205642
319,31.9,away,60.2880399920174,29.665836496676082,39.648688400482406,55.62150987753219,19.217687612012323,1.003834170664898
319,31.9,home,42.5554234867006,32.021564505972734,46.27429126989749,64.34462033859431,22.826445463020356,1.317260809578496
320,32.0,away,63.70464898868289,30.692345166718564,47.01236983343368,55.66509812886368,19.542026594431157,1.0344267797450537
320,32.0,home,42.616129421800856,31.969655080207676,46.175357326662784,64.30372074109792,22.81836054800149,0.958360797802952
321,32.1,away,61.93528038703086,33.37032779075185,47.05627458810139,55.81891036697701,20.551997013087565,1.1487930625665357
321,32.1,home,42.573437194932445,31.961349796479173,45.99918415842288,64.37686896362656,22.789723902098785,1.082711531531137
322,32.2,away,61.61741493593954,32.05362796161284,47.169004669441044,55.880512809088586,20.068651594253666,1.0142918528173799
322,32.2,home,44.07665059317533,29.670470028926122,39.09085283503617,64.58455106239721,22.20499993626016,1.2924369529879782
323,32.3,away,61.617927158049675,32.02961626901156,47.109092784408844,55.94262654845109,20.141458472873236,1.0487208732136588
323,32.3,home,42.529260436632846,31.9012314872073,45.96066393313369,64.4086615334629,22.768520179946407,1.1989801260737019
324,32.4,away,61.57933398416069,32.00520424412674,47.039767443348296,55.79224567639497,20.10396774103772,1.1870486866932588
324,32.4,home,42.48172430172126,31.90687065067898,45.69101736721197,64.44435214256676,22.72175875682345,1.1458168490963312
325,32.5,away,61.53886692698529,32.00456219963738,46.76931967378901,55.66329369645727,20.037740806386246,1.2237691394889136
325,32.5,home,42.446389934460264,31.99286497504727,45.87768336872321,64.43985780747037,22.718261179261802,0.931028849230159
326,32.6,away,61.467277225717226,32.03593208052605,46.52742325053002,55.80660986581704,20.05370559375521,1.281712857021788
326,32.6,home,42.47127267363822,31.972392619624205,45.694102494609524,64.29992942761496,22.67372316139292,1.0633726529628222
327,32.7,away,61.38560215420458,31.96706827978413,46.460900792128555,55.74584628325886,20.037403704451123,1.3278426991731376
327,32.7,home,42.49524582134182,31.9510757674354,45.60418244791912,64.08599733556878,22.689803139204873,1.0793789267452867
328,32.8,away,63.37343051533812,33.2596374971951,46.34884629840004,55.75771336118991,19.53532354637179,1.2568610643206148
328,32.8,home,42.48492885086401,31.899965303865212,45.6379122356945,63.96951048580764,22.674724086136994,1.0407667505940708
329,32.9,away,61.36177037956341,31.955371189573814,46.2001322721285,55.631611076232225,20.010346551882563,1.1062401739210477
329,32.9,home,42.42866544018619,31.936750719130114,45.67165479577973,63.96302181399395,22.649909467541615,1.1549406857612317
330,33.0,away,61.320393798197735,31.984807736739718,46.09645258682814,55.61534497382128,19.978066120228206,0.9583796020032245
330,33.0,home,44.153105009104486,34.2397988366412,35.4810837414809,63.848426254227704,21.626322637836317,1.009482929730348
331,33.1,away,58.85373745182085,32.20871419099532,46.06244775345379,45.54823400275889,19.434402551377378,0.7937528209270475
331,33.1,home,43.13233462568193,33.531278976714326,45.75234212243148,49.64383240830952,20.868832237201186,1.1072452400087556
332,33.2,away,61.32453620191367,31.978745353778326,46.02532979808926,55.64757648337749,20.03149893253286,1.1142401546253227
332,33.2,home,42.356045599201096,31.88329655001321,45.75623884977133,63.5611952709429,22.524450317762984,1.3853371130722527
333,33.3,away,59.776598469253216,29.72724894872036,39.05491271022124,55.55698790544545,19.377824451276172,0.9626136480980438
333,33.3,home,45.64480070554328,28.542892001246898,39.17197026322796,63.699983774641616,21.930492314383415,1.2407868700761446
334,33.4,away,61.235019426962864,32.03483496063146,46.13366291742006,55.67825209362576,20.099847654047824,1.0078409357416904
334,33.4,home,42.392363951848715,31.88065724115144,45.576967475431275,63.70296850409844,22.45672603311882,1.1070686502654783
335,33.5,away,61.23156249882255,32.05258016680992,46.21664978811576,55.57194287887061,20.07273602748518,1.2055503662205747
335,33.5,home,42.41301992341944,31.847764580424382,45.64010023860123,63.79217040775378,22.456610598408634,0.887943713135686
336,33.6,away,60.04157501648619,32.96688529841123,45.82691348550814,55.62569900403826,20.295326307195797,1.1754171114457925
336,33.6,home,43.935917775663725,31.06586043829367,45.87116689687018,63.68128886089108,22.7646935272766,1.1240061037081854
337,33.7,away,61.28726255893548,32.013572921858845,45.83135524518994,55.629728942055806,20.049229885642024,0.9580432115628941
337,33.7,home,45.608699491130274,32.05346340918788,45.82913136537926,48.86806062810978,21.008200048949224,1.0856435006785186
338,33.8,away,61.26587161227453,32.03959067062873,45.90899392539564,55.58611037500623,20.059749556357428,0.8202083907043568
338,33.8,home,42.46050833435901,31.857057300582028,45.84146597823068,63.59773726311064,22.37650812937468,0.9695261924462961
339,33.9,away,61.28192022394448,32.07024866961478,45.99770225687463,55.64845655000039,20.10245272940219,0.8577467243814244
339,33.9,home,42.48200930640264,31.877668912171725,45.730609243910216,63.550914985928614,22.34749431470524,0.8520280385773481
340,34.0,away,61.28579743583003,32.04679800574299,46.126589256433505,55.866347615651925,20.168490154587605,0.7303671655658633
340,34.0,home,42.493169108789786,31.90422245734662,45.6569337279611,63.42987593375561,22.343967807138227,1.145102000086956
341,34.1,away,61.28592540729922,32.07647600872553,45.865123769128125,55.866513408256296,20.13787217665195,1.1904730058344506
341,34.1,home,45.73844359631769,32.07918613043004,45.56320522769041,48.90944407705052,20.988288380926086,0.850610386266007
342,34.2,away,61.35287340917117,32.047674489333524,46.14957988989139,55.92418425573919,20.098623632421592,1.0998653554508389
342,34.2,home,42.586879715749234,31.97465872442821,45.68069094013254,63.29236128281445,22.339647740118505,1.145880032956645
343,34.3,away,61.36434859752206,32.056441430905494,45.99190999557879,56.22214390399061,20.129159208966453,1.0469490292565546
343,34.3,home,42.52065802635111,31.978249213289118,46.095253985736186,63.07417024221351,22.342225850655435,0.8800735584526584
344,34.4,away,60.01085867723,31.170647250137154,45.72506596147319,56.38075627538487,20.388225015715037,1.2640671580018579
344,34.4,home,40.19324682903122,30.738619327536462,45.99523072664635,63.03319175488097,21.895068622490278,0.9396132155872353
345,34.5,away,61.424728331085745,32.0470217504247,46.10064002013267,56.45399555266367,20.18981065042604,1.301988337329308
345,34.5,home,42.54384165560753,31.97457493630895,46.035535322558424,63.26746237627905,22.294097935394873,0.8926913824475602
346,34.6,away,61.47603353102752,32.05381607440969,46.31979791767536,56.49599812603857,20.2075188803764,1.1963831526311757
346,34.6,home,42.54319293837249,31.96391935831627,45.95686890599947,63.28645042642837,22.257882291214035,0.7550188787225821
347,34.7,away,61.478515134517465,32.11009103199311,46.378240366774634,56.58138002188899,20.20758110547434,1.3266491402201783
347,34.7,home,42.578832530027796,31.959948531406663,45.790564140669915,63.237055992263514,22.22831913036358,0.8250636899854328
348,34.8,away,60.11376465340252,31.180258634292773,46.13436598029989,56.54869264792309,20.441800988244044,1.1238428681039427
348,34.8,home,42.63001249938607,32.00998142946259,45.96120391524529,63.27156956185799,22.208931392754643,1.0531739350052371
349,34.9,away,58.66939645404308,33.6174294651939,36.5969455850523,56.623836925612466,19.74644020004669,1.0055856354256871
349,34.9,home,40.29055031691285,33.27849922137439,46.07855769200218,63.335818500476485,21.710903253645846,1.0186838787741435
350,35.0,away,61.60433945692384,32.07180421607003,46.269390889957144,56.94479863660719,20.197048470213854,1.1154851403553323
350,35.0,home,42.58062802381994,32.01406081199854,46.41955169821743,63.54082040722676,22.245275264599588,1.2619208136413054
351,35.1,away,61.581747662170066,32.072874304256516,46.0919931086329,57.04656517982707,20.225688244118377,0.8158782479575399
351,35.1,home,42.555927046539566,31.936011469723326,46.584825188213244,63.63581510149352,22.24515272351339,1.1128458967729582
352,35.2,away,61.78270572626212,32.005686185772234,46.23723633181118,56.906309828691946,22.07209970278695,1.0938202629503622
352,35.2,home,42.58838297213732,31.965802685853795,46.30814986969388,63.51704272240017,22.210972861222928,0.8488600384571572
353,35.3,away,61.79918776836665,33.48092990586296,45.97511920245397,56.99255194032342,20.852450046077198,0.9168938281178827
353,35.3,home,42.60995751349188,32.002920028778355,46.29579927980888,63.40924561186966,22.19956479623232,0.8217318868138463
354,35.4,away,61.57294734726707,32.083327613601426,45.90399298104385,56.74753456406626,20.24918191549201,1.0051264620671456
354,35.4,home,42.57609552639144,32.04025003622336,46.03812129365194,63.184936978663956,22.1317829722165,0.9571043179620514
355,35.5,away,61.562950321161345,32.12351654171133,45.76401702363229,56.78884178309593,20.26524659321188,1.0089864380746982
355,35.5,home,45.811604796518466,32.16271467465732,45.86502344682365,47.80891991711371,20.671000170778832,1.373889210739128
356,35.6,away,61.58392611927042,32.0900499115624,45.694052002354994,56.98411465314175,20.331029325722774,0.894809538262157
356,35.6,home,42.53244043179932,32.03538623482017,46.16781097104766,63.08362454013361,22.093459969894024,1.2182748134648287
357,35.7,away,61.60434714628288,32.09903827622902,45.82685488662663,57.000194359324944,20.37492693006328,0.9810303665448409
357,35.7,home,42.46934084641062,31.967343666769224,46.09105676796793,63.078653034746424,22.06561154256838,1.0223212223604599
358,35.8,away,61.58621388868617,32.04206670621408,46.02497385590756,57.01205722422286,20.40823748269915,0.998435404553663
358,35.8,home,42.514920542565,31.987250200060206,45.936921113087415,62.98563399881867,22.041716001981612,1.146109876663784
359,35.9,away,61.592570468220146,32.02366167943623,46.07322930500131,56.861552698703974,20.414587438266544,1.244240733255994
359,35.9,home,42.547189750737665,31.934530756850133,45.77545071462333,62.6374391091778,21.959568656603377,1.1421755278788859
360,36.0,away,61.576695026994734,32.07333639794066,45.97209386861098,57.16243566744569,20.483767712363072,1.4743886732215954
360,36.0,home,42.618423836978735,31.957420839791347,45.50198943906432,62.55078283592826,21.91253100944685,1.1249717227549445
361,36.1,away,61.52686473935551,32.0437684879419,45.46499221604955,57.47619946578343,20.464152056511125,0.9457875468391781
361,36.1,home,42.619792845760415,31.91818463659647,45.44452294800575,62.62898179666043,21.879433540136635,0.9799656048726795
362,36.2,away,60.095321460274555,31.10103384123361,45.736441156221346,57.36346414972886,20.742269736816972,0.896056717278188
362,36.2,home,42.62097147495253,31.936795805449865,45.44639647047178,62.53230096045256,21.829368980384416,0.9074749355462178
363,36.3,away,61.70408856830104,30.48058654756768,45.71719347298004,57.60348521752283,20.96432592668384,1.1367004598660826
363,36.3,home,42.669750198917264,31.898077288068542,45.539933161647994,62.53386837011484,21.87774694459522,1.1190367759381283
364,36.4,away,61.53194202079938,32.01387264233689,45.72623135076474,57.75664060062459,20.54407809090617,0.9609687585161346
364,36.4,home,44.1860653262519,31.05871798172517,45.91734359741028,62.44576728297086,22.163498494064775,1.143626240186481
365,36.5,away,61.61218157417605,32.02875577416144,45.613133167121774,57.63728362698694,20.53509741853686,1.3285257627515294
365,36.5,home,40.546359331107666,30.785857634792205,45.72483857343584,62.140250041320186,21.47487394627762,1.2113946576117223
366,36.6,away,60.41383779891464,34.30122842589974,36.68298548637159,57.93087162487413,19.934386131105054,1.4774702001081668
366,36.6,home,42.83247139634687,31.965547037815483,45.811964068177744,61.69253062860567,21.829182426880816,1.1084486795630601
367,36.7,away,61.66163996629621,32.0598050935834,45.53416866333929,58.03487547174507,20.643944295204864,1.1321885905509468
367,36.7,home,44.19258175029456,29.604713821788607,37.244823672220924,61.4623943963723,21.132578015048235,1.0227340093024773
368,36.8,away,61.64400603536157,32.072185031408765,45.420324302459505,58.04072799759912,20.667505288886193,1.0180561866118885
368,36.8,home,42.838500702835894,32.003378904025055,45.72360068323733,61.535795557324974,21.822210086456796,1.0105157215866438
369,36.9,away,61.84245731093447,31.97390721588543,45.31594057345117,57.81902241338112,22.453493210534166,0.8851291529201959
369,36.9,home,42.82176381697636,32.03110554724029,45.84695487760006,61.145541701738054,21.77186901238829,1.205530070741559
370,37.0,away,61.66814615938876,32.037260006351616,45.52483910438279,57.83168170896634,20.64967050433281,0.8807284766686401
370,37.0,home,42.83579619661077,32.047105697643055,45.996350185234846,60.77888886929312,21.71870455320681,1.24018319504569
371,37.1,away,61.64121638446821,32.018986880005265,45.745829874620306,57.91433403872815,20.695977956447134,1.2486616242677386
371,37.1,home,42.32990144318182,33.404290888808646,46.10967826956047,60.65800379509815,22.333927647678898,0.7915647247020937
372,37.2,away,61.611025423912814,32.00154767050291,45.81396349988376,58.032661621014384,20.741408995319077,1.089480936090795
372,37.2,home,42.79115971946005,32.05637485398127,45.950302295841624,60.589533225290666,21.672453312013104,1.023881828046515
373,37.3,away,61.649622657627965,31.995019382368927,46.04106114979498,58.112020124799635,20.75300436626446,1.0334534024614692
373,37.3,home,42.78366551434135,32.0403925397686,45.67374610576174,60.33931020544733,21.58941943042434,0.9519418866767345
374,37.4,away,61.656647221071744,31.92215894727804,46.08304150795408,58.37005137707051,20.803752379578214,1.193211799237723
374,37.4,home,42.768239236069704,31.992480466851347,45.595662606994104,60.474287196843186,21.608530231436973,0.9932671557085325
375,37.5,away,61.84218416999971,30.36605055803549,45.85173399069247,58.23745942446917,21.2420506303173,1.120801957527343
375,37.5,home,42.218303142546105,31.93128691679445,45.57451899342331,60.954669586342206,23.146600628622927,1.0931129425623607
376,37.6,away,61.648993452121516,31.887268110246044,45.85131725052926,58.36733342844245,20.772266448221227,1.0964271697183925
376,37.6,home,40.5594543648634,33.41153485430755,45.45337671840558,60.79704493128118,20.977010549794105,1.085690814631898
377,37.7,away,61.65626004344381,31.87628384602306,45.7874730968272,58.63394223425811,20.80016370478288,1.254961843734258
377,37.7,home,42.82653809817482,31.98708284660852,45.56432575179838,60.80128443640058,21.541571668612256,1.1585217552685718
378,37.8,away,61.74357734618595,31.929206275460988,45.9595111439795,58.749342742424275,20.827886225363663,1.1123477326518563
378,37.8,home,44.10184955332095,29.61589246193243,36.80978258503149,60.84789436230509,20.789002200716816,1.0955533909115196
379,37.9,away,61.77907176356714,31.955080346897294,46.02086614863806,58.71478044281453,20.861377454555665,0.882102095367451
379,37.9,home,42.77789156593948,32.01997384553951,45.52693468735504,60.981294132879576,21.50301100009005,0.9063854553970131
380,38.0,away,61.81629355169125,31.99702845046622,45.946272632460534,58.99636439150452,20.878931036069684,1.1502480282541496
380,38.0,home,42.78315856963045,32.013067020161,45.46169515502302,61.15850565008495,21.51316413342615,1.0978348819514503
381,38.1,away,61.84009125567099,32.01789795182002,45.89311405021124,58.96176035576653,20.87844470639995,1.0695543413911839
381,38.1,home,42.20276694597925,30.506724061521332,45.314661690611395,61.016929953141265,21.92660682775329,1.1422765474758083
382,38.2,away,64.12376999793233,30.808831911033035,45.82224002272775,58.95140664465637,20.25457307437332,1.1417651877509543
382,38.2,home,42.76949274420884,32.01201819539129,45.38905875644248,61.16484222353878,21.44004117031681,1.1406628052904646
383,38.3,away,61.832030378166344,32.028776704017886,45.71864395754245,59.13537784931663,20.834835848229467,1.3717510943410218
383,38.3,home,42.75487088262354,32.04133241695256,45.41741356406457,61.106302714967896,21.339816514938512,1.2789467249299185
384,38.4,away,61.77268579436088,32.07206006787302,45.590059461315974,59.65219893384969,20.935674489221867,1.3582272309955081
384,38.4,home,42.74540310040139,32.075154116893216,45.613473649409755,60.8324058598557,21.319159169213226,1.0854834186062396
385,38.5,away,61.7264047705834,32.08809675769032,45.508792893683776,59.724874867333796,20.910315085653846,0.9064612040081492
385,38.5,home,42.69620720664285,32.065620560816335,45.42543043900858,60.90823041818001,21.33078152547859,1.2491726893034605
386,38.6,away,64.0137673811848,30.945516199072067,45.32455027722716,59.729332530018254,20.316674478416623,1.3173783378788502
386,38.6,home,42.721865293118555,32.11020901516586,45.409165219593255,60.716208110494605,21.268461285628373,1.1099374469620544
387,38.7,away,61.7036720603053,32.06486554432917,45.125781798735716,59.88869440141686,20.928773875253516,1.1196854841725166
387,38.7,home,42.7103616804147,32.12807763902544,45.3775698063995,60.66851163446643,21.229804407353456,0.9396014025317286
388,38.8,away,61.65957547039906,32.05135363956905,45.06839867437139,59.92880647580607,20.909009399562933,0.8843737012472829
388,38.8,home,42.675585361845236,32.11575017463074,45.33750712803393,60.50362678225452,21.171454587008785,0.623943218309797
389,38.9,away,61.67254977853049,32.04621715275105,44.96822711697378,60.102202657290405,20.977496827501803,1.043171067460091
389,38.9,home,42.672260687768436,32.09849370245436,45.29415063600671,60.34649196201465,21.153198864700812,1.0966540453507343
390,39.0,away,61.6755688373779,32.04256355889475,44.96079887142183,60.3742536500425,21.031616249687524,1.22704424837558
390,39.0,home,42.720649019241094,32.05731290095685,45.50554875345904,60.12111095576612,21.12638188876858,1.0315464202082103
391,39.1,away,65.05348352237783,32.23182804618724,44.690163336168595,50.20897189090102,19.645473871155872,1.426515531248662
391,39.1,home,42.68202303234585,32.05663272386817,45.29882380630651,60.0021632420334,21.09258941320384,1.2053837201771476
392,39.2,away,61.67216493556807,32.039611124799244,44.748395551634566,60.67683525187604,21.13914879308352,1.2662262874405563
392,39.2,home,42.26865747151344,30.535285596145627,45.36533822115324,59.792305262554244,21.613506618909312,1.0691617871723937
393,39.3,away,61.726314699327936,31.955652195502793,44.85996820271248,60.639229830838175,21.136536715062736,1.4092467438070597
393,39.3,home,39.83486109331456,32.26977141575178,45.300804663055,59.61005010595468,21.431582819686458,1.4782341456807742
394,39.4,away,60.17325064134237,31.048211877051102,44.98282184971568,60.53848123411396,21.3875706136239,1.2967235715283858
394,39.4,home,42.71933928091136,32.00387630591305,45.35432012335866,59.496618180825344,21.062899875532285,1.4684154474421087
395,39.5,away,61.763580212709144,31.945991558066886,45.40440627540323,60.63754218519628,21.252521993259396,1.2908435454732112
395,39.5,home,44.129608995593095,32.734997257876685,45.21945503465861,59.50584469442736,21.25572433851641,1.0580513894545254
396,39.6,away,61.76257425351733,31.974164505677983,45.55729815367192,60.484661267470884,21.278491061898272,0.8874060606256879
396,39.6,home,42.690693452905954,31.950176366126744,45.11237995307108,59.27963246287126,20.974559529642157,1.045634476060358
397,39.7,away,61.790730315961746,31.949160798425364,45.50223738417243,60.726441134300416,21.346773804569242,1.2702451098512089
397,39.7,home,42.70464985780613,31.907715490975452,45.30176889406275,58.98694823726888,20.950061120527224,1.2053970463749375
398,39.8,away,61.7416088675375,31.93965382201894,45.26418829469639,60.640331212226386,21.35419600438943,1.1548856234205382
398,39.8,home,42.69701990569157,31.858347017714095,45.522642030973785,58.64566231871852,20.909917765838795,1.2948700492998897
399,39.9,away,61.74119084224879,31.934980876731625,45.18644979443548,60.778041431075806,21.369605279756936,0.7932358731679215
399,39.9,home,42.750074488230105,31.919596646660406,45.359642319026335,58.738555738750435,20.858236752214637,1.0341067571349465
400,40.0,away,60.1555778866149,29.54414525601979,36.6386600812524,60.80099671339252,20.57581139588281,1.4402732071870117
400,40.0,home,42.78631140791821,31.937750858383477,45.392103434848046,58.37761254357959,20.8237289329628,1.3250390075083465
401,40.1,away,61.799382516933,31.927517967225732,45.28488728105937,60.65895255998058,21.276820925807513,1.3213857767164443
401,40.1,home,42.83613349986978,31.937903531123048,45.046105634351726,58.076338555768274,20.705280087784065,1.1367503601145668
402,40.2,away,61.8710180948998,32.0108863193835,45.17122461758148,60.52919059353038,21.309361819656615,1.2732049734200557
402,40.2,home,42.81837344672402,31.968715158074914,45.04511634464488,58.15021418336078,20.674459858162663,1.1304435675612892
403,40.3,away,61.94233903274616,32.01276968701507,45.338676767127026,60.7678054828715,21.306227596400802,1.3339788150641363
403,40.3,home,42.870869943157665,31.967673742803257,45.03239492835137,58.116536292259475,20.674099864967364,1.0076075366899133
404,40.4,away,62.00952785595203,32.00160510691975,45.055531351460296,60.804523017294606,21.239885023755846,1.1965524052846928
404,40.4,home,44.22874485310785,29.621743325122754,36.40728240745305,58.08038670859091,19.941321795412186,1.1818079922014253
405,40.5,away,62.071119007951346,31.97339521786657,45.16353503359434,60.92474483874741,21.32505365321789,1.2410450491409477
405,40.5,home,43.027268704004946,31.93018404639025,45.14942587651924,58.03243608250808,20.696951287141456,1.2036632374200462
406,40.6,away,62.13767200088524,31.93736712826764,45.1433544771876,61.06991044414481,21.337548110130772,1.2578116445652059
406,40.6,home,43.141591624549115,31.957577778405525,45.023617816787805,58.022507390018504,20.63795112364788,1.2467857800467228
407,40.7,away,62.20252643715174,31.95052827541414,45.084346821962754,61.16623619525291,21.35078058848791,0.9509248580932023
407,40.7,home,43.21904355559723,31.93257997317625,44.75249980093013,58.166999260876715,20.646926176829115,1.456073031664509
408,40.8,away,62.20450929940614,31.957918849865653,45.13654470963625,61.142538335697864,21.413676323201727,1.2963006996880253
408,40.8,home,44.824314648267695,34.016986501126794,37.28336929110922,58.14787816501341,19.820399022758032,1.500381334728678
409,40.9,away,62.21323474480405,31.973588623337402,45.29613658644871,61.53979951422849,21.522903487016947,1.6032442410599292
409,40.9,home,43.3268329055758,31.891369438947205,44.58594026856033,58.278821536015144,20.566953954313387,1.3202401124764942
410,41.0,away,62.32818621587422,31.952755277452773,44.98194513227124,61.449457630678054,21.55771650653826,1.4271905466879382
410,41.0,home,43.35395726127071,31.880128102302432,44.71846843607875,58.45070090843644,20.603648660452517,1.2732972227763553
411,41.1,away,62.38007165193433,31.923406776847422,45.087551169936916,61.32724145382666,21.565724812118685,0.8469099630204966
411,41.1,home,43.37202904670583,31.887166002100788,45.01096377119743,58.331501785746326,20.617319334819445,1.108564095186974
412,41.2,away,62.36553054092853,31.92260947955476,44.92769717199458,61.20477496614522,21.606643350473366,0.8676757565888827
412,41.2,home,43.443614136856006,31.863575924214572,44.88619677628514,58.41366067002774,20.600127220717944,1.4494856198480297
413,41.3,away,62.429106551392465,31.955460988286816,45.2179743492803,61.216339223612856,21.640894008484736,1.177984093327586
413,41.3,home,43.54890680692914,31.824858538979594,44.81875144286195,58.19785397491021,20.500234419291985,1.3607291137752475
414,41.4,away,65.9166347045102,32.12182111376857,45.07368724156542,51.061477893780946,20.217559701231615,1.1259492145089618
414,41.4,home,43.618557160738916,31.832240513648944,44.992032025587896,58.05995682725657,20.43945314969112,1.1896978861686773
415,41.5,away,62.507336436372384,31.86106562158885,44.899058120870464,61.5076177212947,21.6904620690995,1.1913416383545798
415,41.5,home,43.67572048278935,31.878819012252947,44.703256016096155,58.08625527647334,20.384153774840676,1.0189447846660025
416,41.6,away,62.523121972628466,31.820838331292283,45.130324372177284,61.64260760597392,21.75747253703984,1.411703684315056
416,41.6,home,43.704529893514234,31.857776346866956,44.87768812599394,57.901060572654224,20.381048511097593,1.2373812952628072
417,41.7,away,62.61307669368829,31.76771688529436,45.13102032502833,61.57675565681487,21.74724542012458,1.3422194919779071
417,41.7,home,43.68578703818818,31.85489883719514,44.80882942557521,57.802136640165834,20.381313224222172,1.2294847763346608
418,41.8,away,62.66254094935902,31.756318874056408,44.88854411039417,61.59136020976014,21.735947596056405,1.102117372718941
418,41.8,home,43.76724929569129,31.832061882887952,45.1606749414405,57.47032505729268,20.393100147246614,1.3521092802282852
419,41.9,away,62.747173152994215,31.71894269061162,44.83423201048535,61.47481190067123,21.73100001286134,0.8646857303854998
419,41.9,home,45.251663402987845,34.004037800347085,37.69988760853322,57.111508335037264,19.566758815331603,1.1476568099209459
420,42.0,away,62.7370641549931,31.72053860760099,44.737957351325896,61.802198187905844,21.74675801051523,1.3818278918697784
420,42.0,home,43.517747977349686,30.37375812636215,45.139799299385665,57.00334287672966,20.811542188245628,1.080500251462181
421,42.1,away,62.78907682062765,31.739221754146637,44.98042159912738,62.08583922487411,21.77406178743172,1.0351778261695759
421,42.1,home,43.90676916499472,31.83904086961037,44.8506681807781,56.827419589392136,20.230394502888405,1.117237884067975
422,42.2,away,62.79702568605565,31.704950886746563,44.63740294873252,62.08716451734671,21.79639764171787,1.1013885553544513
422,42.2,home,45.178382536634565,30.894444474120064,44.76314073674601,56.86963819163755,20.433990205073748,0.9096839020663481
423,42.3,away,61.257921238662746,32.41721675531068,44.49912094581024,62.23150051179442,22.082339595365823,1.0025595772733804
423,42.3,home,43.92233952437323,31.857922413537345,44.51349297107962,56.735756452650335,20.212404582971274,0.954607792422913
424,42.4,away,62.900134040874285,31.771568086867948,44.5441096756504,62.18467806164185,21.781540077317274,1.356372727411644
424,42.4,home,43.968882671594095,31.839535954305337,44.361858656579315,56.86736380623614,20.22230944018505,1.1003687219895224
425,42.5,away,62.986178933875586,31.802697216796297,44.30814581091519,62.16031579172144,21.73643008966711,1.354234096571963
425,42.5,home,44.02653006498012,31.84576985812082,44.36142605393783,57.01132371659204,20.24540636430211,0.9746842440888975
426,42.6,away,63.03426151781451,31.835946598154422,44.21844140075197,62.33702023992248,21.79738722931047,1.0013887201320049
426,42.6,home,44.06374621943516,31.899718548338658,44.14460609946883,56.74847973486564,20.16443868554823,0.889055563446015
427,42.7,away,61.34610651840376,29.50491518685974,35.39499572579396,62.275843707724924,21.007507443436783,1.1251063187137942
427,42.7,home,44.11030764313178,31.84140455608857,43.91321643328452,57.1051312835087,20.1738449948512,1.0605994136808614
428,42.8,away,66.51043753017869,32.09628961287594,44.57700471801592,52.46061594511753,20.456318426353526,1.2404745355264133
428,42.8,home,44.12036096555144,31.86432158089726,43.84870292208251,57.28185055518304,20.170598809423648,0.9277116919933455
429,42.9,away,65.4994676500141,33.32908179720333,44.51312874404066,62.29045123403738,21.181737460414684,1.7238260044945306
429,42.9,home,44.14522631679524,31.87832489674504,43.80434388292706,57.29402309000206,20.13542033513249,1.2233165530809005
430,43.0,away,63.23478676128411,31.87379112250567,44.438805133690124,62.41601171890727,21.938829664104023,1.4184840146259998
430,43.0,home,44.197259060714664,31.828618282040733,43.84446841461383,57.18058872827117,20.15316699474592,1.3755325549817525
431,43.1,away,63.314461171268995,31.82763187532603,44.18949657977469,62.52349849192062,21.93613276003829,0.8818529917252423
431,43.1,home,44.25069713635282,31.744722093811877,44.00754981487107,56.92809274746207,20.134012802930716,1.0919879563883421
432,43.2,away,63.35837559863221,31.886190536826938,44.18202304887276,62.584077290165496,21.993663841173046,1.0821598810950963
432,43.2,home,47.196244119827995,31.764003264757758,44.13185402598672,41.75404050105053,18.87257249316516,1.1701698663531317
433,43.3,away,63.39632963304425,31.901204185954672,44.171339406816706,62.660444286085166,22.006862864299478,1.0694154130967604
433,43.3,home,44.363637036495696,31.796063709297126,44.168025468315655,57.089775518100915,20.12013038188384,1.437240734072127
434,43.4,away,58.50219693047292,32.525819977585776,44.040064327337994,51.46836900847951,21.251089991858528,1.2021481561109593
434,43.4,home,44.38959479922282,31.78192987842917,44.30924010701446,56.882058692691565,20.11897183101678,1.5198607700631732
435,43.5,away,63.42428183099462,31.870081197559877,43.72136997192911,62.74172908422456,21.965067659521967,0.8833930667242231
435,43.5,home,44.51380938015598,31.805791979478737,44.22598163244183,56.76893833102609,20.118482025414803,1.136533224187027
436,43.6,away,63.450416878583546,31.92006053974733,43.692822185840576,62.51215366728918,21.911412862051836,0.9907007100327351
436,43.6,home,44.536356876252206,31.819043913884567,44.44511401164909,57.055148973341,20.141558871341235,0.9399582623049837
437,43.7,away,63.55563156724884,31.903612215777056,43.66478937585411,62.67167248675845,21.961086292628437,1.5080020791127402
437,43.7,home,44.59805822736615,31.76159138116018,44.38010586667676,56.813152934652365,20.09248633032359,1.4656976127327497
438,43.8,away,63.60501369988639,31.9163817739355,43.91519185293565,62.76317119075169,22.003714963596916,1.3469711130569164
438,43.8,home,44.747353815087926,31.783836457838234,44.117364963329294,56.63410700787352,20.031285812043325,1.4600122583008501
439,43.9,away,63.98409516326437,31.951715136053302,43.83341462833176,62.86053846096185,23.797020792031752,0.8746086602369296
439,43.9,home,44.410067533719754,31.819235164850046,44.17907162221077,56.58515711411282,21.538627494954277,1.4505084348932453
440,44.0,away,63.63945208721689,31.91597688052334,44.17014999244095,62.70320272493511,22.018719516695647,0.9102812023692395
440,44.0,home,44.90390441366243,31.83661167377694,44.07370351525636,56.40084303860029,19.938471626004024,0.9758167672272019
441,44.1,away,63.70446482532234,31.886520941874927,44.14014098162332,62.87977860673698,21.9940669584595,1.1550009552097467
441,44.1,home,44.91330326186608,31.85609557799666,44.068956697007344,56.23563631701889,19.957244772701642,1.1392177118265823
442,44.2,away,63.72877486384902,31.780788982131742,44.16230926292669,62.827845594385316,22.005877530648473,0.9748996077985743
442,44.2,home,44.98547329949816,31.858125584928164,43.948623077715794,55.98530579209813,19.8950187415937,1.4418546573549238
443,44.3,away,62.16157386573252,32.47165877578216,44.22889230943577,62.8766106849195,22.363397029995518,1.1851199817893439
443,44.3,home,44.553559809803275,33.30835732444464,43.7288928525916,55.926000568820534,20.219584188359224,1.1108960869970699
444,44.4,away,63.85523259049945,31.75506175696269,44.39298544760786,63.03162621103099,22.09577869135642,1.2767450835878902
444,44.4,home,44.73226120779966,30.455688399894154,43.94518031115088,55.81068203444865,20.205515387115927,0.9892227808183041
445,44.5,away,63.94748750747931,31.736800222098577,44.02811563483886,63.176424048233415,22.11995042969136,1.0894590158718749
445,44.5,home,45.07117878615429,31.871813719925264,43.70761186263008,55.83683991150775,19.67858320977886,1.2976440787856662
446,44.6,away,63.97239089182819,31.74697346829009,43.75903272276247,63.184951206323035,22.154890545201933,1.0162203950377648
446,44.6,home,45.08879446608684,31.974880997104194,43.78551837368792,55.65982872394786,19.6127685534846,1.1704468920216862
447,44.7,away,63.98211546415876,31.708674029984067,43.7686765561926,63.36638598603402,22.198977289766365,0.969315278417579
447,44.7,home,46.39254104346243,32.62668757653678,43.86455235724813,55.58191907870052,19.99825566480821,1.1507020032698794
448,44.8,away,64.0656179716719,31.70025573073842,43.64008271960856,63.38846613098201,22.193200072328263,0.9877338072187232
448,44.8,home,44.69914917711115,32.029366669522304,43.81732957835298,55.536071675122116,21.230265844276634,1.2902554966664055
449,44.9,away,64.09499070634524,31.717875758575676,43.338349639849774,63.70370705412792,22.18726689920056,1.303194317568817
449,44.9,home,45.14470500492507,32.02550189759098,43.87596240701413,55.53638482472269,19.679012264107705,1.031300177842538
450,45.0,away,64.10055293998333,31.72870195700019,43.20115630317264,63.68893599236295,22.24154021485094,1.455412167708286
450,45.0,home,45.23449276232717,32.00850956776426,43.751952166004344,55.53675355475861,19.627670048597476,1.4062998981779062
451,45.1,away,64.56793058936412,31.88320116816679,43.399134536843434,63.79819460848836,24.097897667804737,1.3724034553589521
451,45.1,home,45.30397438676416,31.9188276398416,44.20832419135787,55.57173279669932,19.636967288586675,1.3246105333854532
452,45.2,away,64.25982854623511,31.788708778221636,43.23889007881757,63.69388800146335,22.229129651264763,1.0437552162639239
452,45.2,home,45.323465712865456,31.909113864574422,44.352829628011506,55.64079582145929,19.66219112330199,0.8941533543359714
453,45.3,away,64.27506343726564,31.848070995843944,43.16312387737964,63.84145455255417,22.298682144651757,1.0170353277267943
453,45.3,home,44.81128874323821,33.34467356794602,44.356700484829226,55.66221696592939,20.115374735905796,1.104024647878791
454,45.4,away,64.2687035754139,31.837183953803414,43.44060134833823,64.14043783707149,22.312710330692436,1.3561644952532923
454,45.4,home,45.46271584822659,31.919719673754546,44.30067967110397,55.202184758794445,19.693650044339353,1.2893347144332363
455,45.5,away,64.3126139065419,31.8517634726423,43.57182835168173,64.49859402469872,22.272408585548177,1.0533438632074643
455,45.5,home,45.53479694667868,31.90579298159386,44.35231732188575,55.28306806052696,19.665300281805084,1.4351493291348436
456,45.6,away,62.61165178395187,32.4625581733374,43.331333880615674,64.56577633971717,22.58063097877243,1.1298335232047347
456,45.6,home,45.56795354059265,31.812688049389862,44.514137523738256,55.353484781924244,19.661458353721564,1.3960437200334432
457,45.7,away,64.33660183085854,31.911924683749977,43.44291141299379,64.84182639085743,22.372510566863667,0.9225260401803465
457,45.7,home,48.38162453882772,34.82588589233305,38.3479062028175,55.1693060018775,19.185471607492918,1.276277667041748
458,45.8,away,64.39020007488631,31.8890910221695,43.63710292894152,64.81064464835367,22.410475490138563,0.7396441068408781
458,45.8,home,45.620570213493124,31.7586462501234,44.44769832699476,55.12881739134967,19.586120125961727,1.1526964870622731
459,45.9,away,64.38778227090316,31.922696054559847,43.67758192034363,64.72888289325039,22.359161477920086,0.8715409666230741
459,45.9,home,45.68139500763421,31.737514330118984,44.53658849468742,55.10121973204868,19.525958152884165,1.013915024425134
460,46.0,away,66.97757100762458,30.81550029354488,43.38451869885039,64.68309904559618,21.690672898619905,1.3824253459117593
460,46.0,home,45.639489177843714,31.71589674102698,44.135975643334966,55.13390515318409,19.498501728726634,1.1736901450087727
461,46.1,away,64.46318955288089,31.847864462098382,43.475187041555934,64.83240851271589,22.36589802258295,1.0915451962569858
461,46.1,home,45.66738316120915,31.73108424832009,43.776857747305755,54.91151746511985,19.446508601379083,1.1401455849895765
462,46.2,away,64.49553342639997,31.883212584353657,43.54430358206708,64.93327344662998,22.416136239641503,1.0755941674654539
462,46.2,home,45.72940580986744,31.68129571238992,43.76366987590959,54.64733988620415,19.401519565762648,1.0248664740132623
463,46.3,away,64.51583093795072,31.870330260552176,43.56710451991245,64.83819621805596,22.488009056946307,1.2372407713582037
463,46.3,home,45.74991607001037,31.687763410670684,43.63083982417155,54.72667831597246,19.333959351238267,1.4423476016515264
464,46.4,away,61.57718283149764,31.705577557504085,43.50456925242518,52.20676382460739,21.489161661978894,1.3088294709150894
464,46.4,home,45.84892248761207,31.66472140931307,43.58443367064767,54.82874797944952,19.385928531394004,1.5491918254309984
465,46.5,away,60.90166682395709,29.915267540346697,34.33174350286103,64.6379269929949,21.783888215979864,1.1130896332370608
465,46.5,home,43.99137353929713,33.150537994167784,43.4463905012758,54.647485784425925,18.839924815157474,1.3695044408799633
466,46.6,away,64.64837869492283,31.75404210942548,43.520020857974465,64.65612616244587,22.485367720452313,1.2471560984738461
466,46.6,home,45.96945297543487,31.741622809683438,43.27426868659626,54.727577541150296,19.356158203959232,1.1835896783967095
467,46.7,away,64.69112129395873,31.71806369155881,43.57447936392321,64.52195525926086,22.483841859761856,1.2591413376411016
467,46.7,home,45.98184086333194,31.76716547041509,43.50477950762316,54.7613312505257,19.388896330567643,1.0855848843515636
468,46.8,away,64.70777493318035,31.692082057917045,43.59849809226995,64.31845126204794,22.506695239715985,1.1717562988472063
468,46.8,home,45.56555161833545,33.19661160234386,43.363723590772885,54.80993071058564,19.771539626739706,1.409697269895318
469,46.9,away,64.80987987045451,31.678657615795338,43.463315785026104,64.67480114682351,22.52021980537349,2.4522476566658313
469,46.9,home,46.02442398393626,31.787341389586967,43.47880345268059,54.66584668905506,19.334108752899912,2.9363916667171654
470,47.0,away,64.2303253659852,31.697176258328295,43.64967163606268,64.57320823507415,22.531893770911463,5.840252797724279
470,47.0,home,43.560667504618564,30.78083254594036,43.50774479009617,54.617841311594674,19.062367464059577,6.218118015152806
471,47.1,away,63.64991552528296,31.688995824669938,43.77201930678297,64.57593131497899,22.523020825658467,5.848953199305829
471,47.1,home,44.837342667728194,31.867401400273824,43.45206137115005,54.59231857153368,19.362647392783206,6.171261116024954
472,47.2,away,63.065107471071435,31.648599004448023,43.63237738000007,64.53227863621609,22.52160709285971,5.795159348301947
472,47.2,home,44.248071006858986,31.84804787515652,43.470726556120994,54.605962725063264,19.311155258538353,5.736575731498002
473,47.3,away,62.5036910407827,31.688576521364492,43.42526250279882,64.56824128049124,22.511998314723094,5.679012078298535
473,47.3,home,44.93584383685676,30.84166664939496,43.426601126922996,54.31666856877233,19.484957362850302,6.287091848577534
474,47.4,away,60.15933823361411,32.38494046816028,43.66897916970494,64.63244195747112,22.703361888795936,5.812911004370489
474,47.4,home,43.083039496791336,31.794148108506842,43.436221895299184,54.216700132842604,19.250810701258214,6.181844213407195
475,47.5,away,61.82652700464928,31.802530598321862,43.57826133941227,64.62223306917947,24.412182404187078,5.838885065622862
475,47.5,home,42.492733915291346,31.80412734147701,43.36207664809674,54.124924279848074,19.243700020085427,5.940426401719231
476,47.6,away,60.86645169965065,31.770716543903475,43.34935820366068,64.76869349760777,22.618738567095114,5.7946022523229965
476,47.6,home,41.9105404272115,31.764840883421243,43.426029420450405,54.081725948848316,19.257539638826763,5.908992499271215
477,47.7,away,60.28508064527927,31.732513244697408,43.35325279439692,64.60499838784439,22.621566496217486,5.908531456137975
477,47.7,home,41.32624885032031,31.759358735674482,43.27417046221822,53.88561734131975,19.22261103206068,6.064891498434437
478,47.8,away,62.21950528850137,33.159463039203516,43.166861112591945,64.67660333261074,21.83421071853406,3.3701448912818437
478,47.8,home,40.701433249804275,31.749174786068842,43.31549728585836,54.003757149997455,19.280843477656084,2.8403993466293826
479,47.9,away,59.64301650477273,31.69812417353837,43.11909616226178,64.8987883981896,22.627862998310363,1.4284071795748534
479,47.9,home,40.7711658390781,31.75435494965029,43.599230898089786,53.792038309118404,19.310734732591456,1.2352113424514157
480,48.0,away,59.68901195110884,31.703284552256,43.374223559746596,64.9451218470138,22.702287225517253,0.7268177839577133
480,48.0,home,40.890377775121834,31.693262018680525,43.50597769672751,53.93567183768852,19.289743837218285,1.3747574517872376
481,48.1,away,59.67459417836842,31.714856714752184,43.328682509315534,65.04276233422175,22.71615552161728,1.1109250220249882
481,48.1,home,42.03252488452169,29.188456488646985,33.82615641643006,54.03924031662529,20.200793589666773,1.43261188776156
482,48.2,away,59.81547582831675,31.693354767187518,43.42429690262171,65.09833432428232,22.696004834637055,1.5676535525475521
482,48.2,home,41.02643597493282,31.6922631289975,43.1302551135464,54.312523171541436,19.328990331752124,1.4227866463089092
483,48.3,away,59.87083935792096,31.624743320908006,43.05921625784987,65.27131835645235,22.658635749307923,1.2556735819737723
483,48.3,home,41.118275809923524,31.721697908056694,43.04538077454124,54.49134320141974,19.32765570047793,1.327093192981573
484,48.4,away,59.91607554920529,31.568480925160827,42.987312825382766,64.9831056263603,22.607586070794422,1.0999923942667
484,48.4,home,41.16510309473105,31.666850486266114,42.95229235952002,54.6286102577857,19.33962269596676,1.2925237639001674
485,48.5,away,59.97690036385587,31.573075715113692,42.939104084115684,65.01439299675658,22.604087092016332,1.240331475300664
485,48.5,home,42.43111135399393,30.725328764478924,42.8430099369607,54.7053587109438,19.47220887282036,1.048092982329739
486,48.6,away,64.4798652614095,30.3983211650535,42.77492082415219,56.342620271523465,21.744477103686748,1.2989709970548966
486,48.6,home,41.2379811342918,31.703195691035713,42.75489354208297,54.58612862079565,19.3040464500302,1.0245456525192638
487,48.7,away,60.05357123803567,31.56742743195682,42.8691125255867,65.52760389752717,22.629589132029455,0.9013002761782125
487,48.7,home,41.26742387111371,31.72243707458783,42.616906697512405,54.50031014181193,19.279295397852106,1.12490580770105
488,48.8,away,57.17294471587237,31.45816102840365,42.717853849839436,52.20673554510565,23.653941215844895,1.2049600386343247
488,48.8,home,39.33904236271978,33.20705979102736,42.37526623868202,54.77632835766841,18.631992615616713,1.1105751040062277
489,48.9,away,60.049129995205995,31.576443838392503,42.47798618674468,65.35511536482274,22.54652813385545,1.0066961956273521
489,48.9,home,41.29523078322676,31.66843675844441,42.35754749914081,54.749315212339965,19.229448478145155,1.333620652436671
490,49.0,away,60.069866557987595,31.536061653975437,42.41145330919693,65.2299052995812,22.520703334017128,1.1111623204610508
490,49.0,home,41.35424431623137,31.704524655530566,42.38389370118492,54.720680591605976,19.14853560738322,1.4087757333657136
491,49.1,away,60.155415279021604,31.53916650926892,42.57457255323399,65.52111846445837,22.559375004256996,1.140683310793259
491,49.1,home,41.4110706063957,31.74341168464888,42.51035480484334,54.4861439628709,19.11443595545524,1.060651553626
492,49.2,away,58.54488535040207,30.657605777141946,42.63959054632603,65.26536735082543,22.669021213321237,1.2016651755363994
492,49.2,home,41.37955185320769,31.734029558151107,42.69568506731194,54.42423687411817,19.154211764833498,1.1071793559606864
493,49.3,away,60.236057155482634,31.65624392566083,42.672568382735705,65.07311923733631,22.543939299829248,1.1554633117943622
493,49.3,home,39.50228060446111,33.17298608595481,42.70706048242046,54.45916786788275,18.61523066233087,0.966628058040208
494,49.4,away,60.28241194213991,31.66781076264635,42.63816522184492,65.44396062267337,22.621672977992056,1.3052641799992122
494,49.4,home,41.4450262474592,31.653172252920687,42.803764512836324,54.333877097988,19.17122237366448,0.872824979063627
495,49.5,away,63.80083141489168,31.793378087694027,42.82880989934996,56.855139673247905,21.397984377101,1.1481797073492372
495,49.5,home,41.48925497354506,31.676581822391245,42.808764738040075,54.36551985415489,19.14433910142604,1.025187515844172
496,49.6,away,60.3711046217303,31.58576352099234,42.84520671299488,65.62713175428487,22.66957048751291,1.0786922168851278
496,49.6,home,41.52764133503252,31.632852185419654,42.94559148378713,54.228119860765915,19.157109010462797,1.3237002763536385
497,49.7,away,60.398346932517704,31.658130042988354,42.812387398203974,65.667563413654,22.614499698585885,1.5238426963753882
497,49.7,home,41.62198008017938,31.591626091157025,43.19466416402226,54.28308170549564,19.21874446371689,1.035884903961812
498,49.8,away,57.33728469740824,31.475795979865392,42.721235066844,52.18128079719969,21.380811970963382,1.3117522131877433
498,49.8,home,41.622865348065936,31.633608541002904,43.16538675106526,54.134580103257576,19.17432276090272,0.9711576884509522
499,49.9,away,60.496333782138024,31.719886485472788,42.813932823891165,65.68513544783333,22.573626531537318,1.2308287906224151
499,49.9,home,41.60289203097103,31.631509049699424,43.25996239463121,53.73111267848566,19.209329189548477,1.0283113441260916
500,50.0,away,64.83319547383209,29.31265029035934,33.586268529409935,65.69200058982467,20.328620055150875,1.4061181280651889
500,50.0,home,41.675317307038284,31.625312919375343,43.23687871306511,53.555812533322495,19.208457433365922,1.0188329320746778
501,50.1,away,60.51594937360997,31.646842969897673,42.77114165642969,65.2501263030489,22.57446330811053,1.149090523854389
501,50.1,home,42.89079220540978,32.287407202568964,43.072485814378524,53.5412420037179,19.596718167968582,1.135790249703943
502,50.2,away,60.52803662472113,31.631348717746548,42.56974185597073,65.49405068728768,22.60297702779812,1.1835934722950374
502,50.2,home,41.578217568529986,30.264023623701252,43.246634004882054,53.321319959599094,19.67290257971868,1.3125004172337646
503,50.3,away,57.46120669149211,31.37542975900812,42.67409419072138,52.121822679792714,21.35863341028465,1.1279991015911934
503,50.3,home,41.77946977272583,31.62249122474534,43.28604159492264,53.47303919831113,19.18796614326282,1.0766147649964977
504,50.4,away,60.61180831247489,31.670995218970173,42.60476261203779,65.39638557189116,22.586027292208225,1.0146690441233464
504,50.4,home,41.81913583227348,31.63037557825554,43.132738017503705,53.70815509591978,19.20259103482962,1.0430446521098657
505,50.5,away,63.129789104611234,30.50147688032971,42.54968834897205,65.21853487112841,22.05274130692162,1.2663645301069992
505,50.5,home,41.852898656142976,31.66014313430726,42.97411645045524,53.91852418559083,19.200258486157583,1.1505194547168782
506,50.6,away,60.65872821287419,31.67322586316267,42.594363418842796,64.79754745817954,22.587716383333653,1.417800811058405
506,50.6,home,41.84098998789156,31.646109612277236,42.88348820528027,53.922752098243066,19.13684442589701,1.072350555096996
507,50.7,away,57.64765924915815,31.454798885957292,42.627529798187624,51.67992393290241,21.419637957950428,1.2066594521631167
507,50.7,home,39.949329166847726,30.458491364383814,42.81068893920347,54.28178271288727,18.761357521881024,1.4113870484794377
508,50.8,away,60.849383177947445,31.66516924803657,42.79539856767813,64.30728145025317,22.626472478293508,1.2116975176313287
508,50.8,home,39.988046100847654,30.44761398105561,42.82933058883173,54.600407993287774,18.761164403566866,1.2398859057094058
509,50.9,away,60.87135161122269,31.626181550313778,42.779374391351155,64.71641714076979,22.626643659704335,1.2358724490059303
509,50.9,home,41.97594315895899,31.569220607231536,42.73560742286476,54.89369210251987,19.240527035874205,1.2808051235598847
510,51.0,away,60.958359802353804,31.67772689273113,42.743357971745624,64.80219921031812,22.669548131876308,1.3514686019573856
510,51.0,home,42.02667687647851,31.502765439720296,42.610117929050794,54.98071288931919,19.26958207496514,1.0772130648041103
511,51.1,away,61.11311124069145,31.633994059501518,42.87205587950131,64.73311062610522,22.621076915539707,1.5536404656240892
511,51.1,home,42.09384331882733,31.552091166100237,42.513837670371984,55.102128126735025,19.240162378239752,1.1223054136507395
512,51.2,away,61.176647143573,31.655501674334666,43.04622287641319,64.77643435117089,22.600195065789954,1.216761748622495
512,51.2,home,42.103261463359004,31.521223682297958,42.39808197398265,55.05401088851637,19.241419073044217,1.0048237024787676
513,51.3,away,61.196075820690766,31.664333140352664,43.05794878739413,64.73855859149936,22.59006028057582,0.938783014207701
513,51.3,home,42.148106378538635,31.528391462605736,42.647351822259566,54.84448329111092,19.262522784358392,1.1006885346666417
514,51.4,away,61.25100489435775,31.702054809690868,43.25809446929268,64.65898202596604,22.594972768704125,1.2378845281109605
514,51.4,home,42.18480234574556,31.49924988480167,42.8189215828782,54.75145132307823,19.326992950561063,0.9200077114695454
515,51.5,away,61.328356603021895,31.664565343243293,43.2278221526688,64.75760219978189,22.60431907805809,1.1321380091004405
515,51.5,home,42.18315156474352,31.53293167024088,42.91102525934633,54.793780945562915,19.34639301448069,0.773533722728143
516,51.6,away,58.16353133213827,31.356907432378637,43.27771332128878,50.378452246473,21.206947228873503,1.3463638397273354
516,51.6,home,43.478305937865855,30.594179465217273,42.91179540428733,54.579089538360364,19.45835903022944,1.107623002444461
517,51.7,away,61.41338650874261,31.52563978090801,43.06478314401068,64.83510280819814,22.495161099409145,1.1671324867556478
517,51.7,home,42.21704077608045,31.55666486348416,42.82866705534175,54.630765143804766,19.307025422934522,1.3328193024920523
518,51.8,away,61.47921144898394,31.51428206853616,43.00695918338969,64.50923351635214,22.495596044410636,1.331224327320623
518,51.8,home,42.26992077157733,31.570990821150804,43.09096029368601,54.84558166246212,19.355557336643287,1.171560934672842
519,51.9,away,61.513580483234925,31.529153202419867,42.88940395606761,64.22163117098309,22.417193361003577,1.2662743299245414
519,51.9,home,42.332307972144704,31.573576881199177,42.97135153138427,54.88700524961,19.333399826372382,1.292451717013832
520,52.0,away,61.48414898449962,31.49516176113627,42.73919990392014,64.2174144030183,22.468562652304485,1.2255100838677777
520,52.0,home,43.57137569643587,33.49650704940622,37.85590178204086,54.911983038414824,18.921855046575978,1.2231489200286108
521,52.1,away,60.00334280975231,29.220145079898323,33.226097568972506,64.256785837544,21.813095606746845,0.8038137386933533
521,52.1,home,42.38830363967557,31.501230928132387,42.89908309294467,54.7640114382605,19.376752221051518,1.002430326814418
522,52.2,away,62.10522770563887,30.121380968740244,42.75411294997378,64.35300047517461,23.17382753017423,0.9617815088711076
522,52.2,home,42.431011515291,31.4817861955219,42.91875515247227,54.76437827937788,19.433968602513755,0.9692178358601439
523,52.3,away,61.553062293792664,31.403804869474655,42.471006655109704,64.21797333934839,22.42582800653128,1.3325995982128767
523,52.3,home,42.45833455249049,31.484169489931563,42.9142824143488,54.99414668293579,19.389513471502468,1.06973470029451
524,52.4,away,61.643390631808415,31.360336458982655,41.94757456071728,64.30218613305752,22.377171592584038,1.2528597601548805
524,52.4,home,40.539853641405514,30.294317010338467,42.872876025179785,54.98590665368749,18.94410526512854,1.2048561188345386
525,52.5,away,61.73106594030294,31.38977280511258,41.78971382159541,64.26893028249108,22.44712584445643,0.9308994111000725
525,52.5,home,42.57373638113297,31.481903910771642,42.80294830744618,54.93772130249204,19.435875124893926,0.9022574289676215
526,52.6,away,61.74214984998268,31.426229371944274,41.67266147479434,64.3290294914824,22.402852404972293,1.062482886471933
526,52.6,home,40.653329224057515,30.27133520378489,42.813593009782224,55.077076706751214,18.968607379599092,1.1076744335861963
527,52.7,away,60.07994244873896,32.09914997969996,41.567212700800454,64.75049783858319,22.644978248081472,0.9524924936912591
527,52.7,home,42.62623904068307,31.408071787828373,42.880247337037176,54.946820599869326,19.45800159013517,1.252956058635486
528,52.8,away,61.85398292472164,31.420378984603396,41.603508164947854,64.93634634224628,22.44455496673207,1.1108614833499066
528,52.8,home,42.65566344322621,31.433949542800907,42.83733734194168,55.13398876281774,19.508408630782082,1.1013361384160887
529,52.9,away,61.90336264745168,31.48594918952424,41.665935472300404,64.9131977906823,22.423688251680318,1.0033073086662834
529,52.9,home,42.676503085141945,31.432951534358256,43.11129823309615,55.3544517188964,19.59168667777481,1.1583854290725422
530,53.0,away,61.94235275407157,31.49762206841601,41.616327488145764,64.76493822350065,22.36236328726878,1.2448032738546817
530,53.0,home,44.00684816383042,32.040288891128114,43.0012344574212,55.431624508880546,20.084901022388955,1.3109315306468772
531,53.1,away,62.03320822309795,31.466428770634135,41.448374850969074,64.58557468349565,22.36897274343951,1.3992376576407315
531,53.1,home,42.848961906264115,31.32399012967376,42.91572752187767,55.62801175174302,19.54096079344695,1.1595808580757514
532,53.2,away,62.13135798880583,31.515794464522603,41.49524938874405,64.65404313457627,22.347349276352876,1.1978192475426768
532,53.2,home,42.90168558913342,31.361992199948304,42.74029437971569,55.623675618304134,19.568770329527382,1.2198565862102724
533,53.3,away,62.168163961553745,31.526179458704874,42.05956926616208,64.33988664383952,22.357438445529223,1.223464090465651
533,53.3,home,42.94886825671145,31.39154521626616,42.72230276678467,55.54082644064221,19.54267743301888,0.942055310580404
534,53.4,away,62.17639588614218,31.531428235718867,42.33297580184612,64.43695631686144,22.359162472744796,1.094415777543398
534,53.4,home,42.9920280733333,31.3883248907302,42.69497284363776,55.80916397534749,19.54999845286541,1.0782949183047614
535,53.5,away,62.25075402381404,31.487684911347205,42.547848295744075,64.36996316179817,22.430808261040692,1.1688642625426242
535,53.5,home,43.0336230682063,31.36394360969875,42.83515167796729,55.74418685934775,19.638602529542155,1.0829767956318266
536,53.6,away,64.70448669377349,32.98322634518668,42.50941287110804,64.07024227487545,21.719042467562986,0.8796564121612047
536,53.6,home,43.141726483092796,31.354489983661416,42.90762046437851,55.879185857918486,19.687143454907286,0.8673897950702933
537,53.7,away,62.30996530979773,31.539017920144612,42.58603203693853,63.99038492320462,22.357914198508368,1.1051166476095737
537,53.7,home,44.26816242482981,33.39771141721679,38.100870436268,55.75665382411371,19.32708635112658,0.9411905887710258
538,53.8,away,62.34188385134341,31.482226919235014,42.305519919387244,63.96797718336839,22.313916474598173,1.3095430295543051
538,53.8,home,43.22517498298928,31.344003454218576,42.70304006641558,55.75283225356526,19.716658718782828,1.5242167541933755
539,53.9,away,60.80469158010559,30.470769162728423,42.20751760834162,64.11079822200597,22.461971788516625,1.0770917704274003
539,53.9,home,43.24011616363134,31.452656992035795,42.58021013893136,56.094898753932426,19.778308799685462,1.7508095493433453
540,54.0,away,62.40760714843906,31.449776479469097,42.341130071692945,64.22844274204935,22.33246062656962,1.1079195915039675
540,54.0,home,43.306465013298826,31.509731197943964,42.47104712750937,56.00493700069348,19.81044427728135,1.7246921589035298
541,54.1,away,60.976956370002675,29.22676601574134,33.29440723143857,64.34274203382472,21.67835601459158,0.7585680817453528
541,54.1,home,43.419462633795895,31.509177427356384,42.44311568654555,55.885799109568566,19.821791432106828,1.3796028297820104
542,54.2,away,62.4225259722825,31.48965307702821,42.10205141692147,64.46217175482033,22.34892179740321,1.210967091651655
542,54.2,home,43.467201580526584,31.477933385334833,42.54252493304534,56.19032780251705,19.850046398913694,1.1385653529542348
543,54.3,away,64.7879122277892,30.2354447965168,41.951058101487014,64.30675035026074,21.800550940329746,1.3226300023035038
543,54.3,home,43.514908573634685,31.442854494116748,42.439175531799435,56.05511294575733,19.84142952251007,1.081110079354513
544,54.4,away,62.45257754213828,31.428836055997216,41.730533889323965,64.61891357703931,22.239203927521977,1.0313091250113293
544,54.4,home,43.547067292651754,31.437425948752704,42.501704782210176,56.19736975850429,19.801377040990545,0.9258683940474767
545,54.5,away,62.49612305488247,31.429082666066606,41.65840352520158,64.57196404309381,22.197056816578463,0.8096174495957847
545,54.5,home,43.56814591605834,31.459935651597924,42.002066983900406,56.12613444127241,19.738986156857433,0.7687315863011434
546,54.6,away,62.52688117607088,31.374679929194212,41.54564294774553,64.53271717735797,22.181963966860305,1.074140325559812
546,54.6,home,43.613517744945305,31.425113935446817,42.28554659644415,56.150555303499814,19.75257809635252,0.8870601607938362
547,54.7,away,64.93951646507034,32.79724861650542,41.457258332085985,64.43060996957242,21.595699887659144,0.9149450237396906
547,54.7,home,43.59593758324446,31.45728337366626,42.26185679000484,55.96106533240537,19.700770179368877,1.368375548287851
548,54.8,away,62.53035881279791,31.42742642193848,41.33859879877173,64.26508589218676,22.20042163545534,0.7643003815420549
548,54.8,home,43.610349005963,31.4141064637004,42.11221265353109,55.90431029928859,19.664493822275958,1.1685760125138684
549,54.9,away,62.50844273569766,31.455958318465797,41.51098124647691,64.08530440918832,22.153076677521593,1.0129566176267568
549,54.9,home,43.61939553648087,31.347674761465907,41.96396903093421,56.216515446465785,19.657596770956925,1.4104495804537982
550,55.0,away,62.52554584469439,31.47780656788191,41.25881856493965,63.97218841928134,22.12507307083687,0.9853258989760445
550,55.0,home,43.579405075252204,31.288822494671898,41.803230187254854,56.29704221245059,19.660637275610075,0.9873751960869989
551,55.1,away,62.52631813477594,31.43383655369655,41.23134016784461,63.77839111568726,22.077496992620052,1.1853536096538477
551,55.1,home,43.597242329016794,31.278605025001774,41.59751868600645,56.091839422863124,19.642801334908853,0.9627187374943538
552,55.2,away,62.522452039456724,31.44781140986232,41.1082577098008,63.697645884894314,22.019148024848192,1.4372102751162907
552,55.2,home,43.63327541950933,31.287664866610363,41.77968790197364,56.33685715927328,19.69905677028335,1.052473999805896
553,55.3,away,62.5432017943227,31.449939840692867,41.13830846217989,63.120328630001595,21.99913554797843,1.3172556339307893
553,55.3,home,43.36808991883762,31.42677829129401,41.7326678249019,56.14433411151815,21.463302751674764,1.0415047068052925
554,55.4,away,62.55561248928343,31.44854697713077,41.313121314612935,62.95733797555319,21.99909065683819,1.0633758436806606
554,55.4,home,43.55034300043863,31.314047979812393,41.85687760830732,56.2690183866186,19.778610608164385,0.9324997902153567
555,55.5,away,62.594713987932074,31.433104054611714,41.24249634426511,62.8767314667126,21.942546102580298,1.5658188671776474
555,55.5,home,43.53679653634793,31.29551970038486,41.562459625337155,56.23943865291734,19.79089311990248,1.1400345074975293
556,55.6,away,62.57040313789657,31.385195721790943,41.62336263244394,62.69526694297545,21.919430046851645,1.3927441026103848
556,55.6,home,43.5509023538214,31.3015655736892,41.59073321366297,56.303155160584005,19.83685875211412,1.3016997151592309
557,55.7,away,61.04846597623898,30.540368826377364,41.896080347645224,62.62684613171636,22.172815920893978,1.0274980743974456
557,55.7,home,43.56110046822303,31.334977420138287,41.87490588954033,56.0956729630375,19.88084297592593,1.2123627184393762
558,55.8,away,62.5279304253241,31.36900672334484,41.71295701308008,62.662004749451256,21.902009447296994,1.168905612888131
558,55.8,home,43.48915370604787,31.352373039356586,42.08089809963257,55.874703383038785,19.88992121295943,1.1754098263614894
559,55.9,away,62.52994390130991,31.295277144173443,41.8179911981422,62.325342008846285,21.904692901972265,1.088306175310431
559,55.9,home,43.48051232649162,31.3964154529182,42.18843072828079,56.052473936745656,19.922926220227943,1.0078378315174026
560,56.0,away,62.505895593481,31.322576075327415,42.07638973118622,62.15515320103064,21.86082745007765,1.2408117133838859
560,56.0,home,43.49650199136547,31.41626455497338,42.39211010618226,56.09958057254363,19.96179210454491,0.9350485505473075
561,56.1,away,62.4641035310306,31.304964970190756,42.4348983322883,61.990559489197814,21.88523962965244,1.2396014602671013
561,56.1,home,43.48576896460437,31.452968035652074,42.32783382458691,56.02349446683789,19.94698758847828,0.8317225741484419
562,56.2,away,62.45805403487759,31.29850781895325,42.27844589126311,61.953418200595806,21.811192717147783,1.3923329063179417
562,56.2,home,43.55758862663461,31.39840433224739,42.21396437885028,56.38251188800126,19.992599380984213,1.3440978881661518
563,56.3,away,62.42595893090104,31.258117209225816,42.14900841479741,61.86675629486937,21.784316317949585,1.0312475160294856
563,56.3,home,40.424924972856076,31.38744340941302,41.99312793532982,46.55085451470454,18.70095978928292,1.0452791141567264
564,56.4,away,62.34410535185755,31.303670380152493,42.184556530743706,61.52550735839506,21.726509142605092,1.2681156539508223
564,56.4,home,43.563086378078474,31.426839312372326,42.12022170765296,56.48531401643561,20.061644779012784,1.108005995803988
565,56.5,away,62.33101966724235,31.36052322234353,41.78613272273963,61.572922653941795,21.700861465008185,1.0999872754629887
565,56.5,home,43.5596609163366,31.429947459609142,41.95391109248172,56.87157395442971,20.053721928414806,1.2096070695163037
566,56.6,away,64.67885889302077,32.70643236269551,41.689176645585235,61.572260507478774,21.038036385509354,0.8313977733682755
566,56.6,home,43.53918478955854,31.382703409831024,41.77040748466176,57.043317814997124,20.083529011109253,1.317712448481115
567,56.7,away,64.68778013825077,32.67663549199641,41.7826905693949,61.43106977932353,21.02619058159182,0.8169151233683534
567,56.7,home,45.043707446515725,29.250711902712254,33.30146077824733,57.40070616729345,19.31395046266595,1.2142799226940604
568,56.8,away,62.346543055641284,31.327425896347844,41.70622905399584,61.36670788649798,21.628816857148436,1.373659965620477
568,56.8,home,43.509083817422045,31.441535679374997,41.57037608472373,57.46865273951073,20.15764012568338,1.136616764086602
569,56.9,away,62.3066140217733,31.332312154804267,41.69144394232254,61.67425361080715,21.664736858076036,1.034154794222634
569,56.9,home,43.43650640106281,31.443645141755383,41.60883978909928,57.56955626590599,20.20764850127188,1.52043981548064
570,57.0,away,62.33391225929907,31.372278163775658,41.516835525349485,61.54843308039427,21.597560568961605,1.355350743845958
570,57.0,home,44.85971204958743,30.570095952926362,41.704605099194836,57.729142913543626,20.459732147747456,1.3237529829545855
571,57.1,away,62.34815890090584,31.432275983411145,41.31481991889424,61.55384015289928,21.541928136727314,1.0726542552810059
571,57.1,home,43.316695056461576,31.4570100437947,41.30707616784563,57.64773841286245,20.24423893027193,1.456773367890734
572,57.2,away,62.30826985040746,31.459364853067335,41.30138179023509,61.57898079396005,21.497935180098974,0.7907604593022692
572,57.2,home,43.33384696758038,31.448769375149254,41.547183478705385,57.607309916890316,20.241156111572522,1.1905022413247102
573,57.3,away,60.6554895486237,33.47452551266355,36.91100979219404,61.814228666260576,20.913990071788994,0.9849685685635186
573,57.3,home,43.343786548918004,31.444542264689847,41.42914414002575,57.68080462770797,20.321646803761077,1.2315657686729815
574,57.4,away,62.29368463817952,31.402827929876604,41.37253397699347,61.63690166708942,21.51739599420392,1.2672385231708068
574,57.4,home,43.32184714825196,31.46656905376112,41.53771145489672,57.96968425698628,20.399880104928695,1.163363936391908
575,57.5,away,62.26541658077566,31.35258480308604,41.62257606815506,61.48529766036335,21.52488515412078,0.9483562415107162
575,57.5,home,43.33199675959788,31.534629939501816,41.527875796564174,58.106500446727274,20.41757260722472,0.9831812965313206
576,57.6,away,62.251676154909276,31.3929964399048,41.38559614294756,61.46646941236973,21.45806085276835,0.9513737542790587
576,57.6,home,44.955313883539375,29.37120276552169,34.0093845443255,57.96948545825411,19.63515649331811,0.7544932541841578
577,57.7,away,60.781963702457254,30.518650898023385,41.516190299559725,61.29978835783584,21.648269668336145,1.2763914292242045
577,57.7,home,43.332688235790194,31.5029719042577,41.77121798685076,58.278457812077505,20.437502343138686,0.8809680925538866
578,57.8,away,60.72892107109923,30.49961751447056,41.471836120371236,61.28952241845812,21.62718547084883,1.3619511886283362
578,57.8,home,43.19728987921001,33.08876462802458,41.78334661382962,58.30577058281853,20.855542565115556,1.184840336580774
579,57.9,away,62.16625563261289,31.349960880848815,41.40016694894945,61.404720822816834,21.413947479785215,1.0565087715768195
579,57.9,home,44.82913560455209,30.75161254460195,41.596604054707555,58.52129492276299,22.88625396432056,1.1438386510887115
580,58.0,away,65.12426301734828,30.09649221904816,41.3924608839203,61.451998723189206,22.502157619514957,0.866577631020122
580,58.0,home,44.946328551990135,30.704409221111284,41.77077430057379,58.87711787585189,20.737994604819605,1.1946918001303215
581,58.1,away,62.1502404383597,31.329102256486955,41.521883775269245,61.61044728664124,21.410628492937395,1.2574204043305885
581,58.1,home,43.41100436451315,31.490115669869557,41.970013603727054,58.85190627081829,20.5977133286866,1.2621300010529355
582,58.2,away,62.10080398191946,31.306453300434626,41.61093226176211,61.38838823995195,21.311672690782125,1.0806707179478119
582,58.2,home,43.33183688893065,31.42437349066057,41.976550106897825,58.992164729897006,20.58667562519737,1.392112563693476
583,58.3,away,62.15420995905597,31.316228044593437,41.76439324927362,61.525000624675144,21.34822656151722,1.1167553504878318
583,58.3,home,44.61479162195043,33.43371880109355,37.40197044487801,58.61951732471333,20.228912054952854,1.3486587060917081
584,58.4,away,64.43316859013004,32.72514980218834,41.67869742155351,61.40056378922307,20.709368224851232,1.123649377118284
584,58.4,home,43.387516761971966,31.356507847166792,42.15544761171364,58.6193572226843,20.583902102258598,1.0602957528305212
585,58.5,away,62.20155887302535,31.320455669495093,41.9571732654983,61.18679309089664,21.27411529612706,1.2717927261785096
585,58.5,home,43.38334088554439,31.358050768718908,42.02740215745951,58.96051313679207,20.631488740244947,1.1405618373057673
586,58.6,away,62.19031858201925,31.32924496037648,42.00843515396934,61.15201472493587,21.279566197365554,1.4360642306020006
586,58.6,home,46.02540713661826,31.10837270015772,41.782708090471985,48.97079496627633,20.057134446306836,0.8838430799430969
587,58.7,away,62.127534974658516,31.383959886372576,42.03289851730733,60.69173040632784,21.176916212663443,1.2366428303251131
587,58.7,home,43.4032548510751,31.3200882573399,41.79900739962211,59.093828959739604,20.691793714712713,0.9550558158402859
588,58.8,away,62.190939453708985,31.361362109171647,42.03991032286696,60.66792804264179,21.12887227609603,0.9586755439590007
588,58.8,home,43.39722314382303,31.314233893409366,41.71049693938099,59.00541835683056,20.709594655534193,0.9398971958644583
589,58.9,away,60.79816192682906,30.5224966306675,42.449457515313526,60.61170499349345,21.448147068359514,1.0241885091798426
589,58.9,home,43.37864935094215,31.35347904551439,41.667072557351226,58.83479924031124,20.70957338828813,0.9611937784829091
590,59.0,away,62.14507367722974,31.361597219478924,42.40420579434855,60.05194380208878,21.097349743664584,1.3324469399185526
590,59.0,home,43.34968112465614,31.350644272849845,41.45758770770182,58.879988157449965,20.72450800240031,1.239735646565312
591,59.1,away,62.16276728384219,31.37728639389455,42.50884160734292,60.028294246237344,21.15391407886941,1.380402904880294
591,59.1,home,43.37189924967879,31.414207015025564,41.40651848746082,58.85216808287373,20.797094096439068,1.2978405051843884
592,59.2,away,62.167764285132556,31.461614593899643,42.54545191920104,60.06235610442156,21.1344608905639,1.077255964095251
592,59.2,home,43.33419589253456,31.424911691558588,41.40871305581,58.97723273838507,20.81678216410462,1.2166179826718837
593,59.3,away,62.177737079269406,31.455440799299268,42.59348451039024,60.04608777977655,21.135591427942344,1.0859793525086925
593,59.3,home,43.294858121775896,31.376243770563523,41.2653661074751,59.03645037886899,20.847815904570894,1.1499506713797587
594,59.4,away,64.40226442124425,32.72922072215478,42.16934336204717,60.07919571615184,20.607028312979175,1.0748116724290033
594,59.4,home,43.241299704775635,31.33233630686365,41.472420241140725,59.24889565298747,20.880369551091306,0.8894615236037133
595,59.5,away,62.85529304503768,30.91776645446435,42.24675662025339,60.153820949198604,21.173581608999065,1.1578713863030532
595,59.5,home,43.268052473327344,31.339579689294297,41.533252532356265,59.23548278827997,20.87833162831337,1.0772464398379273
596,59.6,away,62.16201789387976,31.358890760448503,42.305746112250596,60.30918424269018,21.128659997991296,1.4721013248978017
596,59.6,home,43.25480045473207,31.318515372588077,41.55193033868266,59.456989595243655,20.91301383639412,1.2541088415112185
597,59.7,away,62.26919392943562,31.296475416428724,42.296180150328475,60.111348413457,21.11362128286947,1.3399498040813385
597,59.7,home,43.23239192964188,31.283387135385976,41.598340196145486,59.714725691545766,20.90477701025674,1.0621502905692384
598,59.8,away,62.27896886152982,31.297607310892793,41.802892549167765,59.73287720006615,21.036874262703467,1.2950252093190295
598,59.8,home,43.22458968852773,31.23712934472761,41.55697391536632,59.79881632358351,20.91863428366339,0.8284382779552544
599,59.9,away,62.30994541145433,31.284380318552714,41.704712028083094,59.72592692401375,21.031836875048516,1.2066499196605378
599,59.9,home,47.57974303446564,33.35688965605351,36.93318493357011,50.0276593146309,19.92763915641484,0.9465933412067121
600,60.0,away,62.71954585617541,29.766945142864778,41.52454845540663,59.70834913924581,21.53589636623341,1.1176200797658198
600,60.0,home,43.27627357360828,31.271566433276142,41.64344944105687,59.88400634030103,20.92688271193898,1.2278519057379305
601,60.1,away,62.278043378502076,31.13772398161127,41.513254391517066,59.463954748851954,20.963159175335363,1.341199389864649
601,60.1,home,43.35826777358516,31.250081265865035,41.788969474628566,60.06610567911932,20.982458304336078,1.2609032918066292
602,60.2,away,62.32107559025444,31.0558706264712,41.522205384888004,59.48373522161832,20.93477518111499,1.0357718939330782
602,60.2,home,37.07684410590613,29.596115178377246,41.90240511308301,48.64174109330372,18.104201516981185,0.9931185683092217
603,60.3,away,64.50718180561503,32.3742590255197,41.80135174200582,59.26430775357756,20.34397475946615,0.9969130306810395
603,60.3,home,43.42182541108809,31.210151884104793,41.960155755488316,60.34965833401846,21.07919682436811,1.1690937282607292
604,60.4,away,62.81530645708381,31.22781129703491,41.77202979645652,59.22883665446926,22.397776659137655,1.0933056758024033
604,60.4,home,43.37644802675399,31.155061880336998,41.81544239809119,60.23753514807179,21.09162401255608,1.2875514488374533
605,60.5,away,62.26113290970884,31.06069503471881,41.706445537759706,58.89477754951499,20.83252044940157,1.3024331696322322
605,60.5,home,43.39456982694573,31.13316060124648,41.76051414583402,60.26355404528669,21.13091284518059,0.9059494033587477
606,60.6,away,62.251402282104465,31.078778012964495,41.60750063461653,58.74367771094506,20.738403394686795,1.2340120604597167
606,60.6,home,43.42304596593468,31.07410060545616,41.90578423196479,60.13753301740641,21.13964755812961,1.0022404786208843
607,60.7,away,60.68265977518703,33.10905389627002,37.43831638534048,58.829620019926836,20.069907473130286,1.1771816632356278
607,60.7,home,43.47152062715511,31.04867295316534,41.61100950855387,60.17341541596619,21.116196312160866,1.3100589143445325
608,60.8,away,62.20787050184044,31.06392797338584,41.79577833873469,58.87661308737495,20.671298856582652,1.2607744867020427
608,60.8,home,41.066149821354315,29.674450563888524,41.45814718953623,60.39768887173071,20.40582376452823,1.3859252391367967
609,60.9,away,62.209663387230535,31.009180342401258,41.99253118871834,58.56883726352013,20.650062045698963,1.0487065557822226
609,60.9,home,43.393411173220166,30.904268692517174,41.7679538999127,60.75955202498492,21.240262154762238,1.2634617478068777
610,61.0,away,60.99221129856237,28.901033279569997,34.94053537519366,58.4922921453309,20.02341395438625,1.2788013841844248
610,61.0,home,43.37670082397995,30.89188486757771,41.72406086745308,60.882434073854,21.253880870484057,1.1150404936090466
611,61.1,away,65.11450020562522,30.798490173155795,42.28504722393917,51.772267666393844,19.77946270869814,1.5411910851771666
611,61.1,home,43.02343419174862,29.494120693255535,41.58772164355099,60.80932811566217,21.76333344274783,0.9482450402771354
612,61.2,away,62.27788791174971,30.8608558223473,42.20576290689409,58.145707887426546,20.556720336746658,1.4011592465307499
612,61.2,home,43.290439583253246,30.79747574317356,41.55442188038529,60.72233287709172,21.21799780692105,1.380207952571229
613,61.3,away,62.304945426520845,30.766962011065264,41.902632427224596,58.009167305687654,20.495058538385095,1.5283337787089584
613,61.3,home,43.25307875612014,30.767304271148454,41.683374586168945,60.561356671532636,21.244901665736094,1.3435217254942728
614,61.4,away,62.309770033495354,30.714754037145635,41.95153254384023,58.16392851738415,20.504024690410684,1.3280013846938887
614,61.4,home,43.23341187257942,30.703742327540887,41.788604831377555,60.599666807381794,21.300755404397027,1.2828043096667212
615,61.5,away,60.91656641713389,31.489450836557694,42.107220931445866,57.88433902621115,20.75764960757642,1.1955965589460837
615,61.5,home,43.21638996749659,30.632086281718752,41.883093524917754,60.71425998241841,21.345399104110154,1.150318120406043
616,61.6,away,62.30113200369046,30.606823758684257,42.47696076552681,57.821634322180465,20.605347135301315,1.0415101189270708
616,61.6,home,43.212530872287296,30.58829834772612,42.001202806308086,60.679608492399495,21.392685229181026,1.1949951696547967
617,61.7,away,62.2892702528986,30.51764190164366,42.26257246999963,57.597880334925456,20.59439046972606,1.1437570783247784
617,61.7,home,43.23134248071121,30.56374048654811,42.174393952680795,60.4898716491682,21.37741977518224,0.9671923081633188
618,61.8,away,62.30271515066864,30.48645442421918,42.3348660285243,57.45493185800329,20.590752771492426,1.0694050859257558
618,61.8,home,43.21600132092058,30.502241509190323,41.66691864020716,60.696986313052776,21.394108948337706,1.1703681658366187
619,61.9,away,62.24454940270064,30.459765170695277,42.4232474466179,57.5344772300128,20.59858892037983,0.9941040203704558
619,61.9,home,43.198433427414166,30.438761896155825,41.86792280383529,60.81082130575989,21.456319198616292,1.243490561621839
620,62.0,away,62.25376530074604,30.406320108856857,42.158087185160646,57.42113917979382,20.565857713282174,1.2694745724865029
620,62.0,home,43.16864457014436,30.44557028343348,41.88135236135119,61.24809908438473,21.54806848389972,0.9923401151930911
621,62.1,away,62.24044383213152,30.37446399839372,42.20432587836178,57.27578203820938,20.52551677964287,1.5279160212199656
621,62.1,home,43.18712036982258,30.457261058312962,41.93551293863453,61.27237574144035,21.55045024389805,1.0965098755744895
622,62.2,away,62.277533813094074,30.42387144812793,42.64979400131858,57.511351833455485,20.555780402011894,1.3846281499931086
622,62.2,home,43.15230843952831,30.458663828644237,41.874984981558526,61.74275079224268,21.595193366489017,1.0047365780012918
623,62.3,away,65.09507505412464,30.26990144938651,42.70759992845201,50.18317440583972,19.691826863524618,1.2927302854118177
623,62.3,home,43.19007525946278,30.507929111237125,41.82203283946872,61.819947639749756,21.6332838271841,1.2133678974471596
624,62.4,away,62.21640207679516,30.433337326541242,42.62078556655362,57.454063629591936,20.47060261776277,1.3140553294137023
624,62.4,home,43.1840295025615,30.579944807090033,41.942060462159944,61.97497539614469,21.68814550728398,1.0846944319005052
625,62.5,away,62.185045383048184,30.389838702900285,42.506692919667394,57.600433122385034,20.4553738879112,1.1986348206631368
625,62.5,home,43.20536731173635,30.550723208354785,42.16921087420172,62.31578935521185,21.769262013944047,1.2565635113864653
626,62.6,away,62.21597709359,30.390398269345553,42.7093683601843,57.75355435426185,20.472158895940655,1.1056519649510206
626,62.6,home,43.21792485058709,30.57466205891687,42.2832796682896,62.36081841798526,21.812939972927882,1.3221489834175244
627,62.7,away,62.20279471106556,30.403702317069772,42.59715291812967,57.98078859614581,20.446939992224348,1.1743075963648477
627,62.7,home,44.84273346182462,28.468064536285077,36.1394165826502,62.242226535403994,21.185661407339353,0.9944912644542594
628,62.8,away,62.19708105131215,30.414130092203838,42.489256303510686,58.14991627118468,20.42907294944408,0.8622573588444705
628,62.8,home,46.0280333246032,30.463562016907936,42.71178133554186,50.893700490695714,21.050410499311447,1.3042755817008276
629,62.9,away,62.21238995938645,30.425924775614064,42.728130670635565,58.02400194134106,20.409412268562434,0.953642313792702
629,62.9,home,43.252985511812774,30.578365052417258,42.98091949623973,62.37624104268748,21.86465884833204,1.2945268565057566
630,63.0,away,62.18315340791382,30.4392429643074,42.853925333841936,57.98736736878175,20.400089610374422,1.203674838855286
630,63.0,home,43.26727299791937,30.602175721464416,43.424259948908166,62.04022407738695,21.887021959908715,1.0490741990391916
631,63.1,away,62.112399848561815,30.448379380542303,42.72989952972992,57.907566528966264,20.340886128409974,1.2024095160424146
631,63.1,home,43.31154496366199,30.56347618514479,43.21331874189846,62.22716373924723,21.916494105648837,1.1086983397247416
632,63.2,away,62.186355030742945,30.42316910169084,42.50860082129792,57.642169598951526,20.257304989341232,1.1165902855848755
632,63.2,home,43.3293293152231,30.53074859394077,43.35903752585223,61.88295918752781,21.882896947637768,1.073012091611103
633,63.3,away,62.22817750645492,30.406717356486514,42.73693514574042,57.45999261024978,20.28345291141397,1.255274515766966
633,63.3,home,43.29487738839127,30.53114493306841,43.260195637196894,62.104985294208085,21.85057448189176,0.8173691666312514
634,63.4,away,62.27421394705293,30.417164384747352,42.58700865676373,57.360498934287264,20.239753402232505,1.1589074812518023
634,63.4,home,43.30176603039157,30.515788946747296,43.211682143127234,61.99566196687462,21.821962662478068,1.0624906948610646
635,63.5,away,62.289122831197034,30.493728522126858,42.43796595465757,57.19721683646002,20.21477539972591,1.156396758753411
635,63.5,home,43.334435506741045,30.462636769659188,43.28500924950421,61.846953178697596,21.798760454365492,0.8802584430450253
636,63.6,away,62.29932662976888,30.48012880303584,42.61951745066979,56.744300558289744,20.207702473774475,1.2095203781723056
636,63.6,home,43.319220837637744,30.428482898429138,43.1756621734421,62.11005667822682,21.851749374400892,1.1232291083861972
637,63.7,away,62.253761530045956,30.51502305340953,42.821192340246306,56.354806916143694,20.159522425348253,1.0265136364154535
637,63.7,home,43.33759170299084,30.459178710031413,43.2624952525134,62.23320386635708,21.930072286360158,1.1364106944911254
638,63.8,away,62.226617414034244,30.57359815758891,42.721346670143646,56.23732885007825,20.118418376591055,0.855427100678018
638,63.8,home,43.304404743169606,30.473086350788705,43.11149447988666,62.343637791746175,21.953805837788288,1.197966461636443
639,63.9,away,62.28654746526453,30.591399824615056,42.458506621513216,56.43004614484513,20.102808820919112,0.9108558231974805
639,63.9,home,43.284911468966065,30.51582513592069,42.90915227026853,62.69669122086576,21.999536555831735,1.2740297554123758
640,64.0,away,62.30741159098823,30.561169691474312,42.675687301235364,56.2683449549508,20.16296312993359,1.215771078044113
640,64.0,home,43.36548524906559,30.550350752968175,43.080797467075705,62.52673612935936,22.003437674967117,1.0902869269804987
641,64.1,away,62.29001926914611,30.571780526262582,42.82417095584793,56.01306658149154,20.188479355668886,1.028856320107594
641,64.1,home,45.96678298773304,28.92358895733758,43.19279327160254,52.02104238844129,21.835390901164132,1.0347527283702962
642,64.2,away,62.328876779369466,30.575307755538077,42.567163116053194,55.80066170279245,20.12535749734994,1.0267868005497105
642,64.2,home,43.35678782154637,30.57590607869321,43.437551534412854,62.49816501030904,22.06898570279535,0.9476053094585161
643,64.3,away,62.27850050111396,30.619067984669016,43.01453363158115,56.00071987413496,20.143169381201986,1.1195854499257212
643,64.3,home,43.290148824237505,30.59880730490532,43.29225176731631,62.38039017210309,22.109771940707958,1.0475295268711635
644,64.4,away,62.27440025165117,30.567035959555948,43.16297027815161,55.943279767330274,20.138535545539174,1.2999396072966716
644,64.4,home,44.92933946893274,29.895031884916374,43.06247605048876,62.67276083825029,22.344419432568593,1.0842407024443395
645,64.5,away,62.25257784026151,30.57114826735383,43.0400826412111,56.03373555934718,20.102764422658936,1.36834697771041
645,64.5,home,45.00328859642242,28.567634403542662,36.13531718372713,62.909013183178956,21.468332933778328,1.199278630308915
646,64.6,away,62.31263501357225,30.533181759030175,43.02319696027806,56.07674927714794,20.12300222783101,1.1930631058646084
646,64.6,home,43.33410986434939,30.75509104993574,43.09754799084619,63.02451943951236,22.232507754506944,1.2813673526238867
647,64.7,away,62.3302374980749,30.54626165963546,43.10828247979769,55.883403604521966,20.07627976062273,0.871870527512656
647,64.7,home,43.421989915092496,30.764638599126876,42.93102958564584,63.11977161005925,22.237547855519313,1.2116035058041197
648,64.8,away,62.35425847563549,30.54796156513938,43.43975820050366,55.6808546918092,20.1011714934741,1.1354726500537533
648,64.8,home,45.100487189584115,28.589187289225748,36.594443836418286,63.12639306912352,21.564240864289946,1.0683650853157067
649,64.9,away,62.37621255008781,30.544802996785744,43.334587531219945,55.669130830302635,20.051588076456724,1.1602332342702129
649,64.9,home,43.425818693445294,30.704115904879675,43.24089322542323,63.32046539875461,22.298111636306217,1.4233708032315704
650,65.0,away,62.39529083837006,30.556161331089058,43.3232648015009,55.83780765059603,20.01882146415697,1.1565675048716366
650,65.0,home,43.44952326952348,30.70958680117758,42.944116962162965,63.573325381691134,22.3178080261794,1.2808342642109087
651,65.1,away,62.454558131997445,30.592603841776132,43.30516638195503,55.74700796672639,19.97410587062754,1.1840293798637942
651,65.1,home,43.44199736743165,30.74754679671366,42.70302524389114,63.82448600872996,22.353179797428428,0.8299647677381394
652,65.2,away,62.771259964283374,29.108356964500018,43.02950802439065,55.274263314387554,20.301328188299486,1.2074237109545525
652,65.2,home,43.522425692835434,30.71758071561169,42.704239397977595,63.83347116621245,22.3316378580521,0.9950765366568227
653,65.3,away,62.4832494472764,30.58995357663698,43.07303810663532,55.071534070845615,19.807497750819888,1.0705048643297952
653,65.3,home,43.57180203419856,30.717926813295392,42.77797774950995,63.83588564971927,22.367825117796084,0.8513761839296446
654,65.4,away,62.49503033678209,30.602637594756423,43.39080771979603,55.244754690734425,19.865772739328055,1.092786837197596
654,65.4,home,43.58127215702152,30.660565573636116,42.69475513835043,63.593462235803685,22.3226694063093,0.9361317605535544
655,65.5,away,62.540389049274246,30.610663311219273,43.34138959918934,55.28972103550473,19.835963677730057,1.276930963415148
655,65.5,home,45.16397549377163,32.81767666861585,36.39837104046994,63.587996765268805,21.79285171680327,1.2480573007418942
656,65.6,away,62.5154319792247,30.577928718037832,43.19476946835427,55.28713417225255,19.79371647124326,0.9457964191860632
656,65.6,home,43.56328876020995,30.561370619995913,42.46054407683103,63.540023880885485,22.303391570387358,0.9410733740587315
657,65.7,away,62.498745279242186,30.596078365113474,43.080744734449425,55.206322393084946,19.752383013013056,0.8780415376277417
657,65.7,home,43.57444575710548,30.596659282334507,42.6312470935806,63.271308335907854,22.329939731239996,0.7913750553409181
658,65.8,away,62.49043773435896,30.62818064452849,43.083424648377296,55.27601326341407,19.7518616949849,0.9233234975929527
658,65.8,home,43.58357941085037,30.61706981750673,42.746944287424704,63.312256164578336,22.32221757911047,0.9405054549288697
659,65.9,away,62.4610268124,30.639052371380373,42.94592871562738,55.00080805204827,19.722192033359462,1.0394835538436595
659,65.9,home,47.33773383867159,27.553455604972246,36.803793626515144,63.31119779971612,21.757592400139167,1.3762941373491078
660,66.0,away,62.44828466875514,30.627763281226695,42.9954871981291,55.16536077142028,19.785257798055664,1.1533986216457417
660,66.0,home,45.20519317420828,32.775098113708225,36.11756154630824,63.55884339303427,21.78202568080373,1.1834562162413
661,66.1,away,62.44393118142304,30.722244769849194,43.13658277892326,55.26729262698268,19.811709228569452,1.6229437758979832
661,66.1,home,41.164818498272595,29.07421036902958,42.614744864356375,63.95098371105346,21.568849527544348,1.236291991982398
662,66.2,away,62.4593552386776,30.703346336732377,43.14555926943428,55.70100183707396,19.867668891229634,1.1668402877060746
662,66.2,home,46.50071425240318,30.59199379524285,42.74577884513535,51.8922150750043,23.77203919493212,0.9993753028414761
663,66.3,away,62.523818326718136,30.700946357527183,42.90870444936944,55.55164332641251,19.779557248214577,1.0459049793133806
663,66.3,home,43.65397996170219,30.584832326763205,42.699914269541836,63.98076808279313,22.37814605174621,0.9564828030422315
664,66.4,away,62.534621573333226,30.76762087242929,42.902502903204315,55.40485291387179,19.74846851920445,0.9512931526153313
664,66.4,home,43.62982022183938,30.620983545954232,42.74630466910703,64.09407866857653,22.41517876724401,1.1120483840450754
665,66.5,away,64.47428683856582,29.31614257563452,43.07338648041404,55.35791419658499,19.299315697424415,0.9583594041615333
665,66.5,home,43.635375966123085,30.709217432522802,42.68021711430786,63.998967807144794,22.436211083432887,1.1722114810896267
666,66.6,away,62.59891053783331,30.785435472014615,43.09803211350853,55.30010335080273,19.775906787386862,1.235948218433453
666,66.6,home,43.5883571748605,30.640288270554958,42.76946812656626,64.10152626568842,22.45133870332091,1.0900440860778875
667,66.7,away,62.61157314029076,30.800023185802036,43.3311224940495,55.20636748980721,19.790529154693687,1.1625138530601202
667,66.7,home,45.225472443305875,28.57572354142353,37.189083866569256,64.36273811766785,21.896614166469,1.141200629162422
668,66.8,away,62.59209720335173,30.78066756821703,43.4319990865004,55.399054346156014,19.74544115880344,1.2154632781139212
668,66.8,home,43.60248186703919,30.596475156002427,43.027575496033585,64.53466929662723,22.574048908816675,1.4172740715515848
669,66.9,away,62.5920754667291,30.744652422531683,43.55711132791156,55.48239242957892,19.707285827512916,1.0549541548973795
669,66.9,home,47.35798555310479,34.140074374005614,36.238999308532215,64.72810158661895,21.917116067236357,1.288261316114995
670,67.0,away,62.61145990185138,30.69804512791688,43.686150351522926,55.50162107395611,19.712317461598715,1.1353710150606389
670,67.0,home,43.72394723149075,30.64678215954494,43.17225785934165,64.48803697188416,22.553313270068372,0.8872951418214321
671,67.1,away,65.40169757496139,30.45786858882456,43.79305575000908,46.73184324797099,18.779804926068405,1.188876314394261
671,67.1,home,43.72084158487041,30.644307589825168,43.24944878577696,64.42669343561089,22.591787607835027,0.9942371115125347
672,67.2,away,62.59400802532789,30.74490882690948,43.89566884216329,55.019417147752996,19.679261361628757,0.8446940941776219
672,67.2,home,45.46282218412914,29.98757041635299,43.26607669337195,64.58993120157541,22.89347422848303,0.9638460583608847
673,67.3,away,62.553771850660105,30.704196400022614,43.85536233289524,55.06178308279884,19.66685027103901,0.8716814301012601
673,67.3,home,43.760078707529495,30.662130594790714,43.458468234671045,64.85222839292877,22.66234119056895,1.109171786285222
674,67.4,away,62.5779973306286,30.757948405689664,43.93705146904582,55.0679646568763,19.65924503767598,0.8923835666432365
674,67.4,home,43.74697151574239,30.593849268058605,43.61447346140136,64.91884457170937,22.693232533592813,0.9482508286596211
675,67.5,away,62.59322940783495,30.780621337620154,43.98395580895535,54.857232847741855,19.624156210347852,1.262240302047926
675,67.5,home,43.81979132868966,30.657381314691143,43.9118486051911,65.11233348062264,22.763977094779676,1.3127780537711096
676,67.6,away,62.63655811994011,30.763672009943704,43.70939844080236,54.80176332128782,19.570417665989694,1.0023494802016373
676,67.6,home,43.87465845065754,30.702477810023208,43.93208519218283,65.10720755549698,22.807170387829792,0.9792349551730178
677,67.7,away,62.73073766063405,30.77045174199968,43.91246379849838,54.815332943864696,19.639355304053883,1.0123115850581017
677,67.7,home,43.85052376913819,30.718033784318845,43.86493654857113,64.808642236344,22.761561546732583,1.0069869892063588
678,67.8,away,62.733241041765,30.786963757787245,43.71255397019292,54.806208065819916,19.582859873559,0.8940516847316612
678,67.8,home,43.82947544076682,30.790875369577417,43.9655198183177,64.58689550915939,22.774476228356356,1.1651389572725273
679,67.9,away,62.74791059185109,30.76195576584065,43.44734821435622,54.724626190619276,19.57505103361026,1.0610109749541783
679,67.9,home,43.76031277191374,30.73591513295996,44.03484168069715,64.70556269232873,22.837983636431613,1.1543814985526386
680,68.0,away,62.706886119567486,30.740123913967754,43.225119440163645,54.736246046925324,19.54564533162656,1.2989594775872257
680,68.0,home,43.71452926888093,30.749269055576068,44.07887382714204,64.87075119435993,22.86920144171887,1.0058002564381943
681,68.1,away,62.703444042745666,30.721006447517656,43.24786902483638,54.71318179326031,19.530282030445907,0.9706653597436646
681,68.1,home,43.71427393583097,30.740038994870417,44.235690556792704,65.01952389820333,22.930734504565393,0.8906695145039699
682,68.2,away,62.69079949327244,30.724715679513313,43.35408949963276,54.6917519450822,19.587978828305932,0.9135482764133662
682,68.2,home,43.74819653860825,30.748341737714906,44.197761654590266,64.97619683410525,22.93826624456923,1.2949729773739518
683,68.3,away,62.71150666771507,30.676671199545716,43.465584832296784,54.6512873400363,19.633515132245233,0.9363323699540796
683,68.3,home,43.75713825745704,30.816492927621745,44.061969411977984,65.23630585779543,22.932565118840355,1.0376667866408427
684,68.4,away,62.69715794496908,30.664746349899005,43.36119283039237,54.65369857550432,19.623674226171843,1.1775129287190487
684,68.4,home,46.48660012484086,31.40766212557498,43.9031591367645,52.3321944929551,21.634321724221596,0.9134875963085703
685,68.5,away,62.698561622594745,30.657773697054076,43.45981517518234,54.76740653687454,19.649218382170023,1.0033552706026392
685,68.5,home,43.71869588154564,30.73400447597186,43.89752577269663,65.2827393757094,22.965179620738187,1.1629164226789777
686,68.6,away,62.70103077764815,30.656856206190717,43.27078662578629,54.827606256360234,19.66996841771563,0.9132260276755915
686,68.6,home,43.71407584346891,30.702359721702525,43.99672092159847,65.10670580577778,22.96965647426704,1.060519352939073
687,68.7,away,61.79457117803731,34.942120426939596,32.15414359835379,54.70041666456552,18.977581396544824,1.2854301291789574
687,68.7,home,43.701845152772776,30.67287819454759,43.942270365287854,65.18170584968124,22.99954693392983,1.130436394165983
688,68.8,away,62.776947475062066,30.721235018590484,43.58304077614163,54.41679285731213,19.698982656000428,1.179402043709282
688,68.8,home,43.78784566290837,30.686855207329504,43.89221569823523,65.0635399350662,22.985850318341456,1.0752806997600333
689,68.9,away,62.786453005745564,30.74373336078843,43.53613393338598,54.23849796924412,19.647568663125217,1.065561467055685
689,68.9,home,43.20487160906425,29.088406079684564,43.87873055078893,64.76795793026324,23.51598582002929,1.1059700677299227
690,69.0,away,62.79597832783023,30.77703611622042,43.61935959028113,54.43189335796457,19.687106359653196,0.9811421645756941
690,69.0,home,43.80667783458757,30.63157943537559,43.859620268603095,64.75996053573706,23.010287274649286,1.1376106011092875
691,69.1,away,62.87870086266601,30.757534756141162,43.579234131867366,54.283705078312934,19.651730741036943,1.0346915849413392
691,69.1,home,43.51359110316174,32.265104521410514,43.97040698158268,64.6604051434083,23.611656012533366,1.1759485486844765
692,69.2,away,62.863343382590095,30.71487373225563,43.46569585257839,54.30421184364423,19.59451242970344,0.8114889955988766
692,69.2,home,43.7985021454775,30.654320851526563,44.054340218867324,64.60524314135907,23.02489649573089,1.0199984995030043
693,69.3,away,61.70667192979339,33.073388938136056,36.44791003596866,54.26365535475339,18.857182311313856,1.364203276097682
693,69.3,home,43.912625960237,30.60626692407059,44.16092300715402,64.47935806771837,23.022331161215156,1.2576290536563446
694,69.4,away,62.86645166165374,30.727082188026454,43.57115653659568,54.04041608519414,19.56104179898929,1.2677725888521492
694,69.4,home,43.91831184640879,30.712005149349082,44.3635666730769,64.40442116596115,23.069850977556193,0.9690883176300111
695,69.5,away,62.856258440226505,30.749414010586182,43.54742927795077,53.8807941856002,19.49897155455753,1.139353019334366
695,69.5,home,43.944749115389016,30.72723940251391,44.36248806811075,64.51623718384937,23.064816198418665,0.9149678812878723
696,69.6,away,65.27082641451787,29.15223347077674,43.39050403111136,53.86080526554411,20.51876065359075,0.8910096974108749
696,69.6,home,43.96067696727224,30.73804931992098,44.34868459085655,64.6258351459539,23.055454922909686,1.1715769935006768
697,69.7,away,62.849351327616866,30.804463124183176,43.270900086519,54.091314254715805,19.478699329911716,0.9669656061951755
697,69.7,home,43.89929623396492,30.775700178974695,44.34932164023115,64.9903658908381,23.048199172378947,1.104318891330615
698,69.8,away,62.839446366222745,30.78568481585752,43.515029371554846,54.178838071059026,19.537804130848993,1.156907508573924
698,69.8,home,43.92592476281234,30.80725773946236,44.241443976375066,65.23990910440875,23.012086549304584,1.0268370807510487
699,69.9,away,62.889150743302714,30.757748336329552,43.56462458748636,53.94821611249567,19.533318188941966,1.2256758104540055
699,69.9,home,43.93677899309621,30.80309646052432,44.100435451253624,65.11772027311332,22.965192472729374,1.1604601622202544
700,70.0,away,62.9066809004545,30.774574735120652,43.591573657953084,54.11328004812041,19.510647012251898,0.9568790113118056
700,70.0,home,43.56103425571742,32.315267158719884,44.20024715798746,64.90850800596183,23.6146624702327,1.3304228168537329
701,70.1,away,62.928791347148724,30.777955024914,43.72282755707332,54.3465792473248,19.612827242298735,1.1212563197695335
701,70.1,home,43.97599683463179,30.829574791059283,44.303640520146146,65.16420354955818,22.98362690851433,1.1881583991531048
702,70.2,away,62.918815793746354,30.777135503738283,43.4972149993599,54.63079705250049,19.638604258604094,1.1713342419089465
702,70.2,home,44.02363734158398,30.858554498505892,44.15004160988951,64.98347366481826,22.964264726119946,1.129809450407164
703,70.3,away,62.95123634476235,30.83025926241852,43.5890570773457,54.852500462475064,19.654800128407587,1.0617201571387311
703,70.3,home,47.154447053911035,30.835044204139848,44.160489426017804,51.58552390391101,21.76663621356762,1.1722349119271218
704,70.4,away,62.972869862444945,30.830035994368917,43.84141832298956,54.939607794774325,19.73756270422226,1.0596121454870426
704,70.4,home,44.07173660349797,30.83996548439734,44.25324821423754,65.23833234180846,22.920269089582334,1.0730931268006212
705,70.5,away,62.990823807593124,30.87879356776838,43.894538916131,54.7097192091493,19.700494117310413,1.0532029221869612
705,70.5,home,43.46984308852388,29.268355748996157,44.11292732161024,65.25497371893299,23.439623164953154,1.1434242695253114
706,70.6,away,63.02298166570153,30.819117509742924,44.01715918644172,54.782272173947916,19.773475447546904,1.081175200242419
706,70.6,home,44.0971579724221,30.864559607694922,44.04084734608777,65.09574669545367,22.95410208552751,1.0267181484951222
707,70.7,away,63.054068635758654,30.825467515676163,43.95854247202118,54.84385741835265,19.793982818679556,0.9296049252180407
707,70.7,home,44.11053607494012,30.860632067436942,44.21934490725188,65.31629877406301,23.051630426448376,0.8862500922320503
708,70.8,away,63.01520965268082,30.83686557662045,44.01938563191688,54.98026304564411,19.806793268081222,0.8804013858741424
708,70.8,home,44.08613237155768,30.913000849396493,44.343030760802066,65.34676260271647,23.049723788571892,1.2485552140587903
709,70.9,away,63.0795947772692,30.87379609853104,44.042153429761186,54.776617971824194,19.79755777261788,1.197770403017476
709,70.9,home,44.110003636198854,30.951679054414658,44.165699795763516,65.83979314759966,23.075045300484803,1.3473152962666952
710,71.0,away,63.0590116514141,30.897907561539217,43.99993829293441,54.62355102154474,19.736919645172875,1.4087425050587814
710,71.0,home,44.09097800912766,30.955820812713394,44.23252712107128,65.96768812045237,23.105767988944777,0.8190371150266944
711,71.1,away,63.112701095139144,30.925238303642853,44.16578722669098,54.29843890388921,19.7446762792638,0.9768507987257553
711,71.1,home,44.04846865166268,30.93507952570884,44.44297233838006,65.97054363233649,23.082063007782175,1.0217676697300258
712,71.2,away,63.10606579636269,30.953106775527218,44.160341985373236,54.31843746960498,19.75883371121175,0.9418056387397411
712,71.2,home,44.04073157807082,30.998602563965168,44.62101416060695,66.09919117299796,23.132328454607926,0.9386516223560818
713,71.3,away,63.0828359522847,30.992384004171154,44.18864833988651,54.09188083503307,19.691789759423873,0.9518324631661431
713,71.3,home,43.40534255748788,29.396875090037117,44.735868761119335,66.0014209708757,23.69403021204777,1.1644243531979548
714,71.4,away,63.2130652752384,29.34762971033367,44.21268518223589,54.323903779994154,19.986360729104483,0.8913911017892022
714,71.4,home,44.074569955273425,30.945368361192642,45.054465962068285,66.07516143355551,23.169542783849483,1.3078479176724167
715,71.5,away,63.0913396856164,31.002842839191725,44.352030102594156,54.11866032015246,19.663088498473293,0.9940447670220045
715,71.5,home,44.09982695686232,30.95682035338232,45.25745061231643,65.99379251834836,23.1417697497415,1.0594285606080058
716,71.6,away,63.063856337055626,31.020268317003705,44.295676097526595,54.14889908452985,19.660184111482764,1.2060508738807192
716,71.6,home,40.73641546531102,30.729500222168944,45.33820711729796,56.64371564146901,21.916595546976577,1.3096974906320962
717,71.7,away,63.09314689709679,31.044657469967206,44.33347781889007,53.928440805210734,19.59897314672327,1.1882573175308595
717,71.7,home,44.19023212932459,30.906981189838575,45.441352142292686,65.67973133014569,23.12277325838966,1.2607840592159316
718,71.8,away,63.06262005865788,30.986616552403426,44.359867134983816,54.105305992016994,19.628015150224837,1.1480676867620396
718,71.8,home,49.556012035474545,30.29231092413943,45.41457511342651,51.44859802284002,21.801899931178266,1.1464830473406074
719,71.9,away,61.88479090300566,32.033042618665476,44.426699742168424,54.066852278832826,19.920734735360966,0.7974158168732197
719,71.9,home,44.22985952389253,31.002602592649644,45.41669516791082,64.99013316076338,23.06185928018136,1.2321960493727107
720,72.0,away,63.047321402381456,31.029577767082092,44.56545559983903,54.179813701220624,19.640702251273648,1.1630242381724005
720,72.0,home,44.23873027631698,31.03401390880899,45.05189291355241,64.6566765642816,23.012787381695464,1.1838655714190323
721,72.1,away,63.02719237193933,30.967686633816445,44.677586674797254,54.093029590837695,19.63291246357431,0.9919065323483678
721,72.1,home,44.29170897029089,30.996118807062338,44.99908598028895,64.65374257106669,23.030824153662305,1.0463940993577379
722,72.2,away,63.06613932516894,30.958103910547866,44.390171890294276,54.29726414595521,19.676175512532936,0.9340280257123289
722,72.2,home,44.35336039098015,31.028941062030913,44.80673867155702,64.5727548300886,23.00115613069011,1.0169457762108125
723,72.3,away,63.0618894879476,30.971931376833933,44.50244225108428,54.13995112480679,19.69462473248107,0.9730037344411167
723,72.3,home,44.33685914252222,31.0771087339446,44.7305876858438,64.48409874669244,22.97192212784586,1.176560008564999
724,72.4,away,63.04362512294312,30.957986163664597,44.555073847540015,54.28713376325369,19.731989202181804,0.9196072072212861
724,72.4,home,44.2653150681718,31.10135976773778,44.64350445864705,64.53940623922915,22.997258416922925,1.354559438622689
725,72.5,away,63.070731381419655,30.996179010791284,44.72129185567064,54.368856761374445,19.764690279432905,0.8355051702702816
725,72.5,home,44.3037931880317,31.083300343456358,44.464270256794165,64.53789211279778,22.99659647350198,1.1966994454140456
726,72.6,away,63.06888704425955,30.995048013697236,44.78084395553439,54.51393048269372,19.79491227534817,0.8354905576284453
726,72.6,home,44.27454666603476,31.10828360969165,44.644158905569284,64.43208001125402,23.015065095934343,1.0490562728908381
727,72.7,away,63.0886197672993,31.094089996559298,44.81993583321973,54.59900239333189,19.837608126159225,1.0824569703412235
727,72.7,home,44.255641693820145,31.062933659001757,44.81068381502128,64.73218143686294,22.997182563471117,1.0935731187296573
728,72.8,away,63.121025698587886,31.09511833702733,44.983475957372676,54.90583992594269,19.85699002862926,1.2706681652211052
728,72.8,home,41.78286305316897,32.14033210182432,44.897696784502365,64.89472708285538,22.498001719589155,1.0065944242129297
729,72.9,away,63.177503423238115,31.088793659947147,44.92776103437592,54.985087541966415,19.89307580272835,1.1290375621191546
729,72.9,home,44.29698923265508,31.043054203869232,45.1333727882002,65.0715736458145,23.029323466800307,1.1664204679201549
730,73.0,away,63.19651113595477,31.112007743840525,45.119842076664476,54.94824673281683,19.918639443748496,0.9573935346581943
730,73.0,home,44.285608054761035,31.04973820318349,44.963175450791425,64.9682503618888,22.932334905734752,1.2450758834860085
731,73.1,away,63.173928341021686,31.115723411908974,45.19649140231365,55.06251047669095,19.864432353003718,1.1599561736387634
731,73.1,home,44.30399862886031,31.057365990136837,44.96725814676744,64.77920414262621,22.878145251923065,1.1423213787073065
732,73.2,away,63.212288443974536,31.09986934512852,45.25267406704405,55.35066653530535,19.888696687028524,1.1437771555181093
732,73.2,home,44.33666276294475,31.05908683931134,44.9094975596274,64.59309370536346,22.788937336078778,1.1099130675429207
733,73.3,away,63.25042153950003,31.10361238325411,45.127776832817055,55.51432834939671,19.875406028637624,1.412425249260878
733,73.3,home,44.341524111408795,31.04798471153788,44.91489371821774,64.60032545851189,22.773567611414236,0.8880190655168715
734,73.4,away,62.14093800789177,32.09713520689972,45.006923332699884,55.50200245922776,20.113944633558,0.9553264303341947
734,73.4,home,44.337492139442865,31.07610918563396,45.07051684925693,64.52723512746553,22.75650436232094,1.1353959616520704
735,73.5,away,63.37568593107369,31.124457622639888,44.99392632958956,55.607578398885025,19.875450632018637,0.7552504089242084
735,73.5,home,44.309480784988864,31.058572730526524,44.91231737666307,64.384816770865,22.684466096361405,1.2469709130336961
736,73.6,away,63.36013187451394,31.079013662678584,45.228651447088595,55.33914582443821,19.869062882643377,0.7242857673062698
736,73.6,home,44.353768239857885,31.099476444991282,44.828723077912215,64.22096535904961,22.683222654544114,1.0366810366999635
737,73.7,away,63.39053052614199,31.10845222256444,44.92970832489341,55.2938306947728,19.870237443244285,1.0517162352901228
737,73.7,home,44.392181370956315,31.107894846803102,44.647110286492065,64.23775604712111,22.664674538429438,0.9464524729602448
738,73.8,away,63.43085972036307,31.068705738008543,44.79864069401053,55.33525397042083,19.873543889019054,1.2954438831787696
738,73.8,home,44.3649916431315,31.093268441791295,44.54358906418483,64.33363196941202,22.637926442359625,1.2153127098146161
739,73.9,away,63.489900411667094,31.14568645358206,44.50578207712852,55.526110114513266,19.87496789722544,1.4705613432760736
739,73.9,home,41.921431526747654,29.60152679910048,44.77926326180939,64.42042923566163,22.074011946876972,1.0465659131380627
740,74.0,away,63.58507081017863,31.154680229587505,44.68236060878784,55.49336756405249,19.964445949763515,1.3471580944932937
740,74.0,home,44.333009210609276,31.082899723365383,44.80958786766536,64.43776782274591,22.75523966686784,0.9730937417631196
741,74.1,away,63.63265089511457,31.144045272743845,44.65283732754122,55.617563674900985,20.001733596798214,0.9266540886329092
741,74.1,home,44.314912807743355,31.034461231414717,44.86443325002766,64.39043415647565,22.79800613991651,1.3148030022428698
742,74.2,away,61.12073181891706,31.314815832267925,44.89112011347224,45.061035940359794,19.391618359995658,0.9677331410655666
742,74.2,home,44.35910986213634,31.06235817465728,44.87566446519578,64.11491669102624,22.78404219601109,1.2069250866186465
743,74.3,away,62.12578177040282,29.09547049644267,40.3613558682546,55.57562889227241,19.46844732033929,1.1832675187469404
743,74.3,home,44.43459471355388,31.099637387474658,44.64028568954595,64.17431884810027,22.79952367743789,1.3611672316452916
744,74.4,away,63.538188170283775,31.1263051218275,44.851666129499414,55.559366684487834,20.04023736790794,1.1861865433036893
744,74.4,home,44.51240687186153,31.091333591778756,44.69471651835181,64.09313889214528,22.852001878484952,0.9536434574582657
745,74.5,away,63.549682737984455,31.16799527441208,44.7212506426698,55.25716440234938,20.007176396496956,1.1066687987933135
745,74.5,home,43.89199042677975,31.04342090774485,44.90383716317841,63.99602943193884,24.500228463753523,0.9584024754524607
746,74.6,away,62.40746828051988,33.54718575462634,35.49982093732467,55.552015260952636,19.33334453957398,1.121985117381944
746,74.6,home,44.464755723141614,31.128387929258334,45.131962714650356,63.93507924619455,22.813233414383205,1.2412022789731187
747,74.7,away,63.536626272286796,31.163403877668244,45.14990290205326,55.23518774574083,20.10261064490675,0.931449852883535
747,74.7,home,44.490583933019664,31.19539527012698,45.15947670548266,63.74365936689587,22.80366753469406,1.205622105606806
748,74.8,away,62.361636154333084,33.52707318700579,36.074221387856134,55.22375778921409,19.38690111013004,1.0532794476508271
748,74.8,home,44.50073332547321,31.23831739574632,45.083091620678005,63.54277934334123,22.739546303136574,0.9899701600824001
749,74.9,away,63.543617514485575,31.13426823397531,45.352987997655646,55.476153424957516,20.0913973883613,1.05401208107507
749,74.9,home,44.53054792205539,31.23581912449573,45.07539925961929,63.759036058069704,22.729741728311183,1.052714790786525
750,75.0,away,63.512085069344764,31.1709137983305,45.4681066896646,55.45391134840139,20.10869316413503,1.209760311976757
750,75.0,home,44.56109624955047,31.3297011637123,44.89934900154942,63.86506945679027,22.71522497858407,1.1934070174687486
751,75.1,away,63.537561461509625,31.199298185636543,45.44794313295563,55.32083150689286,20.081823005551538,1.012122487917204
751,75.1,home,44.56300338528656,31.314285911292835,44.9289488229288,63.852824276414886,22.688633139690417,0.9213618591525925
752,75.2,away,63.52231276623699,31.192785176492638,45.776302434483604,55.348503142607846,20.099260174539236,1.3523095565416043
752,75.2,home,44.52494473715174,31.29874265678486,45.30659688301871,64.13316692692092,22.75200528341368,0.9766236751227009
753,75.3,away,63.569328951270975,31.27160945483516,45.8063989105642,55.830907978679875,20.17631434806235,1.6160091264668226
753,75.3,home,44.58917104722676,31.38809086793174,45.33330210668139,64.04262631265581,22.71838510672242,0.8754323377536491
754,75.4,away,63.615453070177644,31.284832562677835,45.87585868995767,56.268094716321826,20.28450758726265,1.4621272837374215
754,75.4,home,44.61249544220533,31.35877945498688,45.062705793199854,64.12807063190428,22.69722068965765,0.805854232969602
755,75.5,away,63.62096248319768,31.271730925178122,46.01796443602171,56.35636601293045,20.34569867058208,1.2319274706492678
755,75.5,home,44.60072884774874,31.39250052932134,45.096904671501676,64.15474449569709,22.711007845407824,0.9115150582296742
756,75.6,away,63.57447078857342,31.317845059748503,45.94127224066874,56.46221964406272,20.32709134135399,0.795079392745382
756,75.6,home,44.613833596340946,31.3772038280843,45.08389971841421,63.991783667555524,22.653398603000245,1.0404520586776411
757,75.7,away,62.05647041012814,29.16919414713185,40.62297649275672,56.47198586487163,19.76598485511304,1.159264860459025
757,75.7,home,44.711412811245275,31.38626535644988,45.10570389241738,63.88299316837643,22.68151190030398,1.4849877293211717
758,75.8,away,63.52512324196271,31.35935043606664,45.92111151832502,56.59661660445752,20.426020315622825,1.1077019631368168
758,75.8,home,44.69572117189486,31.40684989372111,45.23491046219824,63.53044974893067,22.67406919292063,1.4739671033532198
759,75.9,away,63.543488696115624,31.36198045903113,46.06688073108541,56.564692758259,20.41270463097358,0.7916835463065074
759,75.9,home,44.699798709838596,31.39947249975967,45.62970791070851,63.49562209894513,22.677538539452677,1.2950681814986098
760,76.0,away,63.49716163154876,31.37134953938885,46.09999952463272,56.603522874600145,20.45485705662766,1.2617862344453628
760,76.0,home,46.42803124693388,33.884824114721624,36.614639922850905,63.47280189980537,21.686840737198892,0.986406574126913
761,76.1,away,63.51747877309561,31.402146369058347,45.77862335935889,57.069043032497476,20.45090463291725,0.9703859067305237
761,76.1,home,44.7008501345631,31.47310911645421,45.66632156968255,63.089630150880794,22.591607115353746,1.096182474619997
762,76.2,away,63.48246101234345,31.34954047592091,45.384940167307896,56.591827905632776,20.405341013715148,1.1405164929897966
762,76.2,home,44.6491874760007,31.416070444305618,45.64152857659194,63.16113550856835,22.54239974723056,1.0709298268708698
763,76.3,away,63.49849963091758,31.344508007643594,45.12705567785856,56.48488014695295,20.39036704655126,0.9790323522965442
763,76.3,home,44.64182570879624,31.45865334771281,45.85445179221998,63.04577912100642,22.52973514571966,0.9809361058567085
764,76.4,away,63.476061419584724,31.410329210133796,45.105718303698474,56.72458820951499,20.404976513679465,1.0768165954082953
764,76.4,home,44.72130129171231,31.463100215333533,45.738554129611074,63.025529651705654,22.481660719706085,0.9718971021177303
765,76.5,away,62.25292445274822,32.42060567559419,45.27265069279911,56.65621030049151,20.620148288084792,1.0223074067502615
765,76.5,home,42.43355948021848,29.93500825580902,45.88948755263357,62.98454061911812,21.887205451197005,1.1407961541282832
766,76.6,away,63.50357957263122,31.475373121961503,45.61197387991193,56.752262408690996,20.471520535049645,1.2580388873136585
766,76.6,home,44.70704028791697,31.462253110877388,45.97723382470026,63.158490512385725,22.40807795312318,1.0411843278174044
767,76.7,away,63.55263496686519,31.502494788248644,45.772357399165514,56.59433321587584,20.516920962209284,1.1835450617428525
767,76.7,home,44.73309419593337,31.49021961836271,46.00549738535493,63.08898142118646,22.38098892392244,1.0793873687324373
768,76.8,away,63.56698431494938,31.510526140403407,45.97491271095151,56.8310571798564,20.622104623201366,0.9615475965924607
768,76.8,home,44.6978108113301,31.53254922335108,45.712082227407684,62.9796964002641,22.34788437834325,1.0826188718264327
769,76.9,away,62.06535909051304,29.3696286142021,40.6964788079038,56.857291071390065,20.0388754068263,1.0283519861321444
769,76.9,home,44.78335875414909,31.46534445400601,45.76719842221357,63.105124955936255,22.336646239709843,1.3066771219402311
770,77.0,away,63.582155597972495,31.485646638129115,45.85751907582083,56.59885819555285,20.58690051908492,1.037112828942381
770,77.0,home,41.71035890683356,31.31609619548354,45.82036278420436,55.79420750601019,21.440035535124757,0.9616759403739994
771,77.1,away,63.63587693268744,31.513387842779377,46.25391520097752,56.86308635084745,20.656351328090132,1.3810453312228612
771,77.1,home,44.8474061974359,31.483724297243047,45.72094797745537,62.970807687273016,22.287614224455698,0.8606867006974134
772,77.2,away,63.64755732137823,31.52102157095575,46.61195281552631,56.974500082842646,20.71610710468656,1.1888380901648363
772,77.2,home,44.85714792835609,31.536959165428083,45.690348630156905,62.93529914995038,22.275941817789192,0.8959436139859435
773,77.3,away,63.68382476551628,31.526477810739426,46.58905879039736,56.899896765566886,20.73129569316145,1.0537760894439114
773,77.3,home,44.84019820414391,31.52934754005633,45.76732441814848,62.754393521893405,22.262902687434657,1.1360087119467315
774,77.4,away,65.71586517268373,32.646607675647864,46.706700895062234,57.20718900010847,20.35615116301463,0.9980178941104283
774,77.4,home,44.78651173175642,31.547212050460374,45.62578998031721,62.70660259677659,22.268035950958247,1.1605969872060946
775,77.5,away,63.6730004253992,31.51508993821699,46.67248768260072,57.31666873507355,20.722412378646524,1.1280736472166426
775,77.5,home,44.78490527310033,31.537436039645286,45.58351851798884,62.43829329437157,22.27210696062641,0.9490662984131539
776,77.6,away,63.75832186509508,31.446288470438855,46.34222033311975,57.35667345222819,20.709968402895257,1.1673122062726498
776,77.6,home,44.7864219036143,31.55549350830664,45.72926739062683,62.30470286054093,22.261819103046143,1.0886000105242575
777,77.7,away,63.75014646792195,31.445075551094376,46.37293579099175,57.3296129296081,20.672692321220232,0.9794075996023615
777,77.7,home,44.75873014431338,31.568904755564134,45.99592683368418,62.43786117360105,22.282292634568794,1.0290888746648434
778,77.8,away,63.74896936916885,31.434256845893753,46.15099499143298,57.36323224746667,20.66643013838761,0.9157108767798774
778,77.8,home,44.73805016241712,31.653428571774057,45.82102813666499,62.27506609231659,22.249696575492067,0.9823642741438441
779,77.9,away,63.73987441486513,31.451224854723147,46.26350169380613,57.43414558148922,20.722077846882556,1.0447306521355386
779,77.9,home,44.740037807936076,31.62421065618231,45.93947024712649,61.96338678921163,22.185712383272563,0.9691530909334386
780,78.0,away,63.72377070361372,31.46949953651573,46.230309671776304,57.45187246077454,20.742062233322716,1.1039983668296551
780,78.0,home,44.73527997629075,31.63520148411599,46.25241592665956,62.13236893114862,22.21887938482001,1.2195128759329588
781,78.1,away,63.74744992151825,31.462240271212043,46.25346713692812,57.750028954803625,20.748779986565214,1.0613069108119062
781,78.1,home,44.73249750377136,31.623360775667322,46.24990076258698,62.050910923831395,22.174002347356723,1.4822650167178728
782,78.2,away,63.72204937602307,31.471336769305868,46.313325489450776,57.6815606359245,20.69343945974545,0.8354431265168277
782,78.2,home,44.75632718565015,31.619699444370212,46.225444459643114,62.13994245203296,22.18780590529797,1.218567044647189
783,78.3,away,63.795185866345314,31.475745936560863,46.2206073649035,57.725643669920025,20.728116456619144,1.0784181227051404
783,78.3,home,44.85631388821719,31.621600805728768,46.25596546243168,61.97025568052475,22.13886068113305,1.1376692429356752
784,78.4,away,63.774997903741706,31.516075807424002,46.05758678965529,57.732855298970364,20.70460813208422,0.971881184326336
784,78.4,home,44.86315408898071,31.653225803658458,46.124913556679175,62.192916744743194,22.060800463734328,1.1182352096649053
785,78.5,away,61.21681218482801,31.791553200501575,46.30389675613763,47.9413324523061,20.18462290025689,1.1272824340108811
785,78.5,home,44.84201900881278,31.654498581991387,45.85238317249022,62.00400231997543,21.993010834562966,1.188331714365592
786,78.6,away,63.745842234285014,31.54014629325693,45.882180644549365,58.016262653250486,20.737127925242905,0.9754163183558604
786,78.6,home,44.948373058168016,31.62555831702196,45.83488241785338,61.788451358313296,21.903816929357735,1.0952345614920138
787,78.7,away,63.75321590219091,31.50918984185247,46.04726521938167,58.109016531219396,20.816851425527712,1.037932194641668
787,78.7,home,44.94069261224773,31.603211500214307,45.94688305516946,61.62129630348898,21.91959743438751,0.9871178544142687
788,78.8,away,61.25886541033866,31.864153172430214,46.17905229578924,48.58167529106443,20.255631115068905,1.041224104599769
788,78.8,home,44.913887451161244,31.626423430949355,45.747417840984156,61.5874160582724,21.886708599036737,1.0472193792235265
789,78.9,away,66.0655895942009,30.133841131799613,46.192239848240355,58.387192735371144,20.135401207134436,1.145135768516583
789,78.9,home,44.93541785731612,31.67048839694903,45.59650094513176,61.39344136965775,21.82601256670049,0.9858943831250456
790,79.0,away,63.82846036539791,31.508478425274983,45.94010170972813,58.45498673691143,20.851560613682793,1.0666965245571032
790,79.0,home,44.96265350246723,31.66684812257006,45.63714424704815,61.45748059559988,21.825528109032998,0.989824192844041
791,79.1,away,62.595176729102135,33.951079377662055,36.362049019001084,58.74424332054387,20.260231429202566,1.2138037532687425
791,79.1,home,44.958347996467,31.702495814586474,45.65539921426704,61.28130852927982,21.77854438052527,1.1525947076987264
792,79.2,away,63.851317470311635,31.593049887738573,45.75477140448039,58.769873671930824,20.94864925600011,0.9997345532152392
792,79.2,home,44.87898711171511,31.723917930320166,45.678083083103765,61.191731732427186,21.759879384677358,1.1983713870415074
793,79.3,away,62.275923603043,29.011962191506907,40.21895044598391,58.917446782947266,22.28900820642723,0.9254598935580964
793,79.3,home,44.839352736317544,31.696627817287663,46.15168048752449,61.005442425842475,21.76833336596649,1.0332758932424144
794,79.4,away,64.68732431915389,29.26913392653158,46.08808347821002,59.0733792314858,20.745214837915928,1.3247138035850228
794,79.4,home,44.89252743026682,31.675908184897153,46.279163021678,61.04284545439575,21.750002338095882,0.8715614508233468
795,79.5,away,63.810903780455966,31.662415524554294,45.96616994402174,59.276284361178256,21.03660405653718,0.8368147281892045
795,79.5,home,44.868640675921064,31.700703024028215,46.26466798442638,61.234432961497944,21.788539037463963,1.0374989278740037
796,79.6,away,63.82704506609773,31.682829726747425,45.98857902894116,59.15184503770743,21.00569806194972,1.2335936455800127
796,79.6,home,44.86140068781734,31.71669618610415,46.2194913274274,61.11514302378824,21.68999678333768,1.2087272262269613
797,79.7,away,63.8022975916538,31.616557007501953,46.00499729806217,59.29579980258401,21.076583652002004,1.2152696428093508
797,79.7,home,44.842978900839185,31.722652203845016,46.508622536701075,61.04861109565651,21.681070309444113,1.102905955678908
798,79.8,away,63.7397139311241,31.624286505784145,45.852348757524496,59.332449043575586,21.126277666740382,1.308810723756199
798,79.8,home,44.84798115202392,31.70256773733845,46.4474976832216,60.93802822989126,21.651641446619745,0.9260080308542705
799,79.9,away,63.82080397982116,31.650590629337806,45.93503872673567,59.34691656253466,21.193385134830613,1.1506963640321681
799,79.9,home,46.129519189232354,29.435263498423456,40.39807864866357,60.87352471876055,21.07676832353716,0.9237490453108501
800,80.0,away,63.8568285059012,31.704938445720867,46.141431576802276,59.27153298526183,21.190255442867173,0.8796592581427956
800,80.0,home,41.85240938003933,31.60679038373838,46.35740901743715,53.640541877776236,20.809227722197946,1.107252724093096
801,80.1,away,63.87116302266711,31.69861034660938,46.073792883995615,59.47902287069981,21.226138598258977,0.9485299081448015
801,80.1,home,44.86593185728907,31.61835633778959,46.17908392886234,60.73036393696621,21.606747199061093,1.2717018610380568
802,80.2,away,63.897078031509174,31.778862528946533,45.91405549496048,59.38495238629767,21.26000708137717,1.09807938046033
802,80.2,home,44.955105919444605,31.67106089106358,46.334023612661895,60.66718195180037,21.626812953533076,1.1308963379554222
803,80.3,away,66.07991734375378,32.895117256267206,46.247586832867896,59.37467536400979,20.86360596621218,1.2665415878724224
803,80.3,home,44.95414245624707,31.69998811254487,45.934554749865015,60.73317129422594,21.5825571916864,0.6829520464338493
804,80.4,away,63.925633434926525,31.736793360135838,46.3414693027227,59.40278716741361,21.369816916875877,1.205989586514194
804,80.4,home,44.94626877251252,31.716639018404898,46.090371528939286,60.62218372082326,21.586769767529493,0.6840528399442434
805,80.5,away,63.981549985606165,31.762436219404,46.64970872510888,59.762062593095294,21.448201294070497,1.2695270868881854
805,80.5,home,44.92025463536828,31.68595648215696,46.06979317351427,60.497234589548356,21.58787326344775,0.6810382673402455
806,80.6,away,64.2307746307956,33.25443341379297,46.496406325306324,59.70764239276467,21.966216858951046,1.1001385644429014
806,80.6,home,44.97850349926303,31.727004601743122,45.98194220927579,60.35469923007462,21.5180235035394,1.1409173870879135
807,80.7,away,64.11768184826045,31.763861954631384,46.564876751084526,59.79706384747983,21.417969422275743,0.8739761553204218
807,80.7,home,45.00573541625314,31.71512719687357,45.82205300538098,60.17542092265096,21.49061451871198,1.272854483777513
808,80.8,away,64.07030171500661,31.770850227692776,46.708543640483256,60.05605242918702,21.441216401255673,1.1410695248545906
808,80.8,home,46.547289117906715,32.76029545227066,45.770172400375216,60.02331379573966,21.53710079327825,1.4536258719781592
809,80.9,away,64.12421905963092,31.736391900081074,46.57094351741236,60.389427968153356,21.52327419580394,1.2101431665754978
809,80.9,home,45.0826854267707,31.777022854439807,45.89681153333516,59.84865279493824,21.34549103733573,1.2997646292685672
810,81.0,away,64.11994700104681,31.678803631440747,46.841462898579515,60.31106601292787,21.55307579444087,1.0325312468663084
810,81.0,home,44.59970438759162,31.67941753036005,45.96464016332353,59.87627572006099,22.875531235612307,1.061704589270923
811,81.1,away,64.115826909666,31.6703025934778,46.91312191526283,60.285335654690954,21.526113868771613,1.343016258037914
811,81.1,home,45.15477075716242,31.83774061986394,45.90094617459032,59.78909166341329,21.28850972322066,1.1240719734906444
812,81.2,away,64.43272111466948,31.555211359730627,46.62323546692778,60.42206123269099,23.38833930928991,1.6874326889060662
812,81.2,home,45.208357337970504,31.893101836267792,46.10488942173892,59.708143093454495,21.310558169277577,0.966063285657394
813,81.3,away,64.2486851414304,31.720326283887506,46.46219616498608,60.257177229809656,21.570033413520555,1.2183359621179208
813,81.3,home,45.244289873989246,31.90206279229284,46.06607866283453,59.52056948883089,21.26754245744655,0.966445653746483
814,81.4,away,64.27740951902466,31.6838820148291,46.43453819205412,60.27059606909124,21.548605351842557,1.053335069009001
814,81.4,home,45.30609535591577,31.900381634911046,46.17197218346834,59.17114129520614,21.208817822885646,0.9786259221846886
815,81.5,away,64.29167900915898,31.71227541358684,46.686579305396755,60.38182415883417,21.605677107432694,1.088833195632141
815,81.5,home,45.35471609450452,31.880900523379072,46.10348455458996,59.06082920912966,21.201878908910157,1.1459375762662305
816,81.6,away,64.28743932899103,31.692222669863714,46.729342646290874,60.304647690764256,21.6357166973869,1.0939528748750005
816,81.6,home,42.52753174437627,31.965519748982285,46.24710180266774,52.60925979694157,20.392959948143545,1.3143672760597966
817,81.7,away,64.33500277970376,31.74306469773172,46.58945537759672,60.22891911052821,21.642605077612885,1.0395717143760874
817,81.7,home,45.40980560984474,31.941993753818164,46.50591785640472,59.25926910870439,21.185959233266658,1.417962509358402
818,81.8,away,67.34233539696976,28.527726634923347,46.534159359207244,60.3273554321848,21.126511717005638,1.355859075139385
818,81.8,home,45.46735750984942,31.99814233379772,46.6335449461792,59.250994521850686,21.199419651681442,1.3473299760731536
819,81.9,away,64.38719491382041,31.893422539693123,46.41501955694537,60.5357854523812,21.65007859636822,1.2204617971480973
819,81.9,home,45.492420259172896,31.94043073203704,46.65590577367675,58.98106326944257,21.12682811880953,1.3813104231248021
820,82.0,away,64.40688074579533,31.930398565074462,46.47533955691131,60.699419152261804,21.714818103055105,1.2879604306931833
820,82.0,home,46.7916022556972,29.77226504115432,40.2264916696504,58.826579583952366,20.438935772250662,1.075270928543932
821,82.1,away,64.42511289391592,31.974235101692805,46.401913084621896,60.7423088078817,21.709053224780803,1.4378009082555911
821,82.1,home,45.464996028228555,31.98758896300483,46.74728632462815,58.60576064682554,20.997220456623765,1.0415342985320508
822,82.2,away,62.919455398309154,32.90985312714824,46.46409616344543,61.113190390423426,21.940196858841148,0.9135581369580642
822,82.2,home,45.48105981589923,31.97105768105674,46.727149609507194,58.4402056395289,20.923903235569643,1.1385272326943945
823,82.3,away,64.39694407636983,32.006214338123364,46.40323399233946,61.159787073547406,21.72443783788347,1.094047853167779
823,82.3,home,45.488251845867474,32.04776055795738,46.944640323769754,58.127963785931435,20.848477863346503,0.9417211602902263
824,82.4,away,64.40224202801276,31.995044085369344,46.147601417394895,61.59673615807854,21.772796085640973,1.010282525369582
824,82.4,home,45.515565351014914,32.05388444950566,46.87385292030098,58.309895433060944,20.827341597854833,0.8682353069735093
825,82.5,away,64.43739587455781,32.03629659613011,46.33759477464305,61.63224880301136,21.777170093833856,1.1098136320916157
825,82.5,home,45.520858194723765,32.0507372215769,47.0496404690901,57.958547889137535,20.822634591523602,1.0796788166799514
826,82.6,away,64.45513048828762,32.040141022950564,46.36627258897225,61.706429469070045,21.820844904295335,0.7938336948390138
826,82.6,home,45.499114262500925,32.05805701342361,46.671534243065636,57.79297563111046,20.77960862874864,0.998004820605006
827,82.7,away,67.94457718465198,32.07683739823473,46.38020956756661,50.9008024665567,20.41014746982073,0.8374230966971133
827,82.7,home,45.46537963680455,32.04950607657631,46.59974373970783,57.634327034716506,20.744560741734468,0.9885063514518057
828,82.8,away,64.51479189706917,32.058570058287266,46.541066715482856,61.72162904117163,21.86224430099384,1.037762972776383
828,82.8,home,45.492646595917115,32.0870391308776,46.3461863889623,57.898867006087734,20.728767523412458,1.0178383950610645
829,82.9,away,64.57283490991689,32.10584520385998,46.289958974127735,61.87248155165343,21.845799861503405,0.9321224813299814
829,82.9,home,45.49104495209255,32.107277568264436,46.720429721667124,57.91815904371999,20.743709215033004,0.9939121043723069
830,83.0,away,64.56279988814586,32.06243210001315,46.36354156200986,62.03921028465824,21.883355327235293,1.0444693450342646
830,83.0,home,41.798261747088404,32.06037754054143,46.82279076123648,50.99893037198807,21.18829511215817,0.8325778259411434
831,83.1,away,64.47337274421815,32.08604000596769,46.704693055638316,61.934250939272154,21.880770244506696,0.8908879643166595
831,83.1,home,45.52649484341139,32.17800528966922,46.88781697851253,57.71814215388925,20.70478590647193,1.1663495422829528
832,83.2,away,64.50009579081788,32.05165315023005,46.65650552253998,62.09012004423097,21.920530054026226,1.055509931138342
832,83.2,home,45.530524803021414,32.205133879524595,46.62097633983244,57.523758616051865,20.647317307304263,0.8436435221050819
833,83.3,away,64.49540924407233,32.05070785276393,46.67853005988271,62.06221852626146,21.940702259453943,0.9089838407142893
833,83.3,home,45.538704826584336,32.217188390219036,46.66188305446161,57.52901234984549,20.651609224288542,0.9067566596829987
834,83.4,away,64.48324277748783,32.12628163497598,46.499277536738205,62.04392675263888,21.9457351639052,1.2472223054811828
834,83.4,home,45.53357378364038,32.20595266976938,46.393136052495095,57.58339509214494,20.60854518045447,1.091074652507261
835,83.5,away,64.42104824681772,32.161917098474184,46.20237050087408,62.1012519493255,21.93428316293349,1.0965857513792427
835,83.5,home,45.54295886301514,32.23404191961583,46.50310046368166,57.73927184558593,20.603625131712462,1.140662301170488
836,83.6,away,64.35070659093489,32.14731256238346,46.20944814344386,62.12900471851302,21.90972419561679,1.1008925233219242
836,83.6,home,45.5467090091721,32.20373630392435,46.59982796530646,57.81108604979125,20.603602634249754,1.0423984681845009
837,83.7,away,64.33504187908474,32.150886609724715,46.183425617959394,62.47352707442418,21.98334856188406,1.0120901747939535
837,83.7,home,45.508277286136334,32.202000407754525,46.45392416239327,57.857930515270795,20.623595763977367,1.144593333267006
838,83.8,away,64.29030167678057,32.15853432325408,46.21066569061948,62.27566161173988,22.003144482343632,0.834750821732232
838,83.8,home,45.53162409910629,32.169231417385475,46.25513741261301,57.72481618265602,20.629373686120644,1.1215868619751166
839,83.9,away,64.24289373695659,32.20994209432954,46.275410131041966,62.37754629004391,22.047232696453126,1.0464610671807988
839,83.9,home,45.489527695490324,32.15110347313488,45.86760405037446,57.57359790659179,20.60341764534451,0.8661147746147647
840,84.0,away,64.29880923103484,32.229565795123456,45.99218924983802,62.42235614338972,22.089413377463547,0.9140581613574327
840,84.0,home,45.49763863679439,32.169922026843174,45.9549352640752,57.91571981585018,20.628916670679136,0.8508090439468767
841,84.1,away,66.24998687703048,31.405331897964736,46.218370565092,52.6171755493655,21.155295504700657,0.9412340800600825
841,84.1,home,45.48721937968887,32.15306671349554,45.855517688534796,57.94027656880392,20.66882083291929,0.7389837306396558
842,84.2,away,64.23619834502009,32.293482134696056,46.27339239839226,62.07543074731957,22.10873687047765,0.9936636025675806
842,84.2,home,45.42045562707768,32.139922677178156,45.719787571504504,57.8244374543708,20.578650134763265,1.2598045522136763
843,84.3,away,64.22440511750155,32.2762041928354,46.44319239915369,61.99776640921887,22.13355821400501,1.3135135721225886
843,84.3,home,45.38836572508695,32.1522080436461,46.04222512471736,57.48121725936545,20.51525677734189,1.4997951108466834
844,84.4,away,64.26261231799336,32.2532841923013,46.869684370473706,62.08017318557559,22.195680463963843,1.535334258499642
844,84.4,home,45.43540418066197,32.18537745515591,46.15792463265055,57.19841378525705,20.513461578201603,1.1729586245975037
845,84.5,away,66.45079654766793,35.005366730588314,37.03221473315604,52.616599715573685,20.07409979689302,1.3394059976077264
845,84.5,home,45.44921038716903,32.20400417299907,46.1146744279536,57.177309422587726,20.517023576076095,1.1135906412219876
846,84.6,away,64.2612221583026,32.27085616450602,46.93345586555052,62.53379517662262,22.206541924591686,1.0160376389277896
846,84.6,home,45.46002410204535,32.28044461820236,46.39156645790873,56.91432949040584,20.49759633764061,1.450358152518311
847,84.7,away,61.47130436813776,32.48771351353629,47.125527066398114,50.58914224579219,21.44544236802195,1.2910059973931518
847,84.7,home,45.42031714829207,32.286482582434,46.472285493879184,56.856641690409944,20.421761803080997,1.4457702776016828
848,84.8,away,66.81810578865257,30.98561106253972,46.92272348166192,62.26359992345857,21.47637074901034,1.2073553599195075
848,84.8,home,45.42932198642125,32.28244623179852,46.69974300835215,56.81886434759437,20.38327816852641,1.1598525219410527
849,84.9,away,64.33436521377936,32.358562233037794,46.803550503917265,62.24473201115791,22.20323682727061,0.9608196303765485
849,84.9,home,45.41578579366503,32.25871572043509,46.46091883855331,56.242998745812784,20.298899190678146,1.2487940910472062
850,85.0,away,64.77386542675512,30.716189771514173,46.6022903697,62.28548437405061,22.683134307540367,0.8862988106157408
850,85.0,home,45.376048650069286,32.27450931220976,46.40888470302993,56.160439189140504,20.24566285156797,1.2502001200724426
851,85.1,away,62.74244246293301,33.26741569068825,46.61163466800416,62.398437623040515,22.395730151086877,1.2821130061517603
851,85.1,home,45.01791481152894,32.18995985637515,46.692603111505676,56.30213203162785,21.860428979587546,1.260945384783519
852,85.2,away,64.37311362297272,32.43929646114651,46.53273377547753,62.833735101698764,22.261334613811275,1.1687595224043155
852,85.2,home,45.45424558798479,32.361160428444734,46.54354004405814,56.30343077828029,20.29564154495416,1.1253670806468512
853,85.3,away,64.39715179957442,32.46574535902664,46.440768624977395,63.05438012494798,22.275202185202613,0.9326713167679873
853,85.3,home,45.38159489678356,32.36946893625963,46.551528165220844,56.09633084298053,20.231305873262247,1.340075464656975
854,85.4,away,64.3783403064703,32.50393773128651,46.31516548523241,63.23342585361655,22.316191901464713,0.9705045208454969
854,85.4,home,48.173013656105034,32.63321985179798,46.6485060351185,41.64037283648001,19.0671750352956,1.413651728442954
855,85.5,away,64.39579595762171,32.49852766555379,46.30637245250094,63.07327100756441,22.34829382326445,1.20152878061319
855,85.5,home,45.34029713583126,32.362663862872495,46.50706686116167,55.77882665429068,20.103277175489588,1.04263128271139
856,85.6,away,67.90718513187805,32.55327836469887,46.19677834478148,53.366085983403565,20.977236073231474,1.1950975070880419
856,85.6,home,45.30031927092182,32.362717579993415,46.59533799915462,55.92088876998902,20.13790954097762,0.9905294500451681
857,85.7,away,64.35148473005518,32.46621825131576,46.2792240453022,63.359936789040546,22.40831213873769,1.1281139642358224
857,85.7,home,45.309880105553695,32.3851919318578,46.66079133820797,55.661217925486746,20.095757404524974,0.9695538600080534
858,85.8,away,66.95437757679127,31.23095114930822,46.44581021656894,63.494234626791574,21.689140504876935,0.8117682131694128
858,85.8,home,45.27034015876221,32.43863112532558,46.83862321881743,55.80476113877344,20.13908148663756,1.036417052896441
859,85.9,away,66.86122904056971,31.25390618218039,46.37937062268015,63.38921010734701,21.676723508612,1.4149755102390738
859,85.9,home,45.261181109953384,32.47669277159909,47.0453264015472,56.067652732693574,20.162704790852953,1.1600065764178185
860,86.0,away,64.4479132164721,33.87239989205064,46.33643641234599,63.481193104168874,23.1728148948143,1.0536647842072935
860,86.0,home,45.18808396060319,32.46273764623446,46.804721621103624,56.121705990410916,20.155031169125632,0.9722297111142398
861,86.1,away,64.21139534212612,32.43697740772871,46.31659994415649,63.47114064907545,22.461848378867685,1.1606807572513238
861,86.1,home,39.85464563822485,33.96120086220847,46.86772122723592,46.934447672661825,18.470142825102645,0.5966888250340099
862,86.2,away,64.15612804251852,32.438724145935254,46.39688281560177,63.61312338127448,22.491763589690056,1.3351310577457876
862,86.2,home,45.14753256820382,32.47121259773377,47.08880477575095,55.89184020779102,20.125469828213195,0.812421059869126
863,86.3,away,64.15284959168474,32.424539492252066,46.12988337401221,63.506276875456635,22.47903827507811,0.9482292635707286
863,86.3,home,45.10043094434897,32.43317235367347,46.87870457239643,56.02491277791906,20.12321913410557,0.7929360428339801
864,86.4,away,64.17030291541735,32.42363862826178,46.342334611612074,63.517922700732505,22.49619382736833,1.0593558357334956
864,86.4,home,44.5755803790859,33.84800420015674,46.788847057478435,55.99632112589963,20.550102394470116,1.2281359739379734
865,86.5,away,64.15027467805935,32.51318529080037,46.15299577350657,63.37133621819086,22.47614803239411,1.1831744288201114
865,86.5,home,45.02605030061777,32.535535784882256,46.63427390448944,55.81464793454403,20.045115380325257,1.110705638266106
866,86.6,away,64.06808394598026,32.52054211852865,46.46291851163381,63.39592142615812,22.510713619395464,1.2430355638010513
866,86.6,home,44.99453132866429,32.53835241385889,46.58137458884007,55.91111673899003,20.034857581457985,1.1389860848026785
867,86.7,away,62.293016931627506,33.37256787500841,46.50638137091096,63.496091150460884,22.678002468430183,1.2048648818097234
867,86.7,home,45.02317084857499,32.53521871173044,46.55983353536132,56.02811488046142,20.036889941623794,0.8782793423014165
868,86.8,away,63.99363527193853,32.46251881599972,46.37781968262264,63.77177365329125,22.583191841254074,1.1683306797369406
868,86.8,home,44.9719490209958,32.50172648901496,46.69751395074537,55.86355696018089,20.04670627468589,1.2404242692650596
869,86.9,away,63.99899239310202,32.497405474590316,46.37695927677012,64.0685270559437,22.590127157324464,1.219410613061923
869,86.9,home,44.95024894787473,32.56271859555095,46.73161230284237,55.784499503365396,20.037987020651574,1.042290026408918
870,87.0,away,63.97760235056492,32.49407304546365,46.38199961831618,64.14811863386933,22.616004132468365,1.3454875871097605
870,87.0,home,44.93083206410834,32.640347657798586,46.51507296729598,55.85128039653303,19.954115924028407,1.4804555302485078
871,87.1,away,64.01907518297499,32.57087464101908,46.290757436631566,63.9852903521889,22.581526889066623,1.043873746255039
871,87.1,home,44.95817502324601,32.644153780019984,45.919491283241285,55.81847281658727,19.94266297056261,1.2342130874533657
872,87.2,away,63.90701958796811,32.52725247303747,46.36075007308876,63.97741133298727,22.552983087049142,1.0396789839255896
872,87.2,home,44.987230993426834,32.66582210978744,45.963697200128045,55.988609766467036,19.964344749266782,0.7083808488772259
873,87.3,away,63.87365505681891,32.53742527903916,46.165435203789905,63.92562356332543,22.568422815550953,1.153673560425173
873,87.3,home,45.01972216234529,32.65560363459367,46.111692255883185,55.80815736323224,19.98192664021177,0.7728433329648143
874,87.4,away,63.84640036094149,32.50391286107452,46.301736353526294,63.91131079176252,22.575471774688037,1.2295458510005803
874,87.4,home,45.05035781349279,32.646451730930664,46.07988150624101,55.92388093718125,19.997208506402558,0.8890356129854027
875,87.5,away,62.1532862846292,31.65116670830937,45.7683101374426,64.24700739348671,22.8319109311741,1.4616729963483936
875,87.5,home,45.03664111104599,32.6548802085494,46.12477818760995,56.12946129775993,20.01388291374513,0.8940702832650088
876,87.6,away,63.89269737661072,32.56752502190028,45.68660278891782,64.43697673854096,22.592814231053225,1.4994755783162015
876,87.6,home,45.00743609952986,32.66284785306738,45.97060986177389,55.687162972117235,19.930314459247516,1.2389581974482353
877,87.7,away,63.85961516147822,32.60374253326138,45.79627824436302,64.57905082550384,22.59467705576853,1.3446953505113866
877,87.7,home,45.043590186285705,32.71419731130497,45.78350686579527,55.77987718218195,19.850866681993605,1.3777772540356896
878,87.8,away,63.81912036645811,32.59405918691615,45.83849796714646,64.2657261479485,22.58075238973133,1.4036671771913471
878,87.8,home,45.07292183066123,32.649538361543044,46.077218715962765,55.52562342413448,19.77397942734156,1.2114019431869056
879,87.9,away,62.15453423677608,33.48493743673271,45.85420645840002,64.41508080490588,22.83503560570507,1.3158619062877928
879,87.9,home,45.067896443667436,32.60974659829696,46.04489996816357,55.326622673811585,19.750755022965226,0.8970409309921963
880,88.0,away,63.7907308852625,32.622248006387935,45.67732035443795,64.63571061644802,22.650199112000116,1.2260825726908209
880,88.0,home,45.047586901186094,32.59043188273988,46.1755124377358,55.33424726220535,19.77095275377637,1.0530927023738728
881,88.1,away,63.79516591111619,32.6551560877735,45.629415634896716,64.68273524961305,22.660586421591407,1.185773419347951
881,88.1,home,45.01638514831745,32.59177607413788,46.12450388981787,55.16942454489161,19.75236250955798,1.1967326114617143
882,88.2,away,66.28201022132215,31.501337352372246,45.58611251294242,65.03900716644196,22.002383359445155,0.826292283306586
882,88.2,home,44.97266280762607,32.630558834239665,46.02192484151765,55.237364702097395,19.755897593171287,1.1876154843091014
883,88.3,away,63.75213462875886,32.69765553618901,45.68355301626329,65.01298377600804,22.692413221303212,1.2158656186662944
883,88.3,home,44.94277157917286,32.687189299400195,45.88789766083376,54.949830340436336,19.683101900049845,1.4110584838767575
884,88.4,away,63.791725621582934,32.7154303655418,45.88596084522079,64.9503694450566,22.705171657433667,1.2796919001629574
884,88.4,home,43.08010404518255,31.488749117429716,45.82574828482507,54.57502428871884,19.348545192979998,1.1066662511189016
885,88.5,away,63.743823953710724,32.767159165334945,45.88377919966969,64.86255662433156,22.72025641740792,1.3409678910214728
885,88.5,home,44.986505752003346,32.68218557106967,46.0315143885152,54.655671268103845,19.658219770527943,1.0156800015506764
886,88.6,away,61.97651049808236,34.96008648604244,37.02527350486646,64.86858905682615,21.977097616688546,1.1921087103092793
886,88.6,home,44.99328463038744,32.685671284834854,46.028332542150075,54.383471036311974,19.670750647046468,1.3316385225262566
887,88.7,away,63.76858857227646,32.75835652697751,45.825692447259485,65.01216020490085,22.851439595158936,0.97034833216786
887,88.7,home,44.99626508019788,32.710690801278886,45.54722886254148,54.35309288851088,19.681251142423562,1.0712236257060899
888,88.8,away,63.77299214441695,32.778325577020915,45.795431156159715,65.22228303152933,22.84777506669012,1.0244814083766645
888,88.8,home,44.99634375001918,32.780404874993444,45.740924526333046,54.22597771741012,19.698781599586628,1.4191694091491662
889,88.9,away,67.2699202766355,32.96963851745604,45.75130954641792,55.962289983170095,21.511536879496084,1.3030437370244106
889,88.9,home,44.99995124143528,32.81385136446236,45.87699264543096,54.10271478884572,19.649202495864884,1.3554455825302898
890,89.0,away,63.7557031901176,32.783481635545265,45.66916605468009,65.59808326524505,22.900185547433725,1.090153223410106
890,89.0,home,44.947815378630274,32.8170417791543,45.866297548523185,54.074421322139926,19.59402930169963,1.154604954638002
891,89.1,away,62.404204427432056,30.072061140837288,45.592546327838804,65.47228114000315,23.737071248327553,0.9712991161370044
891,89.1,home,44.96765884987724,32.80625054425856,45.96932861781294,54.0971070966916,19.584925364024272,1.2748993223375784
892,89.2,away,63.745825058791816,32.77997520953787,45.52634599456164,65.44033569866275,22.829823130263083,0.9240274346660371
892,89.2,home,44.94994420205705,32.759955832080905,46.07625667633482,54.17882175470942,19.607844650353847,1.106595895604794
893,89.3,away,64.01207386354739,34.11502393272528,45.59430975793088,65.53328093255382,23.646603537025886,1.3126546490313713
893,89.3,home,44.90546051934906,32.76023952477395,45.9179468118439,54.08623476283042,19.607432685522912,0.7614771236287644
894,89.4,away,63.67728925987721,32.70021236881726,45.758642774869394,65.22861400406345,22.85343663653745,1.1496924162189257
894,89.4,home,44.87980682544151,32.755431637362236,45.875353026957,54.099238700347755,19.6219943279156,0.9804811881204994
895,89.5,away,63.67838119734844,32.717420009146494,45.81702160613541,65.31914159696139,22.823608924544498,1.0240566801153574
895,89.5,home,44.84176504895417,32.735204172371496,45.81890624749809,53.90800809283772,19.58986201075678,1.18370505892997
896,89.6,away,63.68339418374769,32.66865994533087,45.70869440441578,64.9420574949234,22.78157580399038,0.9300802015404557
896,89.6,home,46.00395869884291,34.99944398801824,37.269133152513646,54.009993215431955,18.80849601014623,1.2389045812100383
897,89.7,away,63.68349336385902,32.709130573948975,45.63497448371421,64.92072649109987,22.797153660442206,1.1068087475819506
897,89.7,home,44.778336994611735,32.711713340497624,45.8697575087821,53.963862331803675,19.609981178560776,1.0507754590631555
898,89.8,away,63.63787862699954,32.70854383626884,45.72638537255458,64.58864373521222,22.773510858706388,1.1878574125906178
898,89.8,home,44.757730641472406,32.68257226644913,45.92741849513329,53.9259858360095,19.601516019423695,1.1171784329425265
899,89.9,away,63.65157453594961,32.76680748692459,45.62339974206908,64.29928393758934,22.76188199830991,1.0659135229499372
899,89.9,home,46.159203284119585,30.348721478217414,37.99910950823521,54.069734135735445,18.792913450640096,1.0005784980573829
900,90.0,away,63.59895866058068,32.77948086871411,45.74454367427934,64.37333701990804,22.79128398805704,1.2838897613142497
900,90.0,home,44.452241324890494,31.1567394500548,46.09546588471005,54.122485606598985,19.96485095625872,1.1592999738281606
901,90.1,away,62.12941960334677,35.132985336136514,36.9983735506611,64.45914789006798,24.085063529340417,0.8222625171928568
901,90.1,home,44.616706448635576,32.649042243134325,45.98038540804111,54.20493713049892,19.56627408916358,1.0558023297093024
902,90.2,away,63.53413672204204,32.77699070769892,45.87510549378671,64.56947380346696,22.82610156775824,0.9013658025629921
902,90.2,home,44.57443351953378,32.618185222010226,45.933643058029,54.31304316266102,19.540250656213956,0.9439624959802891
903,90.3,away,63.54111431682345,32.791530037807895,46.01821707060443,64.80991337496528,22.86821196374819,0.8861281181845393
903,90.3,home,44.56827320115341,32.64478422780756,46.08804388892998,54.31642320439275,19.55810137338792,1.0710528089214195
904,90.4,away,63.53145858220673,32.81350980593047,45.74763197602448,65.05612281809917,22.862805820524894,0.9452088899278924
904,90.4,home,44.528759600931316,32.68368437299586,46.05786641089526,54.520601187160835,19.53677782941293,1.161060482227641
905,90.5,away,63.85727340379706,34.173418787925826,45.8945460633966,65.36771303058828,23.683307587893147,0.8588152311226521
905,90.5,home,44.49248153814912,32.65696178337404,46.047074436130515,54.66513110312417,19.542038652964013,1.250618751877097
906,90.6,away,63.45122305660173,32.82241271167716,45.83062494828318,65.49461767187417,22.908481009689357,0.9412773505518224
906,90.6,home,44.5024848492328,32.60699445608468,45.986551721818756,54.83579448680881,19.547712964981,1.0802536058766103
907,90.7,away,63.49397473037013,32.8095690192394,45.91285770668746,65.56866507844575,22.896479720494927,1.003226088561123
907,90.7,home,44.44897000936145,32.657759270637776,46.034319521241784,54.794493213754976,19.564214672730984,1.1464268662102406
908,90.8,away,63.45426367503992,32.75347754875247,45.9857596826387,65.64092411013216,22.857216832118652,1.0451370588378648
908,90.8,home,42.47369082434568,34.04548347717252,45.985153254070596,54.447553636318986,19.07642756870708,0.8956940883144272
909,90.9,away,63.49456616870773,32.76456959987558,46.165244308255254,65.62852076052411,22.864858481738477,1.24457678789986
909,90.9,home,44.415424581070255,32.63360771234496,45.7277902970271,54.565373783840975,19.534674791988415,0.9289770999321277
910,91.0,away,63.51248402673489,32.74310194561745,46.02831452489184,65.60366678490851,22.863010072985645,1.067748659330108
910,91.0,home,44.41026690394683,32.701401743511546,45.76725945496136,54.46968059033118,19.541127524928985,1.0066028154435012
911,91.1,away,63.439178599709706,32.757249242710536,45.93457542417648,65.73303031716243,22.863943644960656,1.400839277294753
911,91.1,home,44.443446160135395,32.750668365343124,45.573085280858116,54.467702380375634,19.492031482682233,1.1583891474892984
912,91.2,away,61.673047702452024,31.8592281559285,45.75889681549637,65.74391247257266,23.03487563057255,0.958223204954265
912,91.2,home,44.421777982549514,32.77379992375504,45.45749577731024,54.40092180820862,19.439348813198237,1.2902019823629267
913,91.3,away,63.37491794646738,32.81465515245799,45.9724792112142,65.4881921146963,22.824327257048257,0.9786360867000368
913,91.3,home,44.37202138923437,32.79554319131422,45.413393480807876,54.25682674675291,19.42066553413867,1.2816127855159243
914,91.4,away,61.61451692457685,35.02752591584636,37.47623609655669,65.37230313426028,22.055823690190152,1.3062677088247012
914,91.4,home,44.3711494786818,32.8543410534581,45.43663873257633,53.688856845845784,19.33124255102152,1.5084526775218776
915,91.5,away,63.34997612384606,32.75239252329354,45.84356689594628,65.25598843332874,22.75886536210376,0.9570432993097701
915,91.5,home,42.40097646502887,31.767066536037287,45.55434518094928,53.583396376069885,18.98707867301842,1.2664431518893384
916,91.6,away,63.27786469627447,32.73526775786264,45.706663603271146,65.1958630895366,22.79764569615381,0.9372699406812756
916,91.6,home,44.282306229205965,32.85262385040058,45.447026259150185,53.73456205596115,19.272292878258902,1.1027221110512864
917,91.7,away,63.31510571747276,32.7615456812878,45.5833528159936,65.26159868434797,22.80932230712859,1.0524256555621792
917,91.7,home,44.294380664197746,32.833778715043934,45.40119546069216,53.61755612486074,19.26539301189531,0.9288309557570897
918,91.8,away,63.27071966228796,32.72954617029041,45.353336524491965,65.01122305492844,22.748299324907123,1.2076768362997834
918,91.8,home,44.31706590101151,32.84129660363465,45.437410143490595,53.62743218182018,19.281167087175536,0.9348261215934367
919,91.9,away,63.24412184538173,32.74597219272013,45.248375747557716,64.65478769937778,22.71318180031859,1.0306037871731553
919,91.9,home,41.45934698232391,33.04262724146709,45.33273980197791,44.596692437389535,18.268292808822157,0.9823338280519719
920,92.0,away,63.29178936597052,32.769550400996245,45.30699119214285,64.72554865233676,22.681133248082304,1.3317946379807049
920,92.0,home,44.267242778592006,32.81245445239279,45.525752056620824,53.602067170404894,19.282399194731713,1.0370280270834231
921,92.1,away,63.33529439013885,32.78488237647786,45.481541792307965,64.38336473909116,22.628224155340817,1.0600456798273898
921,92.1,home,44.23508354845601,32.82548860596298,45.521226727573605,53.50722567299262,19.29979020108968,1.045752366352035
922,92.2,away,63.26918904288055,32.81352924207407,45.34950506692692,64.7718749470286,22.676482643069203,1.3708176725652708
922,92.2,home,44.26027760550496,32.832706000590825,45.507977263779395,53.653335104329685,19.343520846117688,1.1123668387184895
923,92.3,away,63.245598831041164,32.864796986174206,45.506858269310804,64.80539578885303,22.683912563802565,1.4815250081519118
923,92.3,home,45.39638319833748,33.550156968821504,45.313333973195256,53.706012253634825,19.784962161497635,1.2179304494551944
924,92.4,away,63.15888449989396,32.937554549062995,45.41609585481412,64.74144109391136,22.669363058462757,1.118491164549659
924,92.4,home,44.29514953138394,32.874553233647276,45.162226165220275,53.91343741388259,19.39820144734829,1.0953507162330667
925,92.5,away,63.16629009437206,32.96442542915123,45.63210662065919,64.81455373132198,22.60754431060694,0.9847661306242333
925,92.5,home,46.78077763829433,32.889104679224225,45.12207114599597,42.65750891615649,18.636612934684983,0.7315920284497301
926,92.6,away,61.48066933267639,31.985936670393194,45.80699091596958,64.8981530131967,22.78206196020742,0.9189433897230217
926,92.6,home,44.24837562806658,32.85216784649203,44.985855679680206,54.12262197373797,19.43258640637142,1.1091586404483456
927,92.7,away,63.07657538025148,32.973457638360514,45.94000136964441,65.14058419579278,22.65404463984097,1.1133080602923302
927,92.7,home,44.22892866896638,32.84313663477122,44.87786463386519,54.22902046480678,19.42317400603596,0.9942671190344974
928,92.8,away,63.066900540235196,32.94271271218142,45.965016277236714,65.24272712504786,22.694377506888262,0.9542560890708626
928,92.8,home,44.17160332154105,32.831065023433794,45.11370881031865,54.31073169910462,19.454758077385126,0.9447881062630409
929,92.9,away,63.071875973221765,32.92993070514667,45.73564052449646,65.0377529952911,22.691035488859157,0.9166308254618496
929,92.9,home,44.13154792120193,32.82502469015463,45.023032186717465,54.225242974494236,19.48694504538528,1.0839631559044416
930,93.0,away,63.0550778624118,32.91826153398594,45.31310350973114,65.25049552309618,22.690084392286515,1.1371361187304372
930,93.0,home,44.12968589264725,32.856721267623065,44.930138422458185,54.4127195894328,19.462205107007208,1.2997424693083222
931,93.1,away,63.04310486774336,32.87784054349388,45.35249954000351,64.9697912832978,22.67177898274866,1.1802536190134019
931,93.1,home,44.126555219236884,32.79247707021812,45.010980468227444,54.36341712401145,19.4756272125171,1.2504956096659086
932,93.2,away,63.04523818188283,32.91700026840669,45.03344438813645,65.05347839338178,22.644063983826495,1.1001248806395074
932,93.2,home,44.133336581997,32.75980659726988,45.27570135906667,54.45833248114384,19.519521159423423,1.2680798210436368
933,93.3,away,63.08792219578583,32.880727130277876,44.76940966900905,65.03174611136106,22.668264001585055,1.0925340983873668
933,93.3,home,44.11184612539954,32.74729549195235,45.15702578069434,54.68298859790757,19.491052339999776,1.184359004071238
934,93.4,away,66.38055887861478,33.134254101874696,44.68265784873829,56.791615494780544,21.622462586112146,0.7920176669082974
934,93.4,home,44.09712265478982,32.78241000089628,45.02341527598171,54.794470580518464,19.51142617899714,0.7460199752058071
935,93.5,away,63.07834511767692,32.88979452607215,44.576165406546,65.03939865322013,22.74089384849325,1.0219012319863778
935,93.5,home,44.06878444690546,32.707325034056275,45.03691351280925,54.919210437492815,19.490162729484464,1.2632781410346032
936,93.6,away,63.09627838280474,32.89625520731237,44.41528386942573,64.90421134153188,22.72645555904454,1.0625698529637413
936,93.6,home,44.03958818829744,32.72809861090021,45.08798746926783,55.16036033922519,19.54173726166114,0.978125358895054
937,93.7,away,66.40179291836391,33.21410532535113,44.259763155055055,56.60009314124472,21.571335956406195,1.1308293077433542
937,93.7,home,44.04743940400195,32.747902713657425,44.83500959056153,54.689287517209735,19.462372873959257,1.2341504657454023
938,93.8,away,63.633138866991274,32.907835654002845,44.3923433474405,64.58154165497878,24.377019465488512,1.1406924248854708
938,93.8,home,44.061155302442806,32.80142419116222,44.8082205572434,54.81955700243213,19.451348248371698,0.924692078534412
939,93.9,away,63.57400373840144,34.36829818031937,44.60681109139118,64.68098407417048,23.41002010887698,0.8792283130334931
939,93.9,home,44.0505382626192,32.7546042560968,44.95367952682213,54.78756003998659,19.47597417428641,1.12175111311607
940,94.0,away,63.08068850029047,32.991777173211645,44.54101843372585,64.8210444983054,22.69989303023418,1.1250821128544266
940,94.0,home,42.072075175128944,34.19485886004324,44.75079289514785,54.96748686772423,19.01810089302689,1.2450264644292717
941,94.1,away,63.05172281247396,32.95264529840694,44.731221631454595,64.70722033617932,22.685662060969506,0.9552792194570684
941,94.1,home,43.971239487205715,32.816895478066336,44.41171859110953,55.02860934377694,19.483159914693946,1.2529699580890126
942,94.2,away,62.99260489959143,32.89108926412097,44.789573521991734,64.7728892836513,22.691756935529174,1.2032333243253195
942,94.2,home,43.800414209102,31.368141968070848,44.48920388807998,55.02666233591652,19.95325659629001,1.2714739499662606
943,94.3,away,62.981810308845525,32.86852715339873,44.75768950005484,64.64983288788434,22.609760907376174,1.0120764614354143
943,94.3,home,43.97399152331291,32.81756127657733,44.70649137930705,55.10832108966768,19.50234042180097,1.2031999293414337
944,94.4,away,62.917733022987726,32.916211268878044,44.73166071577153,64.62281723282533,22.591235328826286,1.135618921879419
944,94.4,home,43.91818571215052,32.875674224672494,44.859086443225436,54.88102121824269,19.549164728210407,1.3402766884104298
945,94.5,away,62.930285761544155,32.944672459290615,44.768621259867025,64.43994534772715,22.619579555504714,0.9497735722268484
945,94.5,home,43.981491928653014,32.888249417460315,44.8139338008272,54.677988382867625,19.526998117906803,0.9617212934184122
946,94.6,away,63.34176417896699,34.31510756108958,44.83619619248738,64.59452232522975,23.33632463751123,0.9377409943267361
946,94.6,home,44.01006461708465,32.88524643901806,44.90473277290297,54.69486951876823,19.554175900575633,0.8740615697866858
947,94.7,away,62.82950823151919,32.94346658080717,44.8551435539361,64.70425355709399,22.58997659248031,0.9728758894252084
947,94.7,home,43.95858434389516,32.827063856233735,44.79028941779118,54.923242826818324,19.584589258337598,1.016426573474549
948,94.8,away,62.796537896181356,32.9115890120427,44.64133051455814,64.59102572913022,22.558086730633164,1.1978098031012212
948,94.8,home,43.92046410189936,32.8098062738508,44.715830954339765,54.98715295941709,19.580996641786328,0.9572101144446752
949,94.9,away,62.791591957736095,32.895791109581786,44.49723217831851,64.44449053361157,22.48902028656148,0.9049819267090687
949,94.9,home,43.880235661064816,32.82288729603025,44.6339290743312,55.03121890413508,19.579087039298482,0.9041279467091681
950,95.0,away,62.78086180064517,32.91757923978322,44.59844953480906,64.37283800011078,22.485936971796484,1.0726191775162572
950,95.0,home,43.894508842453824,32.83495273747777,44.722755592547784,55.115968318812925,19.542256840306806,1.2282225952075374
951,95.1,away,62.78818209032613,32.90040793261694,44.79971083203587,64.5158117892469,22.540228702939796,0.9270217163117862
951,95.1,home,43.53190421405555,34.282848320439456,44.75926306543392,55.2353010379403,19.96980167825054,1.0069637475777253
952,95.2,away,63.38133961390324,32.94578952538989,44.514239655094826,64.61138158480229,24.186699924904087,1.1554484780702508
952,95.2,home,43.783653262085046,32.84764586578577,44.72615288534429,55.08685057513166,19.55909246404379,1.0531117769787726
953,95.3,away,62.816063674204344,32.93326463450663,44.397546204923756,64.24396999769777,22.494823848923502,1.2884942384135327
953,95.3,home,43.81177494079569,32.83952940720484,44.651754009483426,55.17267978001871,19.58148072241792,1.3556862745499123
954,95.4,away,62.776133271774945,32.945322131845224,44.55471627198523,64.4658943723842,22.48504761422239,1.2020030114539133
954,95.4,home,43.770706718871104,32.85551856461235,44.46957933016751,55.267075837356956,19.567160109434898,1.2647931822105465
955,95.5,away,62.77397209634553,32.94221190267717,44.602526068971265,64.36821685939361,22.490534317469073,1.1280164045830248
955,95.5,home,43.717942749178626,32.871922182052714,44.389822660520835,55.62790373004654,19.580846852700894,0.8018148946696407
956,95.6,away,62.741528702321354,32.886109371840284,44.48278560459411,64.4078358638198,22.4579444333909,1.0894132897393562
956,95.6,home,43.671054681189794,32.87777090330985,44.379416964869,55.48847284254276,19.583004062758253,1.0781738441742343
957,95.7,away,62.759880815123076,32.901480033499325,44.66998817432367,64.33340359490398,22.47775040568555,1.1344428518841214
957,95.7,home,43.68790932147196,32.8870706252507,44.662097840796335,55.56989986162053,19.66693812858994,1.1417623433529889
958,95.8,away,62.74946653165933,32.87311973438841,44.74139524235419,64.26889155867394,22.476756197805706,0.8067757756065294
958,95.8,home,43.65754949874246,32.86391606797592,44.709769774488606,55.57971096933552,19.708946745087477,1.080976241278196
959,95.9,away,62.73690735645912,32.84412629112721,44.65098176364793,64.47150948193381,22.456678449661354,0.971808243092267
959,95.9,home,43.62232362565655,32.81493804326023,44.70448938409487,55.51006133082443,19.726820331890142,1.3130327694015875
960,96.0,away,62.7158833542503,32.8896562894618,44.9549256041095,64.26373700280938,22.452877448781013,1.6513287546030477
960,96.0,home,43.69017230694026,32.85704102526788,44.394888660752024,55.52539620559632,19.70910526940201,1.1509902308354285
961,96.1,away,62.68890843473551,32.86824279692842,45.29014666425313,63.97067695128509,22.421225498556986,1.2094989200723987
961,96.1,home,43.73426145499247,32.883193485898374,44.30488180426499,55.732015718804185,19.746322718551735,0.9037067786265346
962,96.2,away,62.66342250535476,32.90865948194377,45.34385931717442,63.92548427722373,22.35245086004398,1.2804028901610003
962,96.2,home,43.734894107891876,32.87100403198176,44.241860025717116,55.82083974021603,19.725286743130557,1.270911200731937
963,96.3,away,62.64491450016397,32.87032494906329,44.92041148345494,63.88721305688668,22.30388991094024,1.164531823179404
963,96.3,home,43.742344098633666,32.83873063275238,44.39488405770474,56.06842557272014,19.77677721933586,1.0119500447092864
964,96.4,away,62.64946180326237,32.87611559661242,44.93881260761517,63.96091537474039,22.255399139895186,0.9243739549885831
964,96.4,home,43.75812544524277,32.8345240392795,44.37694555850526,56.04028883429696,19.79750394397082,0.945116257846819
965,96.5,away,62.67877285141294,32.953220905984715,44.7794955620825,63.63358215239252,22.21768585766349,0.9312368405150334
965,96.5,home,43.789607037475804,32.86950583174012,44.35543553222365,56.24299822820461,19.822702500055865,0.854132854072525
966,96.6,away,62.64074832607548,32.96246880302112,44.90394070128995,63.80685843743284,22.209995580319024,0.9824997686590567
966,96.6,home,44.87912466474635,34.8791880939648,37.54701999752232,56.32405825292736,19.4205850962977,0.7496881386005458
967,96.7,away,61.083829094247804,32.05406523812053,44.94891768851397,63.82267376213238,22.39359706400955,0.887785247861671
967,96.7,home,43.714016648950974,32.82704290574662,43.88717021964169,56.18138400974864,19.7689519825988,1.1060562389716002
968,96.8,away,62.67109342809249,33.03130479285923,44.7554649683166,63.61288442363646,22.187216659884946,1.1056969681304936
968,96.8,home,43.71903614751579,32.86511239228157,43.91202363379975,56.310954682503294,19.83349978447581,1.0868224920084384
969,96.9,away,62.64960859492581,32.97136188109528,44.51718731616591,63.36742374889789,22.07528062908601,1.4915334283516095
969,96.9,home,43.63736921551601,32.820964580548804,43.93559458313992,56.38305115421914,19.865761055583352,1.025641239432584
970,97.0,away,62.56853238041592,32.99800403598501,44.267022115465984,63.49017185899082,22.072194279391315,1.1522972331304464
970,97.0,home,41.43990932786715,31.703006558409918,43.95228110753346,56.16665223970307,19.344688758054176,1.2729252242419338
971,97.1,away,63.00352048796721,34.30946007852704,44.32652376285738,63.39298013473463,22.701635722523683,1.055407249921656
971,97.1,home,43.32864107963999,34.188769156789384,44.07800638122907,56.30673867425077,20.432251611060952,0.9946071976423585
972,97.2,away,62.52638525859333,32.89988405707289,44.50549352050915,63.20227802837657,22.05485133296614,0.9224950314106248
972,97.2,home,43.532331459782604,32.801435512299115,44.15569362177543,56.25249221877718,19.871857963144006,1.0417596588576006
973,97.3,away,62.50422627206894,32.88619704306851,44.31590311549308,63.11578218661418,22.006424052202526,1.041385365511613
973,97.3,home,43.44877139730965,32.844352706205136,43.83343581481424,56.438617268293484,19.942046628420243,1.20352677011199
974,97.4,away,62.47945970275682,32.86420500186944,44.43912014998879,63.33212100418646,22.049434912451343,0.777685234605886
974,97.4,home,43.438794404424115,32.79176203357346,43.65871687349066,56.34673233299117,19.966386813146375,1.1095426697210637
975,97.5,away,62.465006817453826,32.86131325327681,44.2881256014755,63.097385802435184,21.996500551137274,1.2274550892257137
975,97.5,home,43.45770302461548,32.78426573099454,43.949104313854406,56.42973490691794,19.979042837352942,1.1353852889364509
976,97.6,away,62.40206417336862,32.823559535249096,43.97370698565411,62.852018306603426,21.939619462326984,1.1794198008444365
976,97.6,home,43.43315074065386,32.78595379384844,44.0673737685605,56.79389811969715,20.045290128805707,0.8870371700490162
977,97.7,away,64.75890017928404,34.25342987503627,43.992397115372185,62.90583649127285,21.275030011815314,1.1364322446431876
977,97.7,home,44.55471920993837,34.89739202313854,37.40716419720264,56.66321683222566,19.590633327408042,1.1754706173570715
978,97.8,away,62.35948126610597,32.89005116636609,43.756048277416156,63.12230007223572,21.95061690466213,0.5942664978725068
978,97.8,home,43.44417431727163,32.84693883374599,43.851616649067324,56.59097973713807,20.00450216609588,1.19949196372996
979,97.9,away,62.36358033084366,32.831038756253115,43.75072853652742,63.085318318209495,21.93241527282798,1.113713439666791
979,97.9,home,43.4637724887976,32.80656262737872,43.92198211210353,56.86792524941313,20.068402369020955,1.1509736043387568
980,98.0,away,62.34310961966787,32.891515620289574,43.573158721010465,63.021961330431445,21.878191811756018,1.1491099824898503
980,98.0,home,41.46212237663941,34.239793149179235,43.90457379554708,56.915010857637355,19.51369033260537,1.0416241709517486
981,98.1,away,62.35784069103072,32.87600727921987,43.41118897170217,62.96905016702982,21.855646376327023,1.0435338620021095
981,98.1,home,43.45835127484049,32.81234807524715,43.75163216067969,56.87400295283226,20.079026354708276,1.0864249267290707
982,98.2,away,62.39487575149049,32.90984332790953,43.33523272626492,62.794970606956966,21.824121131595824,1.107644467934958
982,98.2,home,43.49317876555048,32.83316000631753,43.62597414254128,56.91059460432197,20.068295353272365,1.1284594877366088
983,98.3,away,65.43608783008543,33.17630153719777,43.34050952859102,55.50020378437675,20.889615419031667,1.2165414211412542
983,98.3,home,44.71961964147329,34.906845736316505,37.584874597399356,56.88316885729103,19.696112967144813,1.0125418571042568
984,98.4,away,62.36429969706551,32.90714151207031,43.038804173954325,62.57896146454787,21.816338133597203,1.3865538186915611
984,98.4,home,43.47802612995775,32.84338722661534,43.67784403073738,56.88432242195033,20.081554342558288,0.9974195185496542
985,98.5,away,62.346903811111204,32.86189201006165,43.42524326959375,62.603905087876484,21.852964981841726,1.270364607032073
985,98.5,home,43.48522795691288,32.869090923200154,43.473763439601576,56.994429332074105,20.134911526200533,1.043386077038431
986,98.6,away,62.34738298029459,32.8920126841744,43.52531879161586,62.157037187683926,21.80329331279953,1.0304838668768108
986,98.6,home,43.425767394494194,32.86317907120986,43.251109942246046,57.375523655872826,20.14975501247568,1.1442503745629293
987,98.7,away,62.33550500503134,32.88166781346595,43.4178065030228,61.84839752901414,21.74712788807566,0.7821925194186334
987,98.7,home,43.43209520504798,32.84582129061334,43.19845785258476,57.58101947099934,20.150723098326726,0.8583564180747704
988,98.8,away,64.72671006583349,34.39116924954426,43.38996637102191,61.92217444192681,21.10966540421457,1.0978355359339154
988,98.8,home,43.419228361826114,32.87864783316591,43.15236400202641,57.59177007331188,20.192168454011725,0.6980764415521872
989,98.9,away,62.359853669343856,32.8943850720294,43.50821346526817,61.706584446806616,21.749324965865487,1.0451260606724013
989,98.9,home,43.399988551170196,32.86932004431543,43.03632871765709,57.609966083922444,20.187237082100786,1.2682669269451494
990,99.0,away,62.34384302870735,32.91490939592151,43.486275838756875,61.87621390986673,21.69513405026748,0.9723588578928717
990,99.0,home,43.40471845583626,32.87714339809225,43.032643392816304,57.71374889878314,20.266854711586547,1.100371428523714
991,99.1,away,62.34369804738963,32.88386944061958,43.649978509782294,61.828296870134366,21.718139118106578,0.9999117274561659
991,99.1,home,43.344586305020634,32.816066550396094,43.22123384415189,57.67928504474827,20.24983086026025,1.1106210744386364
992,99.2,away,62.332817617340204,32.95617428700141,43.47104592007316,61.69550231884338,21.63190513536701,1.120352901267682
992,99.2,home,43.35057336892761,32.78066590006533,43.26741038805477,57.819651557591015,20.30306216077435,1.024809353674608
993,99.3,away,62.37872881973487,32.926437812062694,43.6304550015645,61.653194307695316,21.587173740886268,1.6099705883231281
993,99.3,home,43.38235029573466,32.79144164431544,43.32141213228558,57.75825474799102,20.314192536130957,1.0785033073679793
994,99.4,away,62.41448009233679,32.9478922197438,43.53555438379991,61.768033356131276,21.5146243168004,1.1749421354634844
994,99.4,home,43.390242496879154,32.787612943138114,43.528361634272144,57.910769127986896,20.3655333223493,1.1213146406509822
995,99.5,away,64.70454947966208,34.3965476238379,43.45443889147558,61.66708987587733,20.822026513993883,0.8274298267201685
995,99.5,home,43.395719583703446,32.82419895575149,43.402421465759694,57.89435803710706,20.404260295916544,1.0561227306862975
996,99.6,away,61.53905337442123,28.843005571022232,30.932037961926284,61.544715463244245,21.184263235551985,0.8509425783209141
996,99.6,home,43.37753139397819,32.816059871177664,43.62353634514508,58.002685884960286,20.468282942623173,0.8231981699037192
997,99.7,away,60.9840471398732,31.90087686510242,43.48610076924985,61.40178012430354,21.65005563502808,1.0023640324162308
997,99.7,home,43.38823257241899,32.80199881233569,43.43236324008397,57.95445878629639,20.47057181474089,0.973592227420647
998,99.8,away,62.36943468365362,32.94518696847117,43.37848129041039,61.35714337855627,21.422373025953636,0.5331783224198099
998,99.8,home,43.3380365188237,32.84150300353395,43.35459681329405,57.946663370931404,20.47869696769696,1.1810649846450392
999,99.9,away,62.41279000772057,32.90084717368823,43.422193832409064,61.343299488454704,21.40901848358681,0.9505977105378275
999,99.9,home,43.35380044587785,32.91096364591945,43.35725201428599,58.24382740955799,20.535384867171267,1.1960114460685898
1000,100.0,away,62.386378224462995,32.887474341857434,43.56159653197408,60.99360330076657,21.35367984612588,1.15611778910609
1000,100.0,home,43.18686126808958,33.08909035021855,43.20329523446921,58.15676839963261,22.403105103431198,1.3348348404193766
1001,100.1,away,62.4049082367068,32.82138760789424,43.54155930010531,60.86640765770612,21.332176975841026,1.296416443688138
1001,100.1,home,41.34182708362537,34.52390960166805,43.220392315833834,58.295743165273166,20.008760574088914,0.8985160176850137
1002,100.2,away,62.300161846436374,32.77714008007055,43.52708778048765,60.78405113301291,21.296878182151705,1.1148195396537288
1002,100.2,home,43.39828778872233,33.073566547363434,43.35571197404509,58.24437880554335,20.64231608081937,1.0345876991286365
1003,100.3,away,62.285672960485165,32.80219820723146,43.280519690766795,60.66891728728425,21.250867746649686,1.1699678161732374
1003,100.3,home,43.38582295129545,33.03677005834574,43.236341917126744,58.313213621082674,20.647816028607902,1.1337162250672543
1004,100.4,away,62.85993927190176,31.434438341535305,43.236427578185086,60.792688781730085,21.773400153010236,0.9217172747179327
1004,100.4,home,43.39529008113308,33.008114158748796,43.299489730702234,58.47779555133932,20.654484672561725,1.3313563299523086
1005,100.5,away,60.67181375137418,34.858846343609216,37.922941663761264,60.861690238278165,20.54681582097041,0.5875724639806337
1005,100.5,home,43.388375926302906,33.01811409999933,42.95503414920082,58.38260372614867,20.63495022720166,1.0980756213987592
1006,100.6,away,62.301527663644265,32.81946665717549,43.30156060635276,60.91659012774427,21.2100555049835,1.0070783465161854
1006,100.6,home,43.39333355434583,32.99427464555701,42.9789452497622,58.52308280571601,20.643785167595496,1.1063215816840204
1007,100.7,away,62.30133227684703,32.793059575023065,43.13980262397935,60.823723227229664,21.132119703061417,1.3808183823020956
1007,100.7,home,41.241073979612786,34.448574038936286,42.96956461088892,58.59973052327516,19.97007859234095,1.1107649277981708
1008,100.8,away,62.26469748135789,32.77880103771682,43.2013566680236,60.773352284094194,21.109585582071738,1.1709489349728726
1008,100.8,home,41.065184035102774,31.82230140882018,43.00852584078089,58.55046661779982,19.97534707191733,1.0757346581683667
1009,100.9,away,59.185880388717955,32.71871994596157,42.90161069366542,45.72068081589688,19.669610574497565,1.1105428057993953
1009,100.9,home,43.39530851452286,32.89106417712955,43.11921900780297,58.803048385253035,20.674565047426107,0.9325784022692496
1010,101.0,away,62.26841406274429,32.883797584553854,42.80576767676046,61.03824447161998,21.038464630398977,1.0829283184131315
1010,101.0,home,43.31931829975242,32.96193957314798,43.17699729156715,58.91378804877746,20.703548623923908,1.236090484935358
1011,101.1,away,62.29097155021675,32.929248057647726,42.97502583386627,60.871524418126725,21.0391453439954,1.3695030744670869
1011,101.1,home,43.096266190765036,34.45044018982914,42.88308191891582,59.23473445771543,21.22015567663842,1.1192253626440922
1012,101.2,away,62.33536290173541,32.98647001541202,42.726456916861494,60.93586043122967,21.03905852703882,1.3332934512177534
1012,101.2,home,43.28293665470912,32.996800720971855,42.82788895750351,59.26135769564294,20.706211805671316,1.1350197350500955
1013,101.3,away,62.289273250350654,32.98492175065984,42.6417205536538,60.84477187546163,21.03542695878463,1.0264828569549873
1013,101.3,home,43.330259963065856,33.06641993737613,42.921398989885944,59.15879817412525,20.773839445669644,0.9972616961375057
1014,101.4,away,62.30716269403742,32.97286369580023,42.50008313583908,60.74915959678612,21.01036704198224,1.3330264725627894
1014,101.4,home,43.294899575587415,33.06300071340372,42.88470053249828,59.2058983940741,20.79329392855375,0.7325542454987223
1015,101.5,away,62.38696483682623,32.963235706904385,42.40048718625727,60.56642681971711,20.984847586222866,0.9620232002583701
1015,101.5,home,43.30359658089396,33.05113983611965,42.96155304784226,59.48689598070022,20.800550083735388,1.2052343248422461
1016,101.6,away,62.38766086406767,32.99369744248185,42.58504363037928,60.31708188898531,20.980366972447477,1.2508083213361962
1016,101.6,home,43.34103948089548,33.09254180640919,43.06011330359227,59.81740223844501,20.88792484869381,1.144894349203749
1017,101.7,away,62.3866865382462,32.97667262760903,42.589266087458554,60.13288994534709,20.93633313762262,1.2752283014124466
1017,101.7,home,43.38819939554517,33.12132093906803,42.74807681501572,60.12593201577215,20.90736091429307,1.2536902999935629
1018,101.8,away,62.33374370159434,32.94151869210593,42.914959652432465,60.04903837747918,20.95249867798927,1.4027368576786845
1018,101.8,home,43.3620821390336,33.120584140981876,42.52409365155437,60.298584538837034,20.90305628569708,1.1850439135596955
1019,101.9,away,62.334814798341014,32.96004289237179,42.93052022292281,60.112131511784476,20.916723780078904,0.9035968977272922
1019,101.9,home,45.99356838519732,32.91173294602586,42.3197294732364,50.293273578018315,20.164981364978825,1.0671747024807385
1020,102.0,away,62.33749775137772,32.96342687141495,42.81925222495214,59.90005446501977,20.88173023606458,1.0806202482959817
1020,102.0,home,43.362941329307496,33.12390515487618,42.374575058922744,60.42796168907149,20.90446872129495,1.2471888512783462
1021,102.1,away,62.33063431590386,32.92122428187965,43.027207446879444,59.61406940144638,20.82124990343796,1.0983734301425505
1021,102.1,home,43.3665114053642,33.0861228727804,42.344012048370864,60.29684427142092,20.91956940256134,1.2616903034633105
1022,102.2,away,62.31231837251527,32.91394220529463,43.102793368703026,59.441813283974284,20.802598464722834,1.113518554417283
1022,102.2,home,43.34677598741328,32.98152187213854,42.27068472377207,60.23471534947716,20.901128096763152,1.2713547044108813
1023,102.3,away,62.33933558956237,32.933617675228795,43.12086223961905,59.26011741587735,20.770010446972975,0.9079258893780668
1023,102.3,home,43.369726299471964,32.97121805702594,42.35322069867853,60.27694460828734,20.93694876652558,0.955946775355456
1024,102.4,away,62.29705201624797,32.964051434859364,43.131965737769434,59.04904049121276,20.70637444621875,0.8149516378855611
1024,102.4,home,43.381085445991445,32.973079525451126,42.2938992335452,60.48806841497226,21.003994700136225,0.8458629356068958
1025,102.5,away,62.256896874882955,32.981330305388504,42.994430193580115,58.9819102354147,20.665949366914163,1.0758302829499296
1025,102.5,home,43.355955782987,32.89894577426998,42.44908222269257,60.41313660793238,21.006277511091046,1.070981755309816
1026,102.6,away,62.25837308912034,33.05518145920571,42.98314193570789,59.03551713320336,20.681157296902818,1.07510110234497
1026,102.6,home,43.36924397492951,32.865970573180746,42.58513183071986,60.35106464122738,20.979980734947063,0.9401171942474039
1027,102.7,away,62.30569501253785,33.04339633316521,42.78523006849302,58.82325861952441,20.62589635539352,1.2605197771327628
1027,102.7,home,43.38047977441843,32.876509119780174,42.671715547231855,60.51973952576358,21.006477306964765,0.94130303261995
1028,102.8,away,60.92258367449085,32.104599207962195,42.77122759778632,58.66927724724409,20.900595968951254,0.9314491760114028
1028,102.8,home,43.42265717074428,32.87858609175101,42.91444173286827,60.629637927041955,21.055238780775888,0.9420762790051156
1029,102.9,away,61.00804797919803,30.795230674668563,33.20307572876332,58.664941322481184,19.957954725394764,0.7364002261772932
1029,102.9,home,43.44453470375766,32.851577202315575,42.886994966567805,60.903548065359516,21.13537157537579,1.279558462518638
1030,103.0,away,62.28494572783642,33.075737275550246,42.79668431976879,58.73168494324675,20.709327823892778,0.8433819771978128
1030,103.0,home,42.453749237535455,32.36972493787379,42.8491352045395,61.24728681549196,21.189662015282583,1.3419538747052515
1031,103.1,away,62.285854106725445,33.12943831511034,42.88099584739868,58.75841454413449,20.721560375338463,1.2766714220977184
1031,103.1,home,43.456132467668446,32.90569264626084,42.83252852949822,61.32550336268762,21.25840032694995,1.25063551338128
1032,103.2,away,62.25120498681162,33.0797151004047,42.36913570111784,58.631181158189776,20.654861202071242,1.402344817633606
1032,103.2,home,46.174687473588314,32.72043429658488,42.96901985960464,50.982430666453595,20.55248843107938,1.2246225077877726
1033,103.3,away,62.1906305361606,33.05397412913556,42.33602326201658,58.61915417515781,20.650004951648654,0.8069457214992599
1033,103.3,home,43.1176893092618,31.661384375811604,42.91799293524372,61.5897883333857,21.951244875217746,1.1973426478709368
1034,103.4,away,62.194768347381746,33.05648806318393,42.303114208180844,58.69968418113611,20.630796848402014,0.9005470034689573
1034,103.4,home,43.39852607128012,32.98898984062103,42.930670470234666,61.632908997112864,21.328314158802808,1.3898194200044436
1035,103.5,away,62.1780970974641,33.06303789447987,42.22732664619822,58.42920846086649,20.54891946497317,0.8406195078497931
1035,103.5,home,43.39814423520881,33.03788482184553,43.06132690784558,61.618697277183806,21.453558559500337,1.1788113596227578
1036,103.6,away,62.18297518300612,33.08099109340752,42.058749262331,58.37824752463617,20.5577944189092,0.9566911279335418
1036,103.6,home,43.406962260257515,33.02691731112241,42.799628740486305,61.481239276473346,21.470604889838135,1.0856109963639247
1037,103.7,away,61.29006860985217,34.41626454020056,42.043866224785965,43.22053637926026,18.71964210998419,0.8147447232548224
1037,103.7,home,43.36615907933088,33.013697548654804,42.77600443620228,61.63812089021074,21.52104703484163,1.2087389694942277
1038,103.8,away,62.20209862757407,33.12567906896105,42.05032274139692,58.230079073084006,20.473730694119435,1.2125459745288092
1038,103.8,home,43.371566530447055,33.02676434232532,42.55870757388462,61.71085765712711,21.53245630472202,0.9323185336730778
1039,103.9,away,62.15184646678012,33.07577020153352,42.27699863546033,58.3256087162692,20.422048911722303,1.3350783268660844
1039,103.9,home,43.34519977940982,33.093703744386744,42.84215437279885,61.55262289585996,21.503659926475578,1.096378197118373
1040,104.0,away,62.123901967582036,33.083599670896234,42.3463806728964,58.21365862933062,20.38363156688597,1.2349593132587626
1040,104.0,home,44.770694131541475,35.08932812701238,38.07732004773567,61.6341004370106,21.240562390078253,1.0573967889457034
1041,104.1,away,62.06962803015565,33.11153773606946,42.70796384629632,58.32848493069611,20.405614471286505,1.4817973504054294
1041,104.1,home,43.36063178806439,33.14015547637919,42.85679460848886,61.96164346309628,21.55339067514315,0.9728140550833712
1042,104.2,away,64.96104659763952,33.25964047398595,43.00382749140315,50.6991774689609,19.518516651337087,1.239700128827796
1042,104.2,home,43.39985469765285,33.13861623771734,42.632926880153285,62.09802321237454,21.556347199116992,0.892228046374854
1043,104.3,away,62.18933390344721,33.08478166991303,43.1642892054825,58.25193828780428,20.41990685357037,1.1376705893613244
1043,104.3,home,43.179011164792385,34.706108760330835,42.66563735957368,61.9230202985605,22.146304827463513,1.0956946879476817
1044,104.4,away,62.24587171074583,33.085554277578055,43.22092064601927,58.30074871051802,20.43674939358973,0.9782305188047853
1044,104.4,home,43.37552917733769,33.203222485576376,42.53638577582059,62.0803199240743,21.541652472848025,0.9758880754740434
1045,104.5,away,62.265193401503076,33.12564343219755,43.17996298179133,58.53500576798043,20.421131214702694,1.0631291237989475
1045,104.5,home,43.36619327588999,33.31753993406134,42.656724671489656,62.141017200193886,21.584877636390452,1.3292453530832395
1046,104.6,away,62.27254769995561,33.09427079104509,42.98708846203234,58.488813753758485,20.355571001806144,1.195538673567028
1046,104.6,home,43.09777597828561,33.42643408738751,42.68475343653249,62.19883629546334,23.525229473480064,1.1328395066130592
1047,104.7,away,62.319920030753224,33.07266091584388,42.80218314919062,58.2925935794017,20.30915565669507,0.9895429556496861
1047,104.7,home,43.39726041325304,33.34534683760774,42.460051349570094,62.215188129520854,21.678192342712045,0.9295593419371742
1048,104.8,away,62.31982336160419,33.11705180908126,42.56838309976429,58.134016750933,20.300758121256823,1.1926503153882857
1048,104.8,home,44.937271267831875,35.3601857981736,37.48126250310406,62.213872176729566,21.338879551478918,1.229581802809541
1049,104.9,away,62.34862878739454,33.163649546831294,42.3527196526333,57.87712527050444,20.251232196918583,1.2456297170767483
1049,104.9,home,43.48606992233195,33.290385740630775,42.288839901324785,62.38343376950356,21.706263409601572,1.0430714191283725
1050,105.0,away,62.39374208317988,33.16038504466639,42.19451570332577,57.913596711745186,20.220651201889677,1.1784186759782742
1050,105.0,home,43.441108961758864,33.305858646765195,42.02042418733405,62.37904500041884,21.70525428686809,1.0829564510959218
1051,105.1,away,62.43370463868942,33.189896791884756,41.959354943379694,57.52911279319749,20.133893093503385,1.1412057653212277
1051,105.1,home,43.407697610877086,33.2842639191708,41.80321667268643,62.20948154271708,21.69190754201567,1.0804886196555425
1052,105.2,away,61.011222111937414,35.26478328235706,37.23540633996377,57.486486319306536,19.491938644284673,0.9659029535646069
1052,105.2,home,47.12883272578808,31.60290373782715,33.01377741411905,62.75594602150244,21.275624660815154,1.2346221342983452
1053,105.3,away,62.35730986314727,33.22858378771154,41.77246323742107,57.20346413896495,20.041072921008332,1.0922826254298688
1053,105.3,home,43.45140057916346,33.174466489085916,41.56598592366647,62.70732984296754,21.81842943981037,1.252294683558455
1054,105.4,away,62.64490286467007,31.936147443670883,41.84137891359273,56.9346659934919,20.56092635236718,1.1128089129254788
1054,105.4,home,43.43786213173121,33.14774509999679,41.72685219520945,62.55285301560052,21.80541351649198,0.7298852697720634
1055,105.5,away,62.35438772341858,33.210156006917344,41.98462096357975,57.07617030093363,19.989631000588243,1.2065645423311566
1055,105.5,home,43.44473293291098,33.11138392889803,41.761217550543165,62.884302616887894,21.81587161616028,1.0137653056350164
1056,105.6,away,62.89004677291293,34.791163119006036,41.982602806380925,57.17863096932035,20.294972021325247,1.0779042536809644
1056,105.6,home,43.39744219555545,33.11490998243535,41.684964798707036,62.95201811945022,21.793171977337607,0.9930743604535043
1057,105.7,away,62.370529908042585,33.100762452513415,42.10959619122071,57.051627998537626,19.986471307939173,1.1608723420337403
1057,105.7,home,43.42716582885525,33.09842733789698,41.758738627647816,63.15853035780445,21.844306659864433,0.9796899219458108
1058,105.8,away,62.45812025111777,33.11771082215518,42.04919742517699,57.115346774742775,19.978012454583034,0.9960279317177568
1058,105.8,home,43.411245825198016,33.12241758016835,41.88453932223677,63.3118210059221,21.84228505966217,1.2552292255605506
1059,105.9,away,62.450904669955115,33.116400434083744,42.050058039540296,57.029695541220605,20.018403786060954,1.0588758148451072
1059,105.9,home,43.38359055270535,33.128078273476504,41.94718191673787,63.37308599533972,21.913948778008052,1.3478812366005835
1060,106.0,away,62.39143236701473,33.11475097929594,41.94568344611911,56.8776313878634,19.997755617431554,1.081131962877091
1060,106.0,home,43.1156431404748,33.31190864171632,41.99660868366785,63.545472712575,23.792092471593428,1.4353607711507481
1061,106.1,away,62.45802724831879,33.08771863623735,42.11017677756581,56.569425761527576,20.001133370115344,1.0908534189309362
1061,106.1,home,43.435489477675,33.20329113810404,42.216816752565755,63.29962848902665,21.954476759989376,1.1823927796058489
1062,106.2,away,62.40834891746703,33.14949434104141,42.21854497426166,56.57056017216496,19.935904021475313,0.8624902579873205
1062,106.2,home,43.476540581322496,33.29460539523226,42.184351699729575,63.31336637926027,21.994252029987248,1.2431056649033467
1063,106.3,away,62.45250642743261,33.16599551088726,42.0326347485673,56.440390490341706,19.899240527377085,0.8180864146438559
1063,106.3,home,43.52513765442188,33.33493842791947,42.06202621130817,63.56650236862754,22.091262872376443,1.021002238287733
1064,106.4,away,62.94916966505322,34.758192001959536,41.819626625582494,56.37815916233423,20.113554871818216,1.0788403851427308
1064,106.4,home,43.130043081753335,33.559839732267974,42.11483515993989,63.41011810238896,23.904432012277976,0.9818129383340363
1065,106.5,away,64.36941840353737,31.999344851088825,41.777410506429085,56.26477904395421,19.437579272769767,1.3129903668207736
1065,106.5,home,43.54284135805856,33.43777696428061,42.33096242496451,63.67674755994658,22.150712456261047,0.9840115574768976
1066,106.6,away,62.45686792186477,33.297463798801566,41.686014828602616,56.17022180976115,19.759884882099904,1.0047411831568607
1066,106.6,home,43.57644257552476,33.37714248082253,42.261849288948426,63.694535123951255,22.169673009479695,1.0771880072858646
1067,106.7,away,61.09855083705211,35.30659347148178,37.335350922344844,56.02396199518621,19.20201627671802,1.1404187641050494
1067,106.7,home,43.14523016561308,32.07832334878018,41.97812136002633,63.64058521802108,22.888915467109292,1.3114578480752666
1068,106.8,away,62.4543081875619,33.384484915513696,41.6834262009933,55.78150774738212,19.676623451152256,1.32313757474365
1068,106.8,home,43.65045345132896,33.38840656119291,42.16493401302252,63.59268244176156,22.15613170764441,1.2008599818923957
1069,106.9,away,62.51438310145452,33.35252313212598,41.8701701275657,55.88008275647291,19.665165595473205,1.0409919059800101
1069,106.9,home,43.654248624995745,33.40450424201729,42.10301812754445,63.51237756936676,22.132647967885777,0.9825411724649628
1070,107.0,away,63.00650052500399,34.937888447409065,41.69882072323909,56.0456208203751,19.94243348051674,0.9216911413998131
1070,107.0,home,43.620825660704746,33.381819312709425,41.98997618976952,63.7799974321935,22.143495195884224,1.1894024514257826
1071,107.1,away,62.53631654119091,33.44126182039792,41.57508966696258,56.10245127322239,19.623089609361827,1.117425322821438
1071,107.1,home,45.27635855384229,34.05807824647957,42.286679993177145,64.18500349138358,22.487746328167358,1.1422902417766714
1072,107.2,away,62.60160084624188,33.476027017922696,41.832762767693154,55.87935354801469,19.676770389279408,1.2941540396534703
1072,107.2,home,43.58790696617204,33.365033775410474,42.09526007902026,64.35937804860203,22.150901988135615,1.0638495344835588
1073,107.3,away,62.62637130618661,33.525644637256796,42.159052182847645,55.86918862515822,19.660497590191287,1.3234766302731347
1073,107.3,home,43.580787858956505,33.357246272471365,42.04510781238338,64.49042006174618,22.137741345041203,1.2333135423198793
1074,107.4,away,62.65227703888318,33.52558185938455,42.300267221837075,56.09235480575981,19.704782258113926,1.228409430523404
1074,107.4,home,43.69805911198524,33.33784682270149,41.84670749605958,64.48913268622238,22.149758296520428,1.134215350889766
1075,107.5,away,59.80213672104569,33.347951751861515,42.36343108383013,40.740153436171155,18.533020020868683,1.0364781153768814
1075,107.5,home,46.55931179753118,33.083875965665,41.94419433453429,52.71266583475775,21.255516887128103,0.9483835150586932
1076,107.6,away,62.65925759082467,33.54567739035966,42.31112522393121,55.882196120939184,19.65554119190977,1.147599633210569
1076,107.6,home,43.682372150284785,33.36190948018423,42.17548837933095,64.60019127619782,22.173530381418427,1.4130186709727532
1077,107.7,away,61.35374654882022,31.39332590886346,33.6421375901671,55.95107120809784,18.82938611829613,1.057658162833062
1077,107.7,home,43.65791253775818,33.33328999593587,42.26789459708663,64.5241208287947,22.235247765323788,1.443974727788906
1078,107.8,away,61.29328053110366,35.574108840215,37.8417154099689,55.742935652425416,19.05058476984231,0.9519754000971681
1078,107.8,home,43.6831068176482,33.32407418573847,42.43888745847504,64.56279987805308,22.31012325685457,1.1035741076402994
1079,107.9,away,62.620267440293325,33.5585591411715,42.51918675701606,55.71079503016202,19.634829122192016,1.073664502821734
1079,107.9,home,43.69681226072998,33.33870674134208,42.66223382350529,64.77244341777183,22.32584063763665,0.9537502423316656
1080,108.0,away,62.620401058133446,33.54016783253945,42.552437753030645,55.78713233935528,19.678134491277298,1.0333762040431576
1080,108.0,home,43.731988061110606,33.411578655587554,42.548461114279675,64.671168993916,22.363470483356135,1.0489583210152915
1081,108.1,away,62.63871278219703,33.54392188615364,42.69130625347596,55.90624899366506,19.669582020584723,1.0049508127123183
1081,108.1,home,43.77839730528297,33.395469356873875,42.75682486358447,64.7892905437546,22.429345779615723,1.0115602565710844
1082,108.2,away,62.62801193438936,33.506655358687304,42.45688328965763,55.71062087849731,19.629395109175494,1.378046353521655
1082,108.2,home,43.79153168908273,33.370263071672824,42.59242859375075,64.4239312852794,22.408648557023984,0.9897249268839801
1083,108.3,away,62.666085037199416,33.50401243299163,42.33002489181955,55.37585261098029,19.571373238856278,1.1163591255135552
1083,108.3,home,43.81558970118284,33.383005785216135,42.789326429240056,64.21738195278095,22.452851323341534,1.430984763936583
1084,108.4,away,61.46196707331993,34.2137662147015,42.21305010344526,55.11579768194877,19.94222186964493,1.232591445292269
1084,108.4,home,43.79436542040939,33.46243089166854,42.605342800514094,64.04929758492062,22.422359471271466,1.2607581575694384
1085,108.5,away,62.800319658422616,33.51028685321666,42.30645902724736,55.12272136815395,19.56700572447343,0.9860233982810761
1085,108.5,home,43.80624806432152,33.47029714243799,42.45801222860551,64.05398436027289,22.449203644315816,0.8825125668146584
1086,108.6,away,62.846947194880386,33.45553318922202,42.08758077161471,55.09352440004991,19.54970323955196,1.0841979617179711
1086,108.6,home,43.86137177334592,33.533804111759046,42.30284474343109,64.29942164275188,22.45905073327324,1.0769456076862978
1087,108.7,away,62.872215727588355,33.45750934437095,41.976115590860026,55.14286685506005,19.512167750320476,1.2475572500099306
1087,108.7,home,43.31642053123606,32.244879771769284,41.953044893939875,64.4739067306966,23.164099966363082,0.9714339062001536
1088,108.8,away,62.94280844785612,33.45300742687857,41.74761422717536,55.15976385845074,19.451311034986194,1.250663289134464
1088,108.8,home,43.894303641535814,33.55904072494143,41.83980483793048,64.48523533072688,22.480290676295212,0.9157865399719376
1089,108.9,away,62.96871972621346,33.4284222262338,41.86325158965845,54.94324787595364,19.415769655531708,1.0013624911582224
1089,108.9,home,43.346363135224166,32.22216249967944,41.888887050700134,64.50924725967613,23.119661598939015,0.9477888535303716
1090,109.0,away,65.69057751138037,33.37565332247496,41.60613426848494,46.95585025654509,18.489395463497182,0.8489753142507734
1090,109.0,home,43.875614159048524,33.63602259867155,41.57289398515509,64.47948101996656,22.390682191827207,1.085340781557646
1091,109.1,away,62.885343739688864,33.43412244139276,41.4548054000723,54.80024386608601,19.402741699238337,1.0269237746196067
1091,109.1,home,43.958161385032284,33.635842629141926,41.70879485751246,64.55739424245857,22.42477164573938,0.8906595336225153
1092,109.2,away,62.84875853230644,33.456260529462654,41.481879980779894,54.89856756834435,19.402120943214424,0.9785927957535364
1092,109.2,home,43.85064006708248,33.67065141283211,41.52308299933887,64.45714979407535,22.361661609180075,1.2622004088850385
1093,109.3,away,62.84719040218181,33.46834298351067,41.245227621320694,54.74261434044041,19.31988397999187,1.0609701791058752
1093,109.3,home,43.855058856650125,33.686758146667785,41.731835524034665,64.58157097413962,22.45351870357952,1.0968570741969008
1094,109.4,away,62.78775339398262,33.473515552162404,41.21372947404693,54.79569820968302,19.287719218392553,1.144801889006494
1094,109.4,home,43.90232005458176,33.669007528188075,41.542183217651,64.80725304090825,22.45421340358733,1.1144060234175983
1095,109.5,away,62.7748515595833,33.54551209578281,41.412117299718695,55.068919548565695,19.35074995429094,1.383299566782889
1095,109.5,home,43.933216443418154,33.655928652185715,41.65948868392118,64.66312437541019,22.45274433321169,1.0299148355884387
1096,109.6,away,61.51189725311385,35.63521356522186,36.99738197117671,55.214450744725404,18.855332915244503,1.177457870574783
1096,109.6,home,43.934383534966315,33.642678995812105,42.099114557579405,64.75460219762834,22.507809146711114,0.7691976470525738
1097,109.7,away,62.747589335619345,33.652800001253986,41.44963683060056,54.954054371325746,19.316761715763946,0.9508308667660316
1097,109.7,home,43.995310248061685,33.693005730989114,41.96298960470878,64.6952343948399,22.500998676025166,1.0374829256287807
1098,109.8,away,62.75212195210802,33.66643345682781,41.42911987398271,54.81671267052553,19.30608507852002,0.914677129519136
1098,109.8,home,45.76115278647053,34.43721725225564,41.863240668057756,64.78358140167319,22.75553061067901,0.9623677174816508
1099,109.9,away,62.7508287737764,33.69663617455447,41.68331225497326,54.57056871925364,19.29977407267013,0.9789678860749963
1099,109.9,home,44.0878963388089,33.592250702641635,42.248105359752074,64.87045303132697,22.577066445836284,1.1823797606885567
1100,110.0,away,62.831312756378594,33.73105998738793,41.76621814268317,54.445152385440906,19.286178827181693,1.0144530642215357
1100,110.0,home,44.09693258000774,33.60799377407984,42.166324267730786,65.13571556067049,22.59365330633515,1.3289005674832792
1101,110.1,away,62.880143071849425,33.75704742688093,41.507989002073806,54.69693069994541,19.24622767764538,1.0823919872844463
1101,110.1,home,44.16058273135988,33.59378197397288,42.162192510127966,65.40669726494785,22.675298118610193,1.2706864366680986
1102,110.2,away,62.912779000830966,33.74736374023048,41.665161108911306,54.77055035110648,19.323272400071335,0.9166234279418258
1102,110.2,home,44.15336556559986,33.61881950573664,42.09031326472536,65.50030212087147,22.690100956692802,1.1606896533782136
1103,110.3,away,62.93033455190667,33.72022552938561,41.831961326477405,54.601382956607935,19.327536146590298,1.1437167590210555
1103,110.3,home,44.12950807064714,33.652423713883415,42.38202741380211,65.3495639016584,22.757806050639086,1.3849764044938058
1104,110.4,away,62.92353436819287,33.72037932251465,41.95132426935079,54.27919700551475,19.293254649526546,1.2847841682787902
1104,110.4,home,44.118518512574724,33.67075151340537,42.20239831336979,65.4559251298555,22.764702104209796,0.9278157292386703
1105,110.5,away,63.01699688475162,33.73757489467964,41.874666356433494,54.08334327592878,19.257393633696882,1.105457444353827
1105,110.5,home,45.7738299586674,32.84405228264397,41.975515214368016,65.42889064469855,22.918763801363454,1.2920065479646814
1106,110.6,away,63.03833436392261,33.74572495641599,41.96172113221033,54.13041027194889,19.27587681746807,0.7149020767485282
1106,110.6,home,44.145230295779356,33.72246771328359,41.88695330494558,65.13658028504992,22.630807102742263,1.0271456619926043
1107,110.7,away,63.08140383381324,33.72640246908485,41.867826191239445,54.266764485866005,19.295455966859823,1.0480102941129956
1107,110.7,home,44.099892439314495,33.74432550790541,41.913223023537455,65.10069879638424,22.654304306052175,1.042452774112134
1108,110.8,away,63.14155466769892,33.757372209012985,41.505586577340814,54.443336748297924,19.242923553255427,1.330033291793215
1108,110.8,home,44.10457484156541,33.827696234626664,41.78967795941983,64.82648701392633,22.617769595500874,1.248673329549803
1109,110.9,away,63.16384954551274,33.73715667439769,41.53477789106518,54.55429398108434,19.24614008094741,1.524600444682457
1109,110.9,home,44.07131888230387,33.850837692083346,41.860390569623746,64.91721634546396,22.64877644283241,1.1848596532883795
1110,111.0,away,63.45700027770788,33.82757671060422,41.64253269842918,54.18958078733756,20.87153679433265,0.8908796435883823
1110,111.0,home,44.120697530387325,33.87845322314057,41.93456561100801,64.60276578456542,22.65235996907688,1.075071055220077
1111,111.1,away,65.14569002204539,32.44634895564379,41.63364927496231,54.40892852953476,18.722308502813906,0.8519985666982409
1111,111.1,home,44.163292311766924,33.87222741338291,42.03698356358986,64.73494729678234,22.660540279996304,0.9602746239064882
1112,111.2,away,63.18782749981937,33.777397615184405,41.5926608523172,54.38919243129129,19.23307467949501,1.0139259156635567
1112,111.2,home,44.1527428030307,33.88264915956143,41.774017609489505,64.74674626006896,22.64342694974659,1.4108689197058966
1113,111.3,away,63.21805810834272,33.795129958323635,41.286111186011055,54.389522403081166,19.231068816294776,1.0835392580854333
1113,111.3,home,45.77141473191688,31.75969668269311,34.715872610724404,64.8638280600414,22.069838518697857,1.111542742992428
1114,111.4,away,63.22455623689423,33.78610155881931,41.63513355151598,54.64780028803736,19.272162341326588,1.1598946042368472
1114,111.4,home,44.24106083243759,33.89514019241857,41.574468789665445,64.82893016587659,22.683587018609007,1.0148527409132806
1115,111.5,away,63.23306736213278,33.80464799294476,41.55423102778949,54.7479158340414,19.310676413871782,0.8354283361659458
1115,111.5,home,44.231253783545505,33.8963756029988,41.70556722897456,65.15007346200922,22.75602913755065,0.991347115194731
1116,111.6,away,63.23216956094563,33.82308944873307,41.372607931723934,54.721693762373945,19.28374708816295,0.9538986351522449
1116,111.6,home,44.27034773089189,33.90960187326261,41.832898456418405,65.18325453502933,22.767363793431517,1.047466108888127
1117,111.7,away,63.263504643726016,33.82208999829328,41.73916687034744,54.588018304747706,19.29213694299026,1.2686561293638254
1117,111.7,home,41.79616476152972,35.303229122137644,41.75525287804632,65.24867306052454,22.087353604023452,1.142052154482267
1118,111.8,away,63.42284062603211,32.49100145585314,41.7511348697384,54.24726458865793,19.6758414864179,1.2990376305726756
1118,111.8,home,47.44952957406797,33.725092261061796,41.337674263705956,51.889216603215885,21.571598659140477,1.441526300151492
1119,111.9,away,63.290551829387375,33.95786912720347,41.973210432846955,54.547868546884736,19.30019352182928,1.2996051290825656
1119,111.9,home,44.354258940766556,33.92194939779672,41.01492408623538,65.29799931528771,22.687588551333846,1.1067738817097865
1120,112.0,away,61.959950304639506,31.847142565946665,34.6478223902014,54.49527545753265,18.543140868488322,1.6198232651679352
1120,112.0,home,44.292318647396684,34.04479629116545,40.91025303773909,65.11692503391241,22.643305224263827,0.9790717491482952
1121,112.1,away,62.05494142405401,33.199820732088504,42.172602138212895,54.61805779078405,19.6398101123681,1.3282128507878004
1121,112.1,home,41.835222774315106,32.63449318575783,41.10443947784185,64.95135584599409,21.934025104125347,1.244079775992484
1122,112.2,away,63.72491555073941,35.63874039386373,42.3457854398677,54.77934108080859,19.64489547377024,1.0314677609717426
1122,112.2,home,44.375824500381526,34.04613263069091,41.38644977183934,65.25518096987035,22.679524898003137,1.038723129059524
1123,112.3,away,63.38920247188077,34.04717634899613,42.40518273289042,54.672602382912224,19.343377502269618,0.9638614338273229
1123,112.3,home,41.874524489635526,32.68179564874868,41.32484533916954,65.1908932658302,22.011947297193057,1.0111521231767377
1124,112.4,away,62.13841401196603,33.34673464967282,42.28023862604051,54.5889144785963,19.617739152427326,0.8129688654747479
1124,112.4,home,46.09001399309227,33.288699693423055,41.22110936057285,65.11350916895091,22.844358977499247,1.442811197334951
1125,112.5,away,63.39278513732382,34.11570788292068,42.36628519256309,54.37337509320209,19.2893533961394,0.9816767815726074
1125,112.5,home,44.422990263305856,34.12059403640531,41.61156121829306,65.2092274910869,22.676056262844217,1.0754008433387037
1126,112.6,away,63.396989984995436,34.18859085835268,42.240305142573106,54.421862361585745,19.299192064510354,1.1819600642338228
1126,112.6,home,44.456018892244536,34.166145254113246,41.735317687516115,65.03917201153251,22.660622109631955,1.000823587331922
1127,112.7,away,63.41073057062221,34.188355763061296,42.18429809975797,54.70294150362214,19.339500638813913,1.2395657131067142
1127,112.7,home,44.50584379972356,34.13474898756348,42.086414118313165,65.0620832686941,22.683397098340865,1.2543995561473678
1128,112.8,away,63.46050876911818,34.15276376469985,42.25586234142524,54.58538108755099,19.326055898727166,1.21797563825933
1128,112.8,home,44.57061544533457,34.132152799279304,42.223254225664185,65.14074777731179,22.717946039980284,1.5235850707286247
1129,112.9,away,63.45461724719633,34.16552139293663,42.1841203866432,54.28378923399734,19.300055069901926,1.1225445075580456
1129,112.9,home,44.65794638510745,34.04636620734422,42.453602872944735,65.32925864232416,22.79274465137347,1.1853280615823394
1130,113.0,away,63.43913272641626,34.176547052706404,42.36829046174397,54.11047515314753,19.298008014886538,1.1350089889459585
1130,113.0,home,44.65214364020895,34.10434694515546,42.57731920485257,65.33600713079865,22.81164521265529,1.0075272422712165
1131,113.1,away,63.54691588724171,32.72873342449158,42.326805698942835,54.18067513485321,19.70358004854744,1.284889051238903
1131,113.1,home,44.617682198061694,34.134605602053576,42.35541108153234,64.94633602737987,22.755216387845515,1.0593220011502327
1132,113.2,away,63.34107166926946,34.160107104585215,42.29032207318966,54.155925627705585,19.343940855929162,1.1873684375217761
1132,113.2,home,44.58140602176131,34.16927079144094,42.72793770608608,65.02727904646929,22.778590914590453,1.237201064791671
1133,113.3,away,63.3602900653608,34.07313584737347,42.62614737985791,54.163123397660755,19.392931228743915,1.2021596653401792
1133,113.3,home,44.61929272830165,34.14762221769631,42.764477448327604,65.00978931688638,22.827205340823255,0.84257981663296
1134,113.4,away,63.41712576544674,34.087566581279624,42.761685234682226,54.19184562362864,19.41244845578475,1.2299051129755854
1134,113.4,home,44.60336119357175,34.12898966833338,42.50772044569906,65.19849992597453,22.832141699006396,0.8871854404633862
1135,113.5,away,65.31391849422945,33.06795134623781,43.02446284053378,44.39814265368766,18.776548843126548,0.9837013321526151
1135,113.5,home,44.602994544932976,34.11379832457194,42.52449532412162,65.32002008178029,22.859795725727455,1.0811271844515173
1136,113.6,away,63.43350830494324,34.141415307242674,43.05928888839219,54.2580453804487,19.49400324451204,1.2946352908513035
1136,113.6,home,44.60701702494334,34.13324008935338,42.47772870048928,65.4860679426924,22.90150753570586,1.3884629048259618
1137,113.7,away,63.46391846459938,34.13347766551483,42.8063429821506,53.8717216730398,19.44605845449975,1.4201962285516767
1137,113.7,home,44.60799088251363,34.17444210913113,42.637700279725756,65.26088778764239,22.87909153203319,1.223223889933385
1138,113.8,away,62.36009346233442,36.28127845147114,36.92660332508642,54.147013337713055,18.97297074908527,1.6053760091794167
1138,113.8,home,44.61506502338944,34.23687204302787,42.61806532561387,65.21935813213221,22.8608299343459,1.247024966999823
1139,113.9,away,63.62632666404848,34.16258600007627,42.58497501419731,54.55831624994797,19.41854402006419,1.0502405327808453
1139,113.9,home,44.659103839855,34.26542702347561,42.54779009370871,65.42521266421036,22.85690394232017,1.1128762087318331
1140,114.0,away,63.620790706970595,34.20271632922867,42.37725732014293,54.4917725168418,19.408263208902596,0.9047838386132078
1140,114.0,home,44.70367204661543,34.21842232864925,42.72817655156438,65.63211782515098,22.915726815531944,0.8758426083566502
1141,114.1,away,63.71454744915559,34.22396420515233,42.34494446031293,54.41579542395517,19.4039833242539,1.048962492891179
1141,114.1,home,46.30797610816221,32.08719384889114,35.51070557989231,65.40777097232099,22.326871218828114,1.1771096500617673
1142,114.2,away,63.75764575614624,34.25697609969342,42.3905351230404,54.40698250822025,19.41449859758418,0.8385497920130279
1142,114.2,home,44.71036918414788,34.212890892569256,42.6256347069893,65.41349095380696,22.871198926034765,1.0518343013625548
1143,114.3,away,63.775201209031245,34.29851541681487,42.185088663024516,54.4717977614595,19.40465558650715,1.087565872857933
1143,114.3,home,44.78028752477549,34.22770148718964,42.43709605760927,65.11898972791512,22.837095322482682,1.0862583820600333
1144,114.4,away,59.6729722646413,36.510165691976425,37.00692994561583,43.66770510015831,18.221045277603466,1.045283749057558
1144,114.4,home,44.7571562938376,34.2781556397495,42.55892611207967,65.27897794314754,22.847707649478416,0.8234575914163155
1145,114.5,away,63.82362874112909,34.29156739308012,41.94143601050691,54.683902839478,19.391724638934075,1.3615603361232458
1145,114.5,home,44.775722915343124,34.288643589287595,42.426233302029736,64.93548309380792,22.76155101476167,1.0097453982981235
1146,114.6,away,63.832961811154085,34.357948988944855,41.879714323487214,55.15042633379585,19.422017836485374,1.3289816404626578
1146,114.6,home,44.75479702380194,34.28466845245698,42.50612124048422,65.04995816417103,22.777347289933676,0.6482751620820789
1147,114.7,away,63.82751194731172,34.33958203399081,41.85030681830972,55.03890543733221,19.44978170467504,1.1333681833213847
1147,114.7,home,44.83169636052992,34.25895840187793,42.346969228556084,64.92038374068817,22.746368315336003,0.8835280012890824
1148,114.8,away,63.80179895982358,34.28882147526909,41.99891571027724,55.26086237954498,19.546518430683108,0.9500143183248443
1148,114.8,home,46.54594251874749,35.07271448190485,42.3300249701232,64.87489289887691,22.89127377669878,1.145821210257459
1149,114.9,away,63.831805341866804,34.277920746813656,41.73757561628554,54.91442431068275,19.472676248202845,0.8872790723998094
1149,114.9,home,44.87337201222286,34.29011974464475,42.305620577292714,64.92076730257673,22.699336424948445,0.9255446259402345
1150,115.0,away,61.09099470331858,34.36485827930254,42.01259302089851,54.89263395468679,20.247671951748984,1.1349666818390827
1150,115.0,home,44.88903063133562,34.30496472237811,42.425122926568385,64.93371848011502,22.699093969603897,1.1489852661219884
1151,115.1,away,63.83674469872793,34.299070567629926,42.054754482288764,55.15591715288209,19.465810854951595,1.0238903636706735
1151,115.1,home,44.952742309065485,34.403918467803344,42.44514918391229,64.96484332196881,22.648629493267343,1.2739234313181864
1152,115.2,away,63.86654123549638,34.311334120519206,42.00467556118395,55.234668556228264,19.494835267683634,1.105211402177976
1152,115.2,home,44.94786479193312,34.40623654058624,42.70304605369455,65.06060224683067,22.63142694864379,0.9359468469682521
1153,115.3,away,63.89930662445792,34.365778740616555,42.10126276800332,55.3073904374725,19.50995180632955,1.0979191080017259
1153,115.3,home,44.9694362222994,34.42009541184988,42.85281280408684,64.82979111306713,22.62661726553422,0.963743707533137
1154,115.4,away,64.1606851621045,35.964296981633424,42.10082887256552,55.27327012213514,19.86760054822409,1.058741900787124
1154,115.4,home,45.04670529036521,34.44820642787169,43.02109119135319,64.87536787818667,22.657894596812458,1.133199654609024
1155,115.5,away,63.81879829844181,34.41600907369237,42.06499969264681,55.12171573268092,19.564190284593767,1.0501834177734053
1155,115.5,home,45.1130210923251,34.45280989668682,43.13884338322475,64.79097674124816,22.642224633386487,1.0813256189332627
1156,115.6,away,63.88156900666204,34.46886716973658,42.412471725261696,54.99444016241363,19.590739221844895,1.4552517007926362
1156,115.6,home,45.03607282387118,34.48784623482622,43.08319333253629,64.83848171683056,22.610273407497434,1.1004892953170573
1157,115.7,away,66.26058599246628,34.396548937552474,42.212858918830406,54.85425126874936,19.58475823921535,1.2958522090861146
1157,115.7,home,45.00953275365084,34.52809889566823,43.046993504419774,64.59705062877211,22.580587071274355,1.2040696666639557
1158,115.8,away,66.95950379562305,34.405476934164334,42.708337194250376,45.296831668703334,18.495015973013956,1.4591644198662397
1158,115.8,home,45.02807005703887,34.55088340547319,43.09787968414872,64.33160934471167,22.547019477332043,0.9902306205864146
1159,115.9,away,63.96240747070454,34.66479049710064,42.63262047959663,55.26761591447824,19.72354769701904,1.26599621784045
1159,115.9,home,45.030210272281465,34.57936957331309,43.10942404046075,64.15357594068011,22.56746198094696,1.0812399495055354
1160,116.0,away,62.540261257269016,33.92397422453597,42.58984069683582,55.221196379581414,19.974899012197607,1.1093162935557639
1160,116.0,home,45.02652869665018,34.57681490537104,43.20130795114808,63.939466598655834,22.602844482597387,0.8914422767736919
1161,116.1,away,63.93150406907212,34.66621992944388,42.68943441981314,55.261786220482094,19.811023770742622,0.8167786996036767
1161,116.1,home,45.056107467363844,34.59708084747005,43.043478720743195,63.9074606088888,22.612713993003187,0.927656472554505
1162,116.2,away,62.53954795309555,33.91910584786388,42.60519712777901,55.27049159077138,20.061162887575854,0.791665266449542
1162,116.2,home,45.05138516387449,34.584704509119256,42.926455149603925,63.78608014796221,22.59216592001009,1.2524021947022181
1163,116.3,away,63.95124468483052,34.69357195279585,42.661030438458965,55.08261289648692,19.749593222114743,1.032234949391537
1163,116.3,home,48.144777938621594,34.494766566515864,42.67559414047918,49.608068630162876,21.265265166720276,1.0980939618351027
1164,116.4,away,63.964673675441354,34.65593620997892,42.8258936498393,55.23377638128869,19.78170607492305,1.1260741878755438
1164,116.4,home,46.59165696870785,33.96302408636097,42.35787793288196,63.833060530507375,22.7850005906539,1.262689113923288
1165,116.5,away,64.0083659097421,34.58268232368142,42.921673540743456,55.36843636028608,19.80304448172493,1.1772019646393215
1165,116.5,home,44.982455090354094,34.74268896443975,42.678583670959355,63.89689799021556,22.5848078426611,1.1212736690553469
1166,116.6,away,62.51859957708933,32.3861828840676,36.38877652288231,55.29773643670717,18.99955828220934,0.8074592248048595
1166,116.6,home,46.74077750959615,35.60935707593749,42.75992895001966,63.87697837729613,22.679637213460754,0.9189280550156482
1167,116.7,away,63.99341863013785,34.513126192312114,43.17131406595873,55.396521361405576,19.84044819837865,0.9278877077509041
1167,116.7,home,44.47497594974341,34.80293284856738,42.74617020389721,64.16042861108238,24.226503493748815,1.097470443490096
1168,116.8,away,66.00442050585153,33.07811945300607,42.99608031709849,55.56852268430589,19.14694945365857,1.244047757974464
1168,116.8,home,45.0823829486689,34.797624091232386,42.57928402804454,64.09153450547052,22.49362759999266,1.1088946194258458
1169,116.9,away,62.707813478891715,33.756329420586795,43.17861071405318,55.601356344422335,20.110765484055772,1.0871168580956938
1169,116.9,home,45.07073122219459,34.755336667181986,42.443590621252255,64.16034298568829,22.42959430348597,1.2295275201019569
1170,117.0,away,64.06348830720911,34.55065209518936,42.79328745026096,55.75688651459915,19.828844919273408,0.9229858975075372
1170,117.0,home,45.05610589230136,34.72205529360762,42.487505587488855,64.091937862341,22.412269649803434,1.2252599643319602
1171,117.1,away,64.0688740114223,34.567134131587075,43.00830990115431,55.86292902889786,19.873568657852793,1.0738202047858634
1171,117.1,home,45.03157943352795,34.7886110811618,42.487772373631515,63.72354273343713,22.378161111197308,1.2857073790157718
1172,117.2,away,64.07303295632617,34.60732278163655,42.87537419839752,56.08369066084099,19.95960388671109,1.1726199560770847
1172,117.2,home,45.06865636563015,34.75393628289871,42.5592958661659,63.704463862059896,22.37466645474517,1.2465236645899216
1173,117.3,away,62.92706683422616,36.78137095809333,37.0587040385352,56.0366915914467,19.509930612467933,0.9643585771916902
1173,117.3,home,44.45090478669837,33.327233985586325,42.87512781034646,63.82070283079539,23.011285212436093,1.4213023374624776
1174,117.4,away,64.29013821811073,34.77088400829412,43.03026620843185,56.08009089432308,21.73092982086535,0.9796997213813547
1174,117.4,home,45.11719363407389,34.82529759831747,42.89087697793641,63.63103819209219,22.411327117099987,1.2462809952885163
1175,117.5,away,64.0575050373047,34.68857709760335,42.84151110716561,56.245901923146555,19.994702060695683,0.9401682568124786
1175,117.5,home,45.123908724966434,34.82478089114961,42.891657214722976,63.505924107421286,22.405084714262106,0.8713661643511137
1176,117.6,away,64.05940899463178,34.698985507313864,42.72416556334089,56.14168429317967,19.980880142039407,1.0564313978189481
1176,117.6,home,45.14210047698728,34.833038962286984,42.86413408782408,63.23256138876522,22.34973454459595,1.089676840559814
1177,117.7,away,67.21127621928505,34.47237142723092,42.605719765464144,45.66347640129663,18.673484632190572,0.7926971465316509
1177,117.7,home,45.15686040374144,34.840295528761075,43.09047227538723,63.1501988729716,22.34999024373082,0.8633840328586374
1178,117.8,away,64.08552617132622,34.709608471395384,42.618657175136825,55.90288333472459,20.004290216606606,1.2192805641013187
1178,117.8,home,45.158744711026436,34.84525083194755,43.175443537084035,63.33833386556567,22.34499302990941,0.7443062392022707
1179,117.9,away,64.06122658357009,34.77437770896011,42.48536243118857,55.76242934788684,20.005646252642006,1.0348211556519553
1179,117.9,home,45.18768131188278,34.86448007734564,43.14039411924966,63.41038052449484,22.343205719836234,1.0803625068870557
1180,118.0,away,64.0150172465755,34.79067510032476,42.76484865758539,55.953825005344356,20.079693856525072,0.9694824958968001
1180,118.0,home,45.2397876180516,34.93100208706985,43.199593372705024,63.53584797663712,22.344866194910203,1.277295931603425
1181,118.1,away,64.03418484151288,34.827171921695296,42.66794167799855,55.86771528040528,20.012855220509334,0.8281983030902776
1181,118.1,home,45.25092776007576,34.93699775740156,43.26313589707154,63.564581633665945,22.307508893072043,1.3441151433747016
1182,118.2,away,64.05012252586972,34.82386651926889,42.72475377982417,55.69096878059346,19.97728691835449,1.0306812456377017
1182,118.2,home,46.89954291460235,35.90788453883749,43.15304635577162,63.54850995801381,22.35689724046211,1.3793878065336602
1183,118.3,away,64.14374264855293,34.76585752167596,42.68874029802626,55.65506909485909,19.930611328745083,0.9380751344536681
1183,118.3,home,45.262463208210995,34.97128665434497,42.98706008195353,63.53688315505418,22.173294639942295,1.2677932923673625
1184,118.4,away,64.11114723271731,34.84209563890027,42.74100791294862,55.70534828766552,19.98545587214594,1.1622203271429652
1184,118.4,home,45.28546842474787,34.92859236280055,43.090796030377504,63.53491023857252,22.188726995801925,1.0201210072024238
1185,118.5,away,64.33917939707901,35.01911271528134,42.997251092692494,55.90731456264403,21.800263661451172,1.5414751820871737
1185,118.5,home,45.30768894172715,34.9794410797498,43.3350038261712,63.34385096909965,22.174838042441504,1.0981226643505393
1186,118.6,away,64.18558846089527,34.96231056406125,43.16866709692107,56.288216428617766,20.126970480635727,1.3634308576272063
1186,118.6,home,45.30469956480583,35.04764321682904,43.48375734645145,63.404004856140105,22.19771398625714,1.031413839578086
1187,118.7,away,64.18057572084966,35.032015006961586,43.16803971254241,56.37729333067157,20.094841001720525,0.9582389801515716
1187,118.7,home,45.30262030398572,35.06854670720723,43.57184287657414,63.285735121830385,22.215078325014627,1.1245684755465177
1188,118.8,away,64.20429819901011,34.97723622333598,43.26359717178302,56.635796681907856,20.139356989614132,1.529216773578979
1188,118.8,home,45.281720976848206,35.09685599255942,43.63920745691676,63.15962584774357,22.221792439935953,1.1611788197460948
1189,118.9,away,64.31675952537736,34.99745809923882,43.13664499660487,56.30544475954899,20.10545329061619,1.3351873947691062
1189,118.9,home,45.29501246418226,35.08139960720665,43.35095845524933,63.124234096613115,22.195687157043597,1.074655918631103
1190,119.0,away,64.37470904413766,35.02162985874117,43.217489921787404,56.48622021999627,20.212586374846765,1.412990301767278
1190,119.0,home,45.28581012004759,35.12132838740484,43.688731678422954,62.96251730290072,22.2478321187482,1.021964274238769
1191,119.1,away,62.823781582936775,32.97164854857476,37.67565555464696,56.68424701990388,19.61517718283561,1.3607687744466923
1191,119.1,home,45.305976726100035,35.13357529383678,43.64573851676034,62.66592012972267,22.206558739129353,1.005510678348919
1192,119.2,away,66.53551852949886,36.256165600187586,43.514612731724064,56.94968319388137,19.891840046180292,1.2448603556233202
1192,119.2,home,45.32454266279822,35.14138357755063,43.74810848102683,62.39463816542173,22.153491502742998,0.9716945882879614
1193,119.3,away,64.46452052402502,35.17456484865031,43.34842257028043,56.93783252436235,20.395919584745673,0.9125927395790309
1193,119.3,home,45.324886357532755,35.20677737963769,43.717407000140604,62.375735640618124,22.1252352795335,0.7800193986220415
1194,119.4,away,63.21859560991387,37.44052483813985,36.98616620957248,56.981720551529705,19.924797845963788,1.3282495979022033
1194,119.4,home,45.34668378510617,35.26269645346037,43.38330519062754,62.19754212153133,22.105347689848607,0.8700098023392088
1195,119.5,away,64.42208818541646,35.22381071916966,43.54963730282405,56.86769030536138,20.430161539229413,1.1109113044130614
1195,119.5,home,45.31647783029476,35.1911027994579,43.181205073390544,62.16517467840239,22.055350226693488,1.1377271478484066
1196,119.6,away,64.43644342457841,35.22742103616576,43.66444718972865,56.93789442618922,20.491443815932644,1.164285993634912
1196,119.6,home,45.349567094086446,35.26899752377187,43.079887308701764,61.82380977910622,22.002947419557838,1.3735141988349242
1197,119.7,away,64.41985435657723,35.227758100471014,43.84246503221928,56.73736152633396,20.514665976948706,1.4062748794285407
1197,119.7,home,43.12168865193328,33.88715973942796,43.125849996225696,61.743646999144126,21.388224483368255,1.5607867098872625
1198,119.8,away,64.41033658763821,35.30926385004529,43.83312412989798,57.00421110387278,20.498038007596655,1.1417324451996391
1198,119.8,home,46.78347326548976,34.7400805811013,43.51674494555997,61.60622594702958,22.323650048983538,1.114546822565702
1199,119.9,away,64.41756459056064,35.33209157020776,43.99643622496333,56.85935469663249,20.476871876544873,1.0885221769558513
1199,119.9,home,45.32370703022666,35.4739711896397,43.34769252858701,61.597883833632864,21.878056595568715,1.022526273584071
1200,120.0,away,64.36842790127412,35.342063805510634,44.20851734119904,57.024894069417456,20.518773227475975,1.1620893507901209
1200,120.0,home,45.359483341511414,35.482314781033146,43.33519750316135,61.4576438400645,21.852325241899997,0.9909122426858445
1201,120.1,away,64.30705066361456,35.425887890718876,44.05794728547222,56.95431148780771,20.499763214702714,1.348869071030017
1201,120.1,home,45.34149460743408,35.47261979453178,43.06742943058198,61.57057316377525,21.84846982156786,1.0005584448557276
1202,120.2,away,64.29371974897181,35.488243082041386,44.38157626954222,57.2996240548007,20.550897074144288,1.1914430026785505
1202,120.2,home,45.34476320297843,35.521722753484106,43.11706707598716,61.44465428439634,21.82035790636564,1.000709204566697
1203,120.3,away,64.31577023275426,35.456905521127865,44.525249262016764,57.26798759148326,20.53353545069632,0.9160583581660404
1203,120.3,home,45.3125707933381,35.48539050540794,43.36243624445204,61.522460083708026,21.799475266283842,0.9655432798093799
1204,120.4,away,64.31359433581332,35.46181386772046,44.50417264161034,57.30139058955569,20.54123766185747,1.2397629112176247
1204,120.4,home,45.39659031571631,35.53160478313893,43.56736611772448,61.18317997462144,21.80415223390567,1.151533569725605
1205,120.5,away,64.3207876932755,35.50867824113019,44.213896824215965,57.2214720569484,20.522434223321945,1.4836813148981873
1205,120.5,home,46.78675273598151,33.424164870768905,38.223847914468585,61.29412922979736,21.31952492841732,1.1107147681397156
1206,120.6,away,64.34883717533836,35.50356800960983,43.99437755988169,57.6350449568875,20.54938593000062,1.3018803095279827
1206,120.6,home,45.47490509404739,35.490982192533416,44.03685739678805,61.20501142535031,21.850156166147446,1.3681145444684941
1207,120.7,away,64.32403565291871,35.52079249237475,44.05681427700238,57.79930094840731,20.66429481254291,1.1557530710040413
1207,120.7,home,50.805493252522474,38.076403833562196,36.65509751561891,44.9095323061988,19.21346924045724,1.248790796072785
1208,120.8,away,64.3377025716373,35.544102296082286,44.08228317506843,58.11284840251547,20.714832994437355,1.1627950689605888
1208,120.8,home,46.89877344544433,33.348413494599185,38.67772746601942,61.17673953923374,21.340964293702893,1.4857477898549936
1209,120.9,away,64.36068195124766,35.54447298584588,43.99846599173854,58.184706180954564,20.734070327785403,1.2362336376926928
1209,120.9,home,45.51490914330235,35.45911123114133,43.96375915064846,60.94344714820703,21.817855264599388,1.0293119471100853
1210,121.0,away,61.79507672541949,35.58119934721172,43.906490104344655,48.602048509918326,20.159684662195428,1.035010703254354
1210,121.0,home,45.541467016277004,35.51156373123866,44.00836715632248,60.8885194218195,21.80731628978219,0.9931522804542392
1211,121.1,away,64.35952658603965,35.53466584112358,43.484351599156156,58.36325677720528,20.735762160289436,1.0989944986530764
1211,121.1,home,43.80035595519488,33.007918854800636,39.18210812247522,54.017852137526916,20.486835492593045,0.9548838110549583
1212,121.2,away,64.356234648299,35.56600621793357,43.38513950912282,58.458975822204806,20.7953140784951,0.9594400235257982
1212,121.2,home,45.615687515721,35.61593420743773,44.16502712537036,60.72456386713361,21.76562754189487,0.8849666392734153
1213,121.3,away,64.57614793487743,35.57336958552932,43.296327164676754,58.782580461425866,22.690537579340248,1.2945927129069428
1213,121.3,home,45.608025126015235,35.648670699159126,44.38032207294677,60.80709651669083,21.726860981451974,1.2889259260141972
1214,121.4,away,64.3422483625535,35.58857370833485,43.569024066664625,59.002073660376126,20.891570543805503,1.6479941431675804
1214,121.4,home,45.593925890354335,35.71885640088592,44.15622396527778,60.85007630466505,21.634876518547756,1.4045136535124203
1215,121.5,away,64.33293645061012,35.64615884711186,43.693960511948255,59.008666715807415,20.977540569063386,1.3136590738063545
1215,121.5,home,45.62843292989435,35.741716589098885,44.14338537292126,60.83764965132953,21.571337619267098,0.7244230794879833
1216,121.6,away,64.32718333538307,35.68339180825612,43.771059684417075,59.039074676016455,20.95592230686102,0.9536628087049732
1216,121.6,home,47.007399845095435,35.06965171724087,43.89338489399918,60.753893260893136,21.990841539916104,1.1524735659434193
1217,121.7,away,64.31115897812903,35.648834506937106,43.73920177608157,58.99804670713497,20.947521302220206,1.217971066621286
1217,121.7,home,45.63215728227214,35.660864213157076,43.60702680783823,60.90977314636074,21.461259315417617,1.136245510267024
1218,121.8,away,70.4241637519092,36.61095769622043,43.606156369661136,48.92124130436172,18.51439412397491,1.0984141320297798
1218,121.8,home,45.63695716419076,35.69675062049691,43.73914775904619,61.00973700540195,21.524474879424023,0.8286255018256093
1219,121.9,away,64.34929822469147,35.66119274404068,43.92833018703967,59.11511396015058,21.01381074522645,0.7239454983416784
1219,121.9,home,45.66896088099242,35.672706499844125,43.894805987965086,60.87674544714869,21.495733421270934,1.0470024163040705
1220,122.0,away,64.33139702665169,35.71109180090181,44.087688162072915,59.12247858430639,21.03163021510412,0.8316879019095822
1220,122.0,home,45.096876256154715,37.273186659094954,43.882848143479826,60.58042368663466,21.87507904072159,1.1127426480828737
1221,122.1,away,64.33847791245688,35.73282953354541,44.186929680823056,59.133831370712294,21.051463274540996,0.9613780220543446
1221,122.1,home,45.68184508799445,35.69083000883299,44.12039161281034,60.54877418623261,21.51370889528915,0.9428191345466527
1222,122.2,away,63.02907672222066,38.19299835606517,35.93134466785499,59.07654492057566,20.556861391008027,1.0886920560806765
1222,122.2,home,45.666453615005736,35.767762188900825,44.167580013185315,60.3839068633036,21.441208429579515,1.130412876283918
1223,122.3,away,64.3678634548579,35.84765365132795,44.44313031535063,59.07207900898132,21.14871534747304,0.7856997286763551
1223,122.3,home,45.61106880018794,35.803802619725076,44.26656757807638,60.4330463706002,21.403328474324468,0.9617738739617748
1224,122.4,away,64.4032944210801,35.835123268837044,44.530650701832464,59.146528751649505,21.173756406141933,0.9966348087946888
1224,122.4,home,47.086190464029535,36.788655289578045,44.08187935184406,60.13939394019534,21.52300112549442,0.87313807383922
1225,122.5,away,64.38491182583604,35.802479562530515,44.84938456248995,59.478941480292534,21.226538070348575,1.2436155919555134
1225,122.5,home,45.59675100017567,35.84360963246803,44.3215265477998,59.91588304362423,21.378483422428317,1.6260911067715973
1226,122.6,away,64.34970755733137,35.837341662972676,44.94487467888918,59.87460487931661,21.30668766471821,1.2241701044566016
1226,122.6,home,45.6940095220477,35.93493640191337,44.55600371463442,59.58741965001823,21.36618805056444,1.4593740134411235
1227,122.7,away,64.35140604216292,35.90560431287998,45.06419292574839,60.13698923922588,21.360677975964716,1.3624473809376076
1227,122.7,home,45.66750189720681,35.90141430719334,44.293718020400725,59.30043819154793,21.285857896298378,1.0433363147772257
1228,122.8,away,64.39292621408642,35.884784424674756,45.01090472969321,60.268064577547264,21.419602873749312,1.339981581097994
1228,122.8,home,45.18277606348401,34.404696335734506,44.31660467323672,59.286728739729526,21.71729666022957,1.0234340221030562
1229,122.9,away,64.47780538333951,35.94173864035397,45.06664474134712,60.382853089773164,21.41493664759652,1.1489555932383044
1229,122.9,home,45.59110684355901,35.92158047948321,44.387626745017755,59.442927783484215,21.250016081325136,1.0798480810949702
1230,123.0,away,64.47873192987316,35.95489652348005,44.867004752731674,60.52892793736942,21.46426859001814,1.1572126173686135
1230,123.0,home,45.60058806086965,35.927310458683465,44.4064848067842,59.178324685382755,21.204161375933413,1.1999071139338453
1231,123.1,away,62.87703380302653,35.20248061960653,45.058828421200666,60.598866782052,21.826088097965886,1.0876235665257237
1231,123.1,home,42.68933123166347,35.70954607585751,44.461157813242686,51.81668332948824,20.430463522554675,0.8825220659793656
1232,123.2,away,64.47464515883446,35.939582698544164,44.88224061507729,60.50518486013226,21.468344118138784,0.9558339289725292
1232,123.2,home,45.65515268690756,35.89190758696177,44.62323965865145,58.90436941187965,21.241202677153428,0.9432858172982009
1233,123.3,away,64.41402559467407,36.01887554043821,44.858328685618716,60.4968666966581,21.452105465749664,1.1356177921593522
1233,123.3,home,45.59600403661321,35.967948474707576,44.69413248869412,58.90792321215254,21.28663444950999,1.0567139206829326
1234,123.4,away,64.7808187137815,34.492331154808376,44.557474606483936,60.38836434323227,21.913783169995405,1.3890929447009888
1234,123.4,home,45.607286404430624,36.01730660271632,44.39023256961386,58.80194524629788,21.22586527050557,1.1849740630793766
1235,123.5,away,64.49076168161905,36.103143076020054,44.3831299365033,60.46131357379144,21.466339474248954,1.0936232447585506
1235,123.5,home,46.8045394369421,33.92087120124348,40.038221907274746,58.952760325405634,20.731333757304547,1.0162675164473556
1236,123.6,away,64.46088699317347,36.14634262923862,44.612909387676396,60.55310082353412,21.49134565961273,0.9330288493870568
1236,123.6,home,45.505199441517384,36.05132130835994,44.41317078524811,59.028187580276246,21.193501948447548,1.362988027777024
1237,123.7,away,64.63483781051609,36.121871783604,44.4732462157101,60.418936996014395,23.37229120711161,1.1935478174963756
1237,123.7,home,46.84744083279507,35.50964176886942,44.86829986650099,59.02651510495573,21.62817367605816,1.5289815847885238
1238,123.8,away,65.40202963674949,37.07009087833826,36.589945499383376,60.88606522964932,20.21110874749162,1.557603736529096
1238,123.8,home,45.470760345108374,36.14702989750756,44.86137148878666,59.02377955748535,21.133576567485896,1.1795669830288218
1239,123.9,away,64.34502176333352,36.111959663272096,44.82647100149332,60.87349586692325,21.611952806388192,1.1537768659416436
1239,123.9,home,42.486380896838796,36.154526090689785,44.716283697992694,59.25167931568172,21.116767395661768,1.170784500201713
1240,124.0,away,64.38713323597491,36.10962508823474,44.95507265107768,61.257839270524066,21.659763227683854,1.0048162998260561
1240,124.0,home,45.492791403796744,36.18197100362991,44.61776190306078,59.16248323014814,21.116351628165248,0.9238854159089397
1241,124.1,away,61.01670896489036,38.073908727797246,36.62184171723835,61.67151340212037,21.298702199285213,1.3712471630904495
1241,124.1,home,45.492066821940654,36.164286927424726,44.58831775546269,59.06694646119903,21.083667850146806,0.8442107453736741
1242,124.2,away,64.3820660434394,36.18504016950856,45.02028699911472,61.75251436347292,21.73179938890794,1.5218606312724672
1242,124.2,home,45.53157717184336,36.15006638285347,44.59897506931118,59.06069967495329,21.042767017832567,1.18859866689037
1243,124.3,away,64.35740210090195,36.17286152448168,45.28822000939733,62.02984420599397,21.80074393545704,1.3568697896009174
1243,124.3,home,48.55816283190579,36.287469653710254,45.011942482471255,43.94002225679047,19.773593272270915,1.2966538469737787
1244,124.4,away,62.82163639069857,37.18361965933696,45.52230917129233,62.05694911428439,22.0954015070976,1.3207218549616555
1244,124.4,home,45.55539457552797,36.20264280485828,44.90144625631198,58.62068845419222,21.01383706707662,1.1857122012294228
1245,124.5,away,62.85070585511481,37.1685140736401,45.53260994903368,62.14147684665903,22.091758897267766,0.9090382673587649
1245,124.5,home,45.55149548799641,36.229170593997246,44.852910247198075,58.508202716196365,20.988401215841016,1.3919707889014081
1246,124.6,away,64.32019952746106,36.25589466716173,45.663306959682835,62.165653346787394,21.88762400885573,1.161393868700941
1246,124.6,home,46.92494410445081,37.167214471717124,44.42078113121157,58.253207812766576,21.09491619052319,1.4208100859934436
1247,124.7,away,64.3104411003604,36.32119282586921,45.45550951389707,61.742442122472106,21.864263665155974,1.0623820230038539
1247,124.7,home,45.59446723093786,36.18253948802748,44.60764284364288,58.03047147044108,20.928877724839744,1.4277696472184878
1248,124.8,away,64.33168728967718,36.34634864093278,45.22565012748233,62.05214566293915,21.848908009089765,1.09683851276443
1248,124.8,home,45.676950240669726,36.23415839471383,44.644921409034964,57.73497345023829,20.884431153523803,1.1700759166563164
1249,124.9,away,66.78304917331312,34.968545214164976,44.936820732738596,61.882857135217236,20.972046063687394,1.0567727857795375
1249,124.9,home,45.61940773545434,36.2996484561437,44.72024336751627,57.58656647427769,20.83571137477982,0.9514306506108521
1250,125.0,away,64.55457008488823,37.99540130470267,44.98190106487185,61.625111674879705,22.349683643597064,1.0866178319916528
1250,125.0,home,45.62289151958759,36.34169663980915,44.81877424124587,57.5266986689903,20.84087626034213,1.1902322984964266
1251,125.1,away,64.32373952713334,36.47293366207665,45.06824316284781,61.48539842358339,21.847151485623666,1.2659010434623559
1251,125.1,home,45.00481466392128,36.26626538549185,44.78946618777681,57.33010255985817,22.398727420458663,1.0514543596856665
1252,125.2,away,64.32769222299528,36.519212048760956,45.041147998865696,61.19807632630066,21.85435141427176,1.184216604327535
1252,125.2,home,45.573242327044525,36.33877927566714,44.67452547572159,57.596445072385805,20.811615771986894,1.0406304276186575
1253,125.3,away,64.28532356728817,36.53511567794163,45.07326282288991,61.16682238180342,21.826218478240023,1.3693306273811934
1253,125.3,home,45.57109333443753,36.37215696470178,44.83177843679984,57.629409727027635,20.83145065034386,1.166393745743633
1254,125.4,away,64.26359203076623,36.56819182076161,45.11860998246028,61.08841245928077,21.81611806475818,0.9045338091835908
1254,125.4,home,45.5482495274269,36.43827610727223,45.15129240015876,57.667560322232475,20.807481743591875,1.3407148363494896
1255,125.5,away,64.24896203867047,36.550564449515996,45.088247282443945,61.259830241426286,21.846444191967517,0.9057732436048448
1255,125.5,home,45.544228913009476,36.52499138018913,45.31827803761207,57.63291854925363,20.761165213789283,1.0998934286734565
1256,125.6,away,64.28637529204524,36.53649025188125,45.17141514409374,61.41158331899793,21.901358200016162,1.210257770732593
1256,125.6,home,45.53256874318404,36.54594770907479,45.305112119383246,57.48509176339277,20.704338813055895,1.5292497125705282
1257,125.7,away,64.65647735937759,34.99019822119442,45.48636871462922,61.407345650402384,22.463641270869964,1.180058776696749
1257,125.7,home,45.478710201263446,36.54821846498647,45.17941397274933,57.79308833635446,20.6945853837534,1.2137696966828608
1258,125.8,away,64.26487766676033,36.54637944129688,45.5464305907981,61.35948228571411,22.035219333297977,1.1748904069663277
1258,125.8,home,45.47994042153176,36.52297245551212,45.06550117348992,57.817944037855014,20.627778051333426,1.1061297811699669
1259,125.9,away,66.70209189474174,35.150886946542435,45.267382060640955,61.479586196579774,21.225286520558505,1.1101046433809354
1259,125.9,home,45.4685292328019,36.52125529783556,44.98550772308436,58.017475871975165,20.61212760042218,0.9589734867603507
1260,126.0,away,64.2110349122931,36.611585852711706,45.233540781083946,61.90633408436179,22.030508645746423,1.1867695181576694
1260,126.0,home,45.50262238696271,36.61357472464966,45.29853128233178,57.9426619268726,20.59557297399248,1.0858918509164317
1261,126.1,away,64.26834885729872,36.61076169808726,45.217149879291625,61.92060600922662,22.03731691294736,0.8782671921823362
1261,126.1,home,45.454030994993566,36.626199458898036,45.19365182164225,57.702457043363566,20.56356200517953,1.2594367395202868
1262,126.2,away,64.31081213491977,36.60851181914297,45.14589337029077,62.14406324590357,22.096153274049946,1.2052149798433642
1262,126.2,home,45.436604819524455,36.63401358994665,45.027132834780204,57.428362750421975,20.499281218745317,1.1112091157819632
1263,126.3,away,64.33439865409895,36.604945062392574,45.0815916486782,62.427025461251915,22.179718433416244,1.2673299797926179
1263,126.3,home,45.471284811498364,36.63268899423636,44.95118385096591,57.20847269648074,20.486454723444293,1.1346244404218389
1264,126.4,away,64.36900640321113,36.66988823720279,44.84500631953587,62.49469703139917,22.20399353059867,0.7535380120498281
1264,126.4,home,45.43304420715656,36.643841698453386,44.88811138940113,56.83893472818076,20.480269074002667,1.052222309320629
1265,126.5,away,64.33649651311374,36.67274003657571,44.70066707649624,62.58793446373312,22.18520354379909,0.9220678207907279
1265,126.5,home,45.437828646132175,36.66693559275802,44.83906529992332,56.904123725693196,20.506458742910763,0.877245902234322
1266,126.6,away,64.37791197896516,36.68420970749472,44.624478016543605,62.566746086183315,22.174692466505174,0.9646194862945875
1266,126.6,home,45.472020866167206,36.653145597433195,44.873471368737505,56.701379293237515,20.48353129326938,0.9519122910214651
1267,126.7,away,64.37752308268173,36.71523077075236,44.58392522788591,62.83467257461404,22.157630028398138,1.1955539998075486
1267,126.7,home,45.417927089523026,36.643729173519205,45.08694021187793,56.48109250352856,20.486724391928114,1.201422815889467
1268,126.8,away,66.72010509292953,37.79380201648262,44.933680366386724,63.077043143140756,21.751920897651466,0.8776200766722935
1268,126.8,home,45.3983898580558,36.67159049163411,44.999617143379425,56.21486134719065,20.407421780089592,1.1389202477807134
1269,126.9,away,64.38582812354797,36.69509107174992,44.872213115887945,63.06757236156453,22.233969872254512,0.9650793311259785
1269,126.9,home,46.63896724384871,35.95224806666489,44.816169182228236,56.24772890957771,20.819558276718055,0.8927602400990544
1270,127.0,away,62.823556563064336,39.03467552647326,35.65873770977966,63.39032560559923,21.550890970578813,1.0769949671962975
1270,127.0,home,45.335163733156335,36.66342986513073,44.8062097362887,56.053229380591546,20.35412043897635,1.3819094344836977
1271,127.1,away,64.45771996061384,38.16693837992136,44.62717289635874,63.440536805394274,22.88725777043166,1.0275814181167973
1271,127.1,home,45.281052121792136,36.661631712247946,45.02932388627363,56.05544016133032,20.362992430523946,1.2250412341707184
1272,127.2,away,66.78420264764686,35.18302575442806,44.66789831017068,63.31797778702138,21.48980966465864,1.011582842324788
1272,127.2,home,45.23918886347596,36.63929965047609,45.074617659564964,56.101145927481625,20.371198078364422,0.9288363096881647
1273,127.3,away,64.26765077785305,36.689921715749406,44.94745278179392,63.37433673466464,22.341159716504738,1.3384041981379542
1273,127.3,home,45.22550352434137,36.65076220599213,45.10714799473732,56.34127270425488,20.37285422238382,1.1760685114756682
1274,127.4,away,64.52759022204079,36.65212363923033,45.305028485903605,63.58957006209339,24.359648273744458,1.4349176071562522
1274,127.4,home,45.165048562170085,36.668018193293385,45.08250149628761,56.324054966043036,20.307257225949257,1.2849123976218526
1275,127.5,away,64.23766907240775,36.70977607727311,45.509839791324765,63.83392380064342,22.4929174386407,1.0487567012141956
1275,127.5,home,45.137781950635706,36.734986261548435,45.23725300317586,56.29290531487892,20.30480900253767,0.9684391002922155
1276,127.6,away,64.22603139937462,36.71293248152742,45.56578156278048,63.925158056139104,22.52434741572419,1.116364148880506
1276,127.6,home,45.121725730504316,36.71903555978711,45.134288529416196,56.28943107027028,20.31955133507139,1.039486588915429
1277,127.7,away,67.72861367788687,36.486228560563504,45.75073006812315,53.40172923984703,21.135281136163645,1.2554144428299372
1277,127.7,home,45.12017604211507,36.71128801854289,45.36241361951806,56.2920185153866,20.34246864093102,1.0343597652032253
1278,127.8,away,64.15822578809941,36.697520823836165,45.735855120090086,64.12689070137218,22.633256625850287,1.1467748508672846
1278,127.8,home,45.13729427669117,36.77584453182434,45.41141116741967,56.16368887847658,20.333779759505102,1.0965550367626113
1279,127.9,away,64.19012806101831,36.760791878133396,45.868968428591444,64.10422951256929,22.665283134286565,1.1456143240003152
1279,127.9,home,45.138127365216555,36.745606862632094,45.321731822303754,56.18847097844626,20.262835114429926,1.2619308317668767
1280,128.0,away,64.167829732212,36.770693500014914,45.97808635698872,64.22724642926151,22.70550891052396,1.037776197534969
1280,128.0,home,45.191094024132774,36.72303128039462,45.348126368430755,56.43300746175928,20.273353757448067,0.9612281698683002
1281,128.1,away,64.10737551618308,36.81838910194263,46.16646405604172,63.94311245280326,22.679295511814342,1.0048430749503714
1281,128.1,home,45.18816262142648,36.75191693929293,45.31908797756604,56.20947704993613,20.227358850228477,1.0873462384645487
1282,128.2,away,64.12008558160014,36.87721642794474,46.30433585883867,63.953164260781705,22.667142796677993,0.9615070352823541
1282,128.2,home,46.418202982696855,36.08312112774966,45.52378906442692,56.189088449051795,20.715033544012684,1.0548413970634622
1283,128.3,away,62.59038682289171,39.31143457865167,36.59967237000431,64.08669217649702,21.87579094141154,1.1762791197730331
1283,128.3,home,45.16782605872776,36.678794909052584,45.54789571451488,56.011200492149115,20.280092756760727,1.249727547364656
1284,128.4,away,64.18393067701653,36.859129568649074,46.25856310396693,63.89798148488858,22.711317305451544,0.9897666123343437
1284,128.4,home,45.07983972033341,36.64879800996936,45.67503718582822,56.07283737412615,20.25002698752958,1.0780103727900145
1285,128.5,away,64.15549759685297,36.86352453941817,46.329772018376794,64.06865477459965,22.741877147651113,1.2057043472364228
1285,128.5,home,45.07040850313064,36.68290430145455,45.87889587991701,56.11371351992832,20.265176854089376,0.9026393013395247
1286,128.6,away,64.1773355874679,36.831005436801455,46.61929461406305,63.87134778538429,22.73307092029371,0.8743667219078872
1286,128.6,home,46.38232889958273,34.54816300002906,40.58602045381504,56.12234764808221,19.68050073831819,1.0141323285568768
1287,128.7,away,64.1819436966897,36.83655689601288,46.30370849325083,63.905509616777245,22.743052298842095,1.1776121010439349
1287,128.7,home,44.998417610713325,36.70470842835034,45.66537809577813,56.0315947386646,20.20616135312895,1.0658377983751106
1288,128.8,away,64.15632232627556,36.90495212394869,46.30943920428043,63.94413062254072,22.757081468614572,0.9777343066738897
1288,128.8,home,44.977109205276406,36.72860384781606,45.56614918413871,56.0853631192612,20.2390514726023,0.9435225629544269
1289,128.9,away,61.28918271290873,37.110784874377565,46.146268581597,51.89117202598817,21.84894078192142,1.2346255900494476
1289,128.9,home,44.952709484410114,36.793740546499755,45.76418361430868,55.77513548004721,20.24083367228249,0.9157326110618048
1290,129.0,away,64.1915580242051,36.8552691540457,46.25042926177276,64.26283640535732,22.764518962774527,1.0563352279881668
1290,129.0,home,44.94761696427193,36.80684017746932,45.712379645665024,55.71408123628522,20.224605097007352,0.789544363401983
1291,129.1,away,64.15924700077645,36.833191769033945,46.10798245307895,64.68664359139356,22.809547502149048,1.3214043359446206
1291,129.1,home,44.94123974591667,36.81838025639815,45.786638260216726,55.69441585585835,20.17966989485421,0.9070104956830151
1292,129.2,away,64.07986874880159,36.825351743264406,45.78442725901297,64.913144902581,22.791763870803013,1.3291400571419425
1292,129.2,home,47.664083859152505,37.049814338992526,45.61570400790736,40.82275018115417,19.0411334328214,1.0882274140609602
1293,129.3,away,63.983710960154596,36.85389048226103,45.76013626269396,64.97917293069577,22.760965571973806,1.54825684541239
1293,129.3,home,44.93196879701096,36.85469370569165,45.555427388567324,55.422895541142616,20.09602198905885,1.1857754456607248
1294,129.4,away,63.969868066607766,36.88865534224195,45.57278297729164,64.8021135575264,22.744404775103327,1.3044325288574619
1294,129.4,home,42.1571686565578,36.761054930258595,45.426012682305554,47.457172305998014,19.208734886544324,1.264888837243238
1295,129.5,away,67.49904700080666,36.81787336624486,45.4104701866814,54.943143647398266,21.40158715783629,0.9759412097665541
1295,129.5,home,44.923477827530164,36.90771081916844,45.44491889322371,55.16564855585858,19.96776209559589,1.1871035027490415
1296,129.6,away,63.92094054854031,36.94566722073816,45.591485131023155,65.16845512573062,22.849760658421932,1.1071704028381035
1296,129.6,home,47.68281597461236,37.04412314131662,45.454522563706114,40.259277059689296,18.89384034501582,1.1796347620063234
1297,129.7,away,62.18654879078209,37.992547585797055,45.690190759028205,64.94389816295272,22.98818352174313,1.05102774109377
1297,129.7,home,44.966601042273496,36.823927338717276,45.72307545714378,54.84569308833065,19.97743205505994,1.2970773925083703
1298,129.8,away,63.8783956190255,36.97763878640589,45.84825527210784,64.82904916940687,22.897297130748264,0.9971640586647065
1298,129.8,home,46.19181813291376,37.84691737341116,45.70683572859375,54.92816601782588,20.096816688013487,0.8976020605068029
1299,129.9,away,60.8562191806631,37.22646923686487,45.89211442833908,52.40336612516649,21.923330908383132,1.1020899258788244
1299,129.9,home,44.924655534328764,36.88843087238318,45.83297618695289,54.898875169552284,19.9615809780061,0.9801850761595781
1300,130.0,away,63.782255921614585,37.02596110792214,45.79758908864571,64.75900486774344,22.8666063710489,0.82100689185535
1300,130.0,home,44.95633649561139,36.907710528157914,45.79956566539801,54.88529254280513,19.945181764438924,0.8226038681037147
1301,130.1,away,63.8238750705369,37.04743296306529,45.988258289519514,64.65184502005383,22.892751424355264,1.051738256125755
1301,130.1,home,44.95763323540309,36.91592163211942,45.925905344661906,54.945242795319594,19.96298810094394,1.3474685462516591
1302,130.2,away,62.1414264676147,34.87327421982125,40.30119874165205,64.44825844552112,22.282051014649756,0.7248336669411459
1302,130.2,home,44.98934693695603,36.93914839562902,46.11351025197375,55.12069539610191,19.979340708123072,1.1602818271731927
1303,130.3,away,63.86694867765701,37.04558245636187,45.714916521553995,64.38698171771364,22.890146709532317,0.9652785413086759
1303,130.3,home,44.932720650226656,36.887078305459156,46.45152472046602,55.22400612236757,20.015157334830636,0.9412444800773756
1304,130.4,away,63.83035082889635,37.049541698888284,45.76694992013499,64.24736832409539,22.85153080825822,0.7578908981565099
1304,130.4,home,44.938056072442436,36.86940994165711,46.40903821305504,55.08819837251136,19.970641511912643,1.0172654667849346
1305,130.5,away,66.39917776975723,35.601411166607456,45.669407649915094,64.38308142606203,22.04333608679165,0.776940278906592
1305,130.5,home,44.90277409522945,36.96823964426357,46.63338348061871,54.8145415464825,19.977359224956192,1.3292909847056948
1306,130.6,away,63.79882858658748,37.04508880429413,45.661398914269256,64.38475578555713,22.76926569919179,1.1183661707027468
1306,130.6,home,44.91133578274411,36.97669683997337,46.42221917150281,55.248767379417956,19.999554355320143,1.316079129578364
1307,130.7,away,63.78273936747143,37.05888987921908,45.532050768879394,64.60776499913334,22.757036410744913,0.856127971419604
1307,130.7,home,44.8947914263516,37.037020407340584,46.44938214437591,54.99297519637632,19.93447093154787,0.932880938822698
1308,130.8,away,64.01798185879424,38.49489343218885,45.4534972251179,64.65408647396258,23.505027710003173,1.0094919697098539
1308,130.8,home,44.855147319859846,37.006830155029355,46.45668571173758,55.105822290837395,19.909121382081057,1.1570132102286643
1309,130.9,away,63.73502719002165,37.0845380223929,45.47759164777459,64.53748535630832,22.824765051034234,1.4469814530853542
1309,130.9,home,44.832840216935715,36.97671067463934,46.38708287720657,55.34962435108025,19.948898711960375,0.9901404198576956
1310,131.0,away,63.64936528557542,37.135906014044814,45.251547955605645,64.30273627389448,22.77656657320993,1.2142102832507566
1310,131.0,home,44.81698517898374,36.99346767679953,46.217837931560695,55.26630024178523,19.971926203051268,1.0654610826205375
1311,131.1,away,63.65487154891403,37.1705480784023,45.42520526410007,64.3645315880664,22.744714380953504,1.1629031217031476
1311,131.1,home,44.83698303119486,36.99418682721216,46.23498135515893,55.180901908516,19.978435556494137,1.1868698592299938
1312,131.2,away,63.676322162615634,37.111924862597455,45.841473330068204,64.36704330155318,22.746517993224632,1.3996545576383406
1312,131.2,home,44.83991441420996,37.042235090697154,45.96081339667032,55.28495581087191,19.960064586759426,1.1557410921875904
1313,131.3,away,63.66932067468246,37.08432783129675,45.98992465592893,64.77312123413745,22.84430667837281,1.2577726875162254
1313,131.3,home,44.79270207565895,37.09070399514664,46.01149844558473,55.35997003024081,19.998188894707493,0.9198284942732375
1314,131.4,away,63.66723667919198,37.020843088971624,46.045035067300915,64.35258124776757,22.880870993219016,0.9938197959825567
1314,131.4,home,44.75584328857115,37.02836377379138,45.91527111017668,55.40435600577736,19.980071725366546,1.2102770222601682
1315,131.5,away,63.649654436666786,37.03050809088145,46.124404285428554,64.7862045065105,22.957370162566534,1.2590017340813786
1315,131.5,home,44.723772017546295,37.06874543760335,45.85638299406226,55.24924130715068,19.952775789306184,1.2434076632320554
1316,131.6,away,63.611443990734976,37.010317821815434,46.10652860399459,64.869109772597,23.00084554102065,0.928623041035942
1316,131.6,home,41.864666297298264,36.98307471729527,45.65664253429167,46.000519843976946,18.97768748689912,1.3932621106658736
1317,131.7,away,63.65830130861582,37.02995205846969,46.07344507027478,65.03236331145206,23.04264064497951,1.168056053094295
1317,131.7,home,46.01069949782265,34.80163778513546,40.23320504782137,54.89678949523305,19.226913246092117,0.9579400763141261
1318,131.8,away,63.63184261333326,36.99292497244326,46.22185383886038,65.31032072216925,23.126340810407168,1.434111203954277
1318,131.8,home,44.67323133892458,37.004254808552645,45.70427485493478,54.86544298050015,19.84661991508025,0.9602218941986872
1319,131.9,away,64.08946244931995,38.37776682126915,46.56374282125625,65.60599010335488,23.935210344351507,1.2837689807585506
1319,131.9,home,44.609973721666066,36.98533373107717,46.016867435470225,54.970924537427884,19.81734886371741,1.1714809225741927
1320,132.0,away,61.86239638459374,39.33717168837527,36.36804625561375,65.67027841269271,22.28970164780511,1.0383036120852873
1320,132.0,home,44.52315360473137,36.98980462386594,46.03880306694853,54.83673570357607,19.78701154833468,1.0669756795857193
1321,132.1,away,63.63162045485308,36.93113739064167,46.16732207607308,65.72602156388834,23.285983270251926,1.389842216106755
1321,132.1,home,44.50548750695211,37.02926630021346,46.18523946375325,54.726474943911505,19.813261902481944,0.9238737046623925
1322,132.2,away,63.607466191235524,37.059517843069386,46.08763987530761,65.54291164851787,23.195894487120533,1.4019186276028208
1322,132.2,home,44.48062473192635,37.07534974165439,46.05627986985412,54.26984090598704,19.771939500278965,0.8710044810490897
1323,132.3,away,66.05615799465183,38.185887165429065,45.925266442445945,66.05337862030503,22.738734960219503,0.8549193483209748
1323,132.3,home,44.51707361558541,37.11576173549477,46.076617260135805,54.529173443845124,19.808963631342106,0.9371019291382708
1324,132.4,away,61.89307512291233,36.31538696300509,45.69816449388467,65.70172036664223,23.429302976174235,0.9782476333059856
1324,132.4,home,44.4420917461889,37.135400789899734,46.23467774602517,54.50835845386909,19.759921340262835,1.3893354496947816
1325,132.5,away,62.638069091662615,35.898176945108084,45.903135209984505,65.60165264542594,25.366227948437896,1.1412293506711362
1325,132.5,home,42.5710772032037,35.78252277865516,46.411091388131,54.540602168182645,19.35773888154427,1.3495036628422266
1326,132.6,away,63.545491640034875,37.14640303064143,45.74205128944724,65.55265485476056,23.06612973468808,1.180080998504164
1326,132.6,home,44.370518329154976,37.20326827644053,46.36064465570777,54.87123017052102,19.802476324380322,0.9985680375741436
1327,132.7,away,63.56207058116592,37.16073691066356,45.78201820514951,65.3131358390705,23.050282621342607,1.2279651067466462
1327,132.7,home,44.39369880360044,37.17889547959965,46.35097126024871,54.7911715744465,19.817021834767242,0.8727955001329698
1328,132.8,away,63.51229115049116,37.18482619011694,45.62071051839081,65.10311942471277,22.984958795197745,0.9943042025776233
1328,132.8,home,44.413397553991736,37.162817896659604,46.1170198242095,54.54434645950812,19.772427419719705,0.866607797807115
1329,132.9,away,63.53628083016952,37.264374552728306,45.78070425833225,65.28439661644983,22.9941749145518,1.006227582905651
1329,132.9,home,44.41802610011827,37.1684495754844,45.99713991765605,54.46618992765822,19.755861780658567,0.9776968076284027
1330,133.0,away,63.478950744380334,37.3037546034056,45.946559224713006,65.46138363139701,23.00522669170189,1.2061914072796922
1330,133.0,home,44.47030891842793,37.197957855976576,45.93941616396922,54.668591940714634,19.762714818909426,1.4559347742606503
1331,133.1,away,63.46292203316691,37.343928846279724,45.77761664710269,65.61889842071687,23.07288824058178,0.995852855543304
1331,133.1,home,44.476246387367866,37.159751792449065,46.23449329263988,54.830979227191754,19.789602867070215,1.0645924793435142
1332,133.2,away,63.485262274735696,37.30378490679505,45.8198701909684,65.30316029323333,23.044735359468135,1.0889759626861564
1332,133.2,home,41.56319750396961,37.07732613472099,46.30756132666742,44.96602528785151,18.730363307330496,1.1088067834008641
1333,133.3,away,63.44639484385252,37.316685684210036,45.93871561822965,65.34676087083426,23.027707060844417,1.2065903674280927
1333,133.3,home,44.47000124518112,37.11442879905414,46.40459096024962,54.44477849896826,19.757058987522363,0.9109557906053574
1334,133.4,away,63.394920188537476,37.30162111266461,45.98407736201622,65.47882096109541,23.05722817129025,1.063421535646346
1334,133.4,home,44.450874220237125,37.13938634355765,46.38656806248039,54.36370361742716,19.77892714955995,1.078379542465124
1335,133.5,away,63.35621393024515,37.31930551767887,45.91372261390641,65.26975152956308,22.9877301081039,0.8298223270287146
1335,133.5,home,44.51378943150014,37.162374522918846,46.65683569909767,54.25545790960439,19.754160828253678,1.0167702112109045
1336,133.6,away,63.34302167174424,37.3139837290239,45.846585058273206,65.45559329245147,22.979939640369892,1.2083885633675286
1336,133.6,home,44.49227851018751,37.17027695229373,46.75205613447374,54.01674106745358,19.69531282818991,0.8354238777177371
1337,133.7,away,63.390385135498896,37.301197153314895,46.011810764429725,65.67711147124972,23.044427890135434,1.1131301271140837
1337,133.7,home,44.44892169189771,37.20088063642436,47.0029884902344,54.170159127595625,19.744257846732747,0.9738667331037353
1338,133.8,away,66.72596915045244,37.22024475276168,45.82851260052866,56.47019176375532,21.819890282236237,0.9451710430212781
1338,133.8,home,44.44287947678967,37.23145505429488,47.1651295537591,54.28718305200353,19.73701905848985,1.1158056944468193
1339,133.9,away,63.2834161101191,37.21036980956538,45.920645195871934,65.28402412441147,22.998472889805754,1.0713383786097137
1339,133.9,home,44.425801579588246,37.25432464184251,47.30049472307678,54.44279450595947,19.698165482316803,1.2444598241040268
1340,134.0,away,63.27474395480408,37.21160766770194,46.12246892799116,65.11559110968913,22.968971054908486,0.7129896786449916
1340,134.0,home,44.357935266169086,37.222864694534415,47.11812226284989,54.3634591923162,19.640236233658715,0.8896408951621395
1341,134.1,away,63.277628941543306,37.21230167980227,46.222566548545494,65.22151434978745,23.006535838298287,0.7139344116863033
1341,134.1,home,44.34072829652093,37.260175380113836,47.22132805664593,54.35069273575324,19.687368836823566,0.6682855579745918
1342,134.2,away,63.230695966543294,37.20673930892176,46.200922289057175,65.21700603176772,23.027118915515157,1.0208916822033778
1342,134.2,home,44.353655249671334,37.28304368332994,47.100923091542455,54.54944903673251,19.66856601389815,0.9460449531258529
1343,134.3,away,63.72775287477272,37.12127959645723,46.196899776893346,65.24272451063717,24.756150790642458,1.1324618361344492
1343,134.3,home,44.36664427777441,37.27883022104675,47.008160077652974,54.52766005103332,19.648881618600793,1.0942097419916754
1344,134.4,away,63.82023462444668,35.63621863762485,46.12230130626966,65.09158158395692,23.550702801117374,0.9908409142404269
1344,134.4,home,45.61229190625129,36.484675414390836,46.901628322006616,54.635537028672644,20.03281565910393,0.8462540991537908
1345,134.5,away,63.196762520868134,37.261021079845996,46.26568994802027,64.99421542101992,23.02029229282466,0.8816377284711837
1345,134.5,home,44.16814934285871,35.69348326453507,46.751182408269784,54.61435476478024,19.978456489460655,0.7487260212354511
1346,134.6,away,63.17181725504707,37.266614572690536,46.02251073866648,64.92487975528333,22.976996941555623,1.1031748049045182
1346,134.6,home,44.24753722932456,37.2834533775791,46.672257984304196,54.65893557180125,19.656529196023637,1.0201390947785391
1347,134.7,away,61.48910880327135,36.47280074858717,46.00418715612578,65.14250339853804,23.25788808358423,1.1750428520248042
1347,134.7,home,44.19449827380012,37.281094130785306,46.442091886059075,54.57410180314501,19.646299911052573,1.0808692509872426
1348,134.8,away,63.11446064563405,37.295696529528044,46.09613056065745,65.1706977836161,22.985333654097907,0.9207479875954092
1348,134.8,home,44.15408810970711,37.26447151048542,46.286926933493945,54.44730509035263,19.68450203587433,1.0216624944379702
1349,134.9,away,66.46821816700111,37.234353576263274,46.14324382971728,56.733194860538504,21.843922019768634,1.2460956756997459
1349,134.9,home,44.15645623129211,37.27428289591701,46.37242518822626,54.468135581456394,19.742291534166554,1.0443247028366403
1350,135.0,away,63.02805288142454,37.24875185835724,46.18832378189392,65.17073439979055,23.023703752433164,0.9260266102521327
1350,135.0,home,44.16206343647745,37.29988934073836,46.20659357493736,54.34827066073143,19.694645847514884,0.8838670945809036
1351,135.1,away,63.068756023270794,37.2390316255088,46.51162859266404,65.14610294464362,23.006758200592795,1.053415414506609
1351,135.1,home,44.13511873535994,37.25963229724515,46.315460797968235,54.63345920984507,19.71104085048105,1.1766325553395427
1352,135.2,away,63.08594657820692,37.2011382469489,46.30659870598443,65.15708856083387,23.00605272962252,0.9918286197438153
1352,135.2,home,44.09989613555123,37.245629746477384,46.42984634951151,54.68560665642098,19.7182208069222,0.9680091727597859
1353,135.3,away,66.38767187844289,37.193529415635865,46.7267199712861,56.78712227688557,21.911411361446522,1.2092749317277938
1353,135.3,home,45.391376190742974,36.454948300281735,46.48371377057232,54.680858890460485,20.1164915488565,1.106348904555145
1354,135.4,away,63.0493723747717,37.15511158250603,46.63590840896727,65.41201845337494,23.020087685284086,0.9849824057044525
1354,135.4,home,44.11404348732524,37.24486460613783,46.68500496300743,54.99861473562295,19.78538906336198,0.8820734596861353
1355,135.5,away,62.984782563495884,37.114060943482244,46.70561257428898,65.15246466986957,22.987306719339745,1.0681595924021405
1355,135.5,home,44.11356966082055,37.215771666640016,46.75719432789951,55.014734595205084,19.741325585705127,0.8544240010461707
1356,135.6,away,62.98151172774446,37.17229334213321,46.814309944829006,65.05519139619126,22.999260858692523,1.0332793140545744
1356,135.6,home,44.12708799997387,37.167914984738445,46.679602181550564,55.004286214291454,19.71861696550036,1.053275366753419
1357,135.7,away,65.391460755653,35.83856071710879,46.90866831463933,65.30791773313624,22.450489608712395,0.7661529350490157
1357,135.7,home,44.1291032487303,37.194197454165625,46.47728027089635,54.859241553155385,19.66170450787449,0.8590325314880459
1358,135.8,away,62.948780776188116,37.20496661663793,46.744406397590566,65.34456310724738,22.97466599071269,1.0793762181507605
1358,135.8,home,43.86336911315584,37.05280722637492,46.39516285216893,55.052005704012146,21.374663658442593,1.2593086131556541
1359,135.9,away,62.97739451953205,37.21445931495031,46.798244314431315,64.6939610362312,22.91809746658544,1.2465996330405302
1359,135.9,home,44.05050536225387,37.21765626741347,46.278935373700854,55.11232657099564,19.740922878124223,1.0301111798177913
1360,136.0,away,62.960596266117484,37.240745664942544,46.646724668496674,64.48923821644414,22.93264446480035,0.8944584870344598
1360,136.0,home,44.05529902820803,37.25094692733263,46.27736259359973,54.85061086577072,19.741080998087856,0.9270312033171599
1361,136.1,away,62.90360571289061,37.26849354479796,46.61487972095542,64.63435207934877,22.89561927791837,1.009662485373723
1361,136.1,home,44.09681127686559,37.242029965900024,46.21831359251833,54.914247194573754,19.77935429036003,0.9107467986506389
1362,136.2,away,62.875979983289874,37.30418669963825,46.48273659042993,64.51106177215183,22.86413281158374,1.0332097261377144
1362,136.2,home,43.97473126160377,37.2843322668383,46.038922313826745,54.883153204305856,19.748268538985045,1.2448075133733008
1363,136.3,away,62.84196181712721,37.34119303621714,46.59134653672437,64.42365387882646,22.852547238703004,1.0329079826540521
1363,136.3,home,43.927747583229085,37.27639044345662,45.89675160040434,54.74557646700325,19.72646349184791,1.2631285513897705
1364,136.4,away,62.86005112601594,37.38692609347367,46.70204502963713,64.39017068642823,22.843213013780495,1.066731336414283
1364,136.4,home,43.87984253857456,37.29756760703498,45.64315053133358,54.65337798901553,19.780652547389348,1.2667770055853258
1365,136.5,away,63.41222183477072,35.743169590425566,46.6773725619938,64.51330284850198,23.314650528522165,1.23202855156418
1365,136.5,home,40.81574412544736,37.486693402360174,45.88437107818622,44.696463039169934,18.69851886389352,0.9595478236608284
1366,136.6,away,62.78638257363912,37.37105780814542,46.54641943574377,64.22262367454402,22.756565742221053,1.404313844682699
1366,136.6,home,45.13080920526892,36.4907474318796,45.87464168314409,54.99177616989609,20.215075533781267,1.0100186996018676
1367,136.7,away,62.76786183128857,37.347573369887776,46.40302177806439,64.00803658073806,22.695362985740477,1.120230561634161
1367,136.7,home,43.84555017354724,37.34892724016181,46.068309172609446,55.19426715151968,19.87047857325714,1.0483349949820444
1368,136.8,away,61.052099707595346,38.27126073187621,46.350956014527725,64.49904031034907,22.814611360430618,1.2714764960556644
1368,136.8,home,43.7816593584695,37.28091398683839,46.068055040906586,54.936205410764856,19.826915934553718,1.1470902234645213
1369,136.9,away,62.72777520607133,37.38404352093234,46.031192806750646,64.67310259211176,22.66397323478001,0.9078086910535361
1369,136.9,home,43.74707912614595,37.295591149070084,46.18207738416656,55.28101558687153,19.889607785737695,1.2065629625102567
1370,137.0,away,62.74567336411224,37.349984261426634,46.37175907061171,64.53836577211068,22.650440170207272,1.1373912387058807
1370,137.0,home,43.69630107889161,37.324078533717966,46.415391680755434,55.31383149051788,19.928487109973577,1.0992224126230956
1371,137.1,away,65.14635697491823,36.08118795151778,46.290112160337884,64.55688875260391,22.15927143383891,0.7687994051186127
1371,137.1,home,43.72491515037137,37.397954027536095,46.39256061432233,55.09128746885799,19.936952396442347,0.8099637687500166
1372,137.2,away,65.15598212880026,36.11319673994675,46.224763972796104,64.54748147155097,22.13424980353286,0.6443900971438182
1372,137.2,home,43.76013723299154,37.3844279438714,46.35112810250328,55.0721310305979,19.902362903401805,0.9643172657866576
1373,137.3,away,62.77800813478507,37.36086405247097,46.297673247706264,64.36846791523203,22.641067955886538,0.7673517428362993
1373,137.3,home,43.7749349153113,37.465014344047674,46.65188677131676,55.24084836113758,19.949836026679368,1.1446347139004878
1374,137.4,away,62.74152773380707,37.38783467431348,46.359736739519505,64.38966196670957,22.63771803122751,0.939993927969891
1374,137.4,home,43.78790410140305,37.39655097072346,46.64871764702574,55.35270305698708,19.962034257045595,0.9964032409225806
1375,137.5,away,62.842556574970324,37.37691258506447,46.412581035498576,64.55953049169982,22.653182600637713,1.0137368402145233
1375,137.5,home,43.810014563688306,37.465941834993195,46.86174045060599,55.73915405594516,20.010110191170238,0.9846361422561702
1376,137.6,away,62.837782147131726,37.371571962749755,46.70368246379326,64.56792699414322,22.646600495064753,1.1894824242083746
1376,137.6,home,43.766816301303045,37.450617094260046,46.675147787242445,55.639451501712024,19.95821906136231,1.1619138094217254
1377,137.7,away,57.24692059426796,40.21794459305625,36.618514664303405,49.18289349787877,19.885881418179945,0.7518734121526409
1377,137.7,home,43.85218766268513,37.46556380140403,46.84224004215499,55.886357906195926,20.00994949510941,0.8654481201766567
1378,137.8,away,62.827346607954,37.38028745376712,46.928839350957475,64.14845256668526,22.67841290684585,1.0075818072241989
1378,137.8,home,43.800293738535295,37.440992857909755,46.62537090322838,55.787804487149074,19.97613137361603,0.9782530774681635
1379,137.9,away,62.83505522186235,37.418937040603105,46.79802289047466,64.00844564116296,22.692261669005024,0.9882190418596903
1379,137.9,home,43.83423410517819,37.43241552497778,46.37010150704517,55.89298871063362,19.971762917833193,1.1740916655760123
1380,138.0,away,62.79505283250885,37.4442087145832,46.58992696139497,64.27454275251307,22.68368397709683,0.9236424778511346
1380,138.0,home,43.782666006969585,37.40049834932797,46.61787172448938,56.115871516282155,20.02282955939287,1.5143061094674821
1381,138.1,away,62.750365238156284,37.40280896297543,46.767977033985204,63.961767277889805,22.6592351060056,0.983137711674616
1381,138.1,home,43.617406673940806,37.24248138015318,46.47886389390159,56.3189455008328,21.845612291818174,1.1260877632733988
1382,138.2,away,62.73788121741858,37.40847454502603,46.545411440449456,63.918853952079196,22.589209594024755,1.2464589556791097
1382,138.2,home,43.77060047300139,37.35418678320184,46.40836090394006,56.251486345889816,20.072244736852934,0.9490460203443605
1383,138.3,away,62.75364643262311,37.41739233929692,46.139577521188265,63.81920574777726,22.496543794695295,1.5327994440825656
1383,138.3,home,43.75441158654708,37.4191834065073,46.226099971051916,56.254482090242824,20.10101574999124,1.327910576764362
1384,138.4,away,62.655429177961196,37.418868025570546,45.69166841937903,63.487739868826324,22.421710052875213,1.4574851448499293
1384,138.4,home,43.70643721099692,37.38099402269782,46.28019146701894,55.90255246608095,20.093270566731306,1.0766188053857046
1385,138.5,away,62.592298050455376,37.45688721906715,45.73660967700078,63.419482406262816,22.4208243483582,1.4107773200055305
1385,138.5,home,43.67108288075292,37.38271710663712,46.33577439211563,55.960613231780385,20.174145859445897,1.322736884577179
1386,138.6,away,62.599605211302084,37.469162302734574,45.566036257899704,63.10818131469129,22.279135698337136,1.2376039874497806
1386,138.6,home,43.62820696575468,37.46151523113202,46.252697798684025,56.12265741056826,20.173264686157168,0.9538802465783465
1387,138.7,away,61.01862451174149,36.545127805872895,45.09129497219584,63.19566829258998,22.527550424983076,1.2232445407538386
1387,138.7,home,43.59527956319214,37.47053702600531,46.20336302134682,56.26897179688754,20.162129447537794,0.9736265917754438
1388,138.8,away,62.5145242444733,37.34618694116608,45.32635603415095,63.058003917873606,22.222181943842784,1.2406134043735055
1388,138.8,home,43.605116704056734,37.45479205268376,46.1933892384976,56.25887406111062,20.18749221639464,1.0174199591133304
1389,138.9,away,64.92296363800747,38.585110521385815,45.48313247954313,62.89077321052068,21.6602051137078,0.764182244068856
1389,138.9,home,43.61839206589878,37.48512771262586,46.12044712064214,56.080156156901154,20.18243803007051,1.0590600703574138
1390,139.0,away,62.49214521961213,37.29485902814424,45.42221353128885,62.79730032867238,22.175775659170437,0.8622726121669045
1390,139.0,home,43.5965856999496,37.52225922102504,46.090463829963035,56.264212014468015,20.152663681079204,0.7346882993874684
1391,139.1,away,62.45547050799901,37.297310618117244,45.5711838333662,62.69472171271525,22.167158781145478,0.9417231248870059
1391,139.1,home,44.8770437440266,38.39522591646117,45.88493078395928,56.33833907074782,20.457790181933298,0.8582627732886863
1392,139.2,away,64.76351078768894,36.02552081663053,45.83560920358627,62.610358556849334,21.760320302723954,1.1350531957347922
1392,139.2,home,43.595540239022974,37.45160199067587,46.01586861305429,56.18735544988074,20.14766512602049,0.6081683517776179
1393,139.3,away,62.47844110359947,37.29230145743582,45.72184698487094,62.75124149249319,22.199954440641367,0.9385573434345609
1393,139.3,home,43.590232589235775,37.49841179431069,45.93714356180129,56.23091519252573,20.151605987255774,0.7470320339207795
1394,139.4,away,62.43911975540036,37.286092557680604,45.563413935664904,62.57722704667617,22.14333254373042,0.7373115560828228
1394,139.4,home,43.58210450464814,37.47189491084003,45.80217252633416,56.31672664495429,20.12865628333899,1.0215009900096634
1395,139.5,away,62.47252731220601,37.25894759761471,45.718846045910766,62.80281019257841,22.141185403782767,1.0504314457084232
1395,139.5,home,43.60893778267662,37.46551567231374,45.784366224915615,56.46269469931529,20.145158274903903,1.0293692592696042
1396,139.6,away,62.462172749076665,37.29670598280974,46.042714234422874,62.77942215449875,22.150286856953535,1.0854672297869385
1396,139.6,home,43.61903588508164,37.49472669081242,45.83244635156845,56.64448224787459,20.176623584045565,0.9288936165657119
1397,139.7,away,61.07344727019913,35.03628725967731,38.02898833878252,62.869827051354044,21.476411790022485,0.9955153700174186
1397,139.7,home,43.592221378681835,37.49731798776948,46.067771638975984,56.71724728174235,20.216065807680057,1.2041146564075285
1398,139.8,away,62.436824599531604,37.357528491122885,45.95422241724732,62.80597925875513,22.13022364602341,1.010056013244426
1398,139.8,home,43.5834222307007,37.494177579457194,46.13333129434708,56.960457231099426,20.222134607133032,1.2217984329701161
1399,139.9,away,64.80359968056226,38.66444803316075,46.108409976745236,62.78661049056173,21.610437450933258,1.0099906004958559
1399,139.9,home,43.54378986180354,37.44621965247316,46.34856864130238,56.947885203503006,20.310007391063042,1.0768111922855061
1400,140.0,away,62.47827804263686,37.41797470869828,45.74187103898283,62.957627934893154,22.11379616904688,0.7617191118374493
1400,140.0,home,43.54580295110086,37.43847140640821,46.45112095052027,57.07249618063399,20.32341353820345,0.9301095496859051
1401,140.1,away,62.458178124989075,37.323266625475135,45.883763425387045,62.88165430404838,22.116605004257465,1.2345733983930538
1401,140.1,home,43.53593641377315,37.425936253476465,46.48721632404657,57.54274290525688,20.368997162243193,1.1523931177189857
1402,140.2,away,61.18960062623099,39.68672700024475,46.40835865058282,62.76180268953867,22.964698537238316,0.9866804791429702
1402,140.2,home,43.50773819618362,37.35610498226184,46.32477995235631,57.7647766272588,20.41724157048392,1.1565279906970138
1403,140.3,away,62.42592650327849,37.283554102947704,46.511474622634644,62.8485370564145,22.139707239399737,1.2374784535151784
1403,140.3,home,43.45352022698,37.365844858512666,46.40898199679665,57.64971812061911,20.445222440810742,1.231058817725934
1404,140.4,away,62.405936731769685,37.29493653357083,46.41296159689036,62.88932742175096,22.130119477407682,1.0506563935795386
1404,140.4,home,43.438071376179124,37.29291332635291,46.65396056252134,57.415942570757785,20.449084689025252,1.2410446625601321
1405,140.5,away,62.36280309106594,37.32709128959356,46.28294754121498,62.643378000688976,22.11606077793681,1.3109170832947343
1405,140.5,home,43.46307059187587,37.17840680950687,46.45447566929538,57.16188566806996,20.453458676058993,1.2549616163910762
1406,140.6,away,62.29360134279757,37.33065060912974,46.13120715372091,62.54318077050608,22.008101605677,1.2413793645786566
1406,140.6,home,43.44558609888623,37.110782926418246,46.24729887571367,57.33864951690097,20.48078619263688,1.3000298528480974
1407,140.7,away,62.82343561170362,37.21147213556025,46.0456403286923,62.1874420378756,23.588923551108152,1.0012001508034392
1407,140.7,home,43.40818547578669,37.04172318378864,46.084358793191775,57.432397122742685,20.520139070225955,1.066417319718439
1408,140.8,away,62.26116078094404,37.22227665983762,45.90500606224056,62.26627456429131,21.98424606363044,1.114249957464696
1408,140.8,home,43.39063865459983,37.06371201295946,45.86056938328047,57.46449895070346,20.43117815362318,0.9276099716131184
1409,140.9,away,62.197320915999946,37.155746639995506,46.03995551992021,61.99117538676528,21.937072430514124,1.0698378287261312
1409,140.9,home,43.318197251850954,37.01743706401285,45.83762957044146,57.51964848120764,20.458439048803537,1.1777917480296105
1410,141.0,away,62.17699978518335,37.137786057798095,45.949313854079726,61.92365968450265,21.887119009972597,1.1466131687626637
1410,141.0,home,44.52745641753276,39.27203692629125,36.11317619387077,57.436223802125866,19.84118731828124,0.9684987816423186
1411,141.1,away,62.10312072091628,37.098682654333075,45.8123817421873,61.83558166542271,21.81341231780819,1.3387329060511948
1411,141.1,home,43.28275215299602,36.99955769234746,45.583485257204885,57.54673721517605,20.45023859557361,0.9850191843693846
1412,141.2,away,65.05906392770679,37.212278420288534,45.75659642581599,54.60244725295155,20.931418283710325,1.2291585171722041
1412,141.2,home,43.28262573706216,36.93090975375783,45.66426397682012,57.967193864696284,20.479814373491557,1.2696518591071806
1413,141.3,away,62.08572172843038,36.9722959248112,45.85982440741315,61.46782848360956,21.77083810995202,1.3797731636338784
1413,141.3,home,43.16750886027975,36.902629521530706,45.62013329429135,58.15472750784966,20.536352686565262,1.5638070216679871
1414,141.4,away,62.11177212932184,36.909201261041225,46.01151415381397,61.446013744720226,21.757992245721177,1.3109259565751001
1414,141.4,home,44.41940567753449,37.75272959530653,45.611086098895264,58.30595534034275,20.799854733826358,1.2341038918873102
1415,141.5,away,62.051318622585406,36.856104796229836,45.90570189898806,61.26699595023712,21.733913147450938,0.8621883767450683
1415,141.5,home,42.97543557659941,36.92221688948089,45.68636621708164,58.345747485838984,20.508331268176896,1.1191534228148379
1416,141.6,away,62.62537028795646,36.73939124935899,45.95980112103938,61.33658391382533,23.25849512611442,1.298853394278489
1416,141.6,home,42.956485429282644,36.84785134229699,45.7409340118629,58.44660455489958,20.575467617654567,1.3023042707157217
1417,141.7,away,62.003516141049495,36.861795732164964,45.95846977080783,61.119548340575555,21.627860285105264,0.967796528355586
1417,141.7,home,42.911133495471496,36.85768249547968,45.573456630671465,58.280512826729534,20.624898254249977,1.1560872818281733
1418,141.8,away,62.01245940414046,36.84911366899687,45.793430850925006,61.11683230795491,21.56309087400371,0.8932861879625094
1418,141.8,home,42.92125568323055,36.85979158425309,45.62947986939106,58.47775971576476,20.72599869373123,1.11914708273858
1419,141.9,away,64.26670107334385,38.24499136316369,45.883613162991615,61.271158502147124,21.016727492058248,1.1687176773976162
1419,141.9,home,42.88909501224373,36.9059682929099,45.463941717140244,58.62916658099924,20.762215341086428,1.0672028653841832
1420,142.0,away,61.97708631335633,36.95773781232854,45.72511337387141,61.084256004291596,21.48150811747742,1.4118173145753732
1420,142.0,home,42.80571109637891,36.85931644553723,45.56816565570253,58.54661933173095,20.760651332903873,1.1353186423089738
1421,142.1,away,62.44334533606769,38.29539876722632,45.76400175712418,61.19626357516816,22.12954667116744,1.1138333903711124
1421,142.1,home,42.828508714659435,36.82983753625908,45.47429289620903,58.60164052021466,20.79236070505277,1.03235639567761
1422,142.2,away,60.29927565578811,39.17819487051117,36.993185463382936,60.993831576134355,20.541082298225444,1.222448050745189
1422,142.2,home,42.86513234538394,36.79360915116222,45.10663130416367,58.745336753078206,20.773067243826073,1.2745492943347783
1423,142.3,away,61.86458214787728,36.907080306208265,45.91889421918749,60.76289267136186,21.402592174817315,1.0606895208322773
1423,142.3,home,42.89841949325664,36.803919229181695,44.8985957040594,59.07385597718938,20.819550876378447,1.331013218395721
1424,142.4,away,61.89598830258446,36.928122539730595,45.87171590123073,60.80026935506455,21.367598153963474,1.0625786324486075
1424,142.4,home,42.8871230989075,36.753126203661786,44.67068728566762,59.35310263166251,20.88077245582798,1.1273735003001926
1425,142.5,away,61.84363127378356,36.89081735365391,45.719791969989075,60.711336720169086,21.358133404346706,1.385959410810466
1425,142.5,home,42.85143089030835,36.74971502510153,44.64314826022073,59.37229871278971,20.869868705695524,1.156106024133586
1426,142.6,away,61.78952277305438,36.78029241546,45.854642021113456,60.75717349304549,21.368950878432827,1.507595842651764
1426,142.6,home,42.84671833198349,36.72205132390694,44.757703677653026,59.79808634723575,20.926163253638663,1.177572226058267
1427,142.7,away,61.756659349776164,36.71555898051072,46.07024806982057,60.44377596285113,21.38858551292793,1.1986983462531517
1427,142.7,home,40.65374985705259,37.98452809878627,44.76184021879985,59.79608749195177,20.338862204750818,1.3453487205142864
1428,142.8,away,62.18792168099644,35.164968031494844,46.11317600973721,60.47167293871287,21.932541345877432,1.1763066792251897
1428,142.8,home,41.79836315399855,36.12393627785364,44.99447258065772,59.89199147611656,20.923037805017948,0.8798647256043937
1429,142.9,away,60.272530534385226,35.70682743962237,45.94333282867889,60.49854416372112,21.712639855314574,1.333403177705455
1429,142.9,home,42.83258417152185,36.61567099626498,44.90602068158108,60.02994043079336,20.968867187004744,0.9536109216338005
1430,143.0,away,61.67835152738425,36.563914995574635,46.07031027788429,60.26553618436326,21.336261750530138,1.5476135236944932
1430,143.0,home,44.280807658220745,37.05822852364103,45.059659168141316,59.896088745387246,21.95486204032805,1.274655857250534
1431,143.1,away,61.68206019531911,36.59095813395383,46.11587451450187,60.18371210805549,21.317556397703573,0.9899533649060271
1431,143.1,home,44.042269509466664,38.787500874863916,36.89197434275795,59.98100273756968,20.498555339283644,1.2348302130710431
1432,143.2,away,61.61861546951655,36.50621419794157,46.07105405451092,60.16319583896898,21.29269978727084,1.3953560047455686
1432,143.2,home,42.71887666288054,36.60474057452587,45.09858408150278,59.71679625997369,20.94812126537832,1.0792586594752969
1433,143.3,away,61.60397899456852,36.419807082644915,46.016084567154564,59.98660085443871,21.267286864532174,1.2207483071865213
1433,143.3,home,42.6606234503852,36.570629269471596,45.3687640861904,59.55789940500701,20.975128270775407,1.2541297046258968
1434,143.4,away,61.60177205768514,36.355098742008366,46.069731145082585,59.649453758851685,21.21143743629478,1.2113520740501513
1434,143.4,home,42.62584872666359,36.52225432269443,45.46438678750566,59.54945531691212,20.981272087164374,1.3184082890219448
1435,143.5,away,61.58049899437303,36.35394801444605,45.739755879825694,59.3613175490661,21.105970744477336,1.3526303847708996
1435,143.5,home,42.65178940069289,36.471697941403086,45.41217421489654,59.49709151674244,20.95759876466608,1.084249222354298
1436,143.6,away,63.66047511068048,35.21539202471568,45.65344306166626,59.72702557929354,20.807310345906735,1.2191818831245442
1436,143.6,home,42.577985063209155,36.45111233630794,45.52988167933719,59.79020914760582,21.01209589078405,0.9884796400286131
1437,143.7,away,60.08185337376746,37.045220901770264,45.55682773663948,59.30460396624403,21.277052941360154,1.0215982996909676
1437,143.7,home,42.53889618555154,36.44109008243285,45.41803175374872,59.72225124909756,21.007565489922527,1.1475084210350455
1438,143.8,away,61.52098248729503,36.290136068102875,45.67434239114918,59.093856464341286,21.03977384301452,0.8785218327580907
1438,143.8,home,42.48752759357731,36.41063448841785,45.26581037557635,59.67353716221658,21.00936608473219,1.3034615140793158
1439,143.9,away,63.56073052855005,35.12117422101697,45.40309142065983,59.001587571405636,20.714712746492044,1.5856488683335526
1439,143.9,home,42.47294226591412,36.39614623170354,45.21318680137378,59.93682032968292,21.087782644801447,1.3720919949415118
1440,144.0,away,61.368038021140926,36.1573434313483,45.309926129221815,59.35410547161151,21.04331947960767,1.2525488010346666
1440,144.0,home,42.00366106157733,37.77537857138545,45.08326608274991,59.82668831072854,23.85120774505959,1.4801757720141093
1441,144.1,away,61.90172667089483,37.43863983919979,45.30769367040713,59.337427535907466,21.60790888593096,1.0912982343923197
1441,144.1,home,42.42455649962528,36.29430751145018,45.23237517036374,60.16079626149494,21.190540850106554,0.9488984247198623
1442,144.2,away,61.43037617004833,36.106775582982046,45.22083706985099,59.413460241801616,21.01511620869474,0.8732020384287591
1442,144.2,home,40.12471832779857,35.152791218562875,45.15371189298924,60.108330784767844,20.5869995833399,0.7504104705543284
1443,144.3,away,61.38499557939793,36.08867074354607,45.30438411950937,59.52698882016233,21.024553061428012,1.190119653212512
1443,144.3,home,42.41443302531181,36.25360259490313,44.9785317128359,60.29305523307269,21.21720707534548,1.1891285250542503
1444,144.4,away,61.323126207293015,36.02520857164115,45.48160006080027,59.6968973152131,21.03893575351874,1.2893612072571516
1444,144.4,home,44.03788424467123,33.93369472771456,36.62576866853439,60.26046335949869,20.473172357899564,1.1843584199783521
1445,144.5,away,61.33871506301093,36.00183431330243,45.38330389922458,59.33677608213499,21.019472849543998,1.2724850623928097
1445,144.5,home,42.351745205283805,36.27511148967249,44.81446020344254,60.01248111312263,21.253621671783232,1.1466071761178314
1446,144.6,away,61.366269265655,36.01132145382729,45.28472501305041,59.34256555611802,20.975000371951953,1.361773263661177
1446,144.6,home,42.307520682131646,36.239656443167114,44.811582403633004,60.15370341338259,21.291374380821598,1.468054414955918
1447,144.7,away,61.30395888463883,35.933213594740835,45.43843900194197,59.30048762015351,20.979782427163585,1.421872536444994
1447,144.7,home,42.32928791138137,36.16160753890427,44.82337172792694,60.19870644637665,21.328789803065714,1.1884660137351797
1448,144.8,away,61.31223352705988,35.88083278489673,45.709173122628385,59.132881945974525,20.980995844711263,1.307949226593886
1448,144.8,home,42.320380878344324,36.06922803287667,44.82222612906414,60.13013267981153,21.308750599094548,1.3186743855454746
1449,144.9,away,59.887310817216004,36.55093212869678,45.625783881472806,58.599089182028685,21.165331257255076,1.4317415780719034
1449,144.9,home,42.247134183824166,36.044799110600906,44.86714572171212,60.057992223777646,21.3226818572188,1.2792372030707482
1450,145.0,away,61.27020500373769,35.845380624800406,45.50281252158699,58.366856958763506,20.84702184660908,1.4944086860949155
1450,145.0,home,43.90572661390253,35.02311671105712,44.73235973437318,60.052753865804306,21.480886007729072,1.1179240988478747
1451,145.1,away,61.23948679563943,35.78449671357495,45.48450620406526,58.09816430577146,20.829274406324995,1.162202453968416
1451,145.1,home,42.33062329362045,35.95038095662398,44.71172738757153,60.27927913248051,21.372209939674203,0.9791661875797503
1452,145.2,away,61.259966319078764,35.73810395276764,45.34258458965607,58.132890849741834,20.820051128235836,1.177921257019886
1452,145.2,home,42.325590066902635,35.898623562920065,44.77686010965958,60.23969440859499,21.398426634309672,1.090460099117996
1453,145.3,away,61.283153087455275,35.69975977829854,45.3428110060546,57.88017756565418,20.803036529635357,1.1595239438579745
1453,145.3,home,42.32522877225438,35.79858367862528,44.49407714610234,60.1796082477673,21.380374641283037,1.2537375874074033
1454,145.4,away,61.22334036480657,35.66139324411433,45.42931319311101,57.82614717283519,20.74225622359564,1.2612870091181134
1454,145.4,home,42.318127269045085,35.7295870668702,44.73933394609847,60.25240640362967,21.415605545683817,1.2233285212844645
1455,145.5,away,61.196115696790315,35.59767108023301,45.5190978762933,57.91779595856091,20.742942288059382,1.5227689292194457
1455,145.5,home,42.349396952216374,35.670249074705254,44.923285305004455,60.11511240028073,21.42705167516885,0.9446381823529211
1456,145.6,away,61.20528618202693,35.59047167662553,45.309153008424545,57.980871422900165,20.665480656250782,1.390841106438126
1456,145.6,home,42.358048276825336,35.64536272607052,45.09031235481005,60.32073426319445,21.490929068420282,1.0650280695337253
1457,145.7,away,61.16775342371412,35.53583959727271,45.15396279762092,57.80901739190235,20.64380884340231,1.3021439002338895
1457,145.7,home,42.33527011979439,35.54452472982823,45.1093879519603,60.375958421091326,21.46193886429122,1.296705490785677
1458,145.8,away,61.12324891341363,35.48800034457531,45.224009567464144,57.86288655953814,20.63552103138772,1.019254756023278
1458,145.8,home,42.329047616289515,35.493592027382654,45.41548368780814,60.60542288837907,21.51163868764267,1.0203998326643196
1459,145.9,away,61.117597230144725,35.5223085702488,45.35849896743237,57.80579025853213,20.581491375450273,1.1476698582662228
1459,145.9,home,43.67764440610308,37.662412261484484,37.69534714530303,60.52145097362042,20.96198133345285,1.0107588246551342
1460,146.0,away,61.086422222752866,35.504467946161554,45.28110650022898,57.87676710719235,20.56236655055305,1.000091144014447
1460,146.0,home,42.252813908848815,35.49072888678302,45.45737164840492,60.573060067448004,21.491067911200158,1.0215853632381469
1461,146.1,away,61.633438039782106,36.88820417736159,45.39308277007879,57.763234378591775,20.981951655575568,0.9277579184611234
1461,146.1,home,42.24341939896227,35.46162222720513,45.453746756699985,60.60720693454754,21.520646177750596,0.8508146063841686
1462,146.2,away,60.99512304548223,35.47539505936884,45.18984242635174,57.93355684450518,20.48952660011639,0.8164131265848639
1462,146.2,home,42.24341146691543,35.4738004507513,45.422167343414856,61.00728781053113,21.534527044926882,1.088270115053158
1463,146.3,away,61.01521793545953,35.46285713290998,45.268382834982575,57.79749129064407,20.492904008858883,1.1604308183782208
1463,146.3,home,41.93866942050955,35.402256939728154,45.432125166545504,61.145023174203196,23.42471819947473,1.2451627107191734
1464,146.4,away,61.0346459450245,35.47104144893915,45.3108846267898,57.7633022884157,20.48774824255778,0.9253540071529032
1464,146.4,home,42.20100703609168,35.338496929858415,45.35513220820086,61.260515977890215,21.584024783166868,1.0480561073796688
1465,146.5,away,63.00512897695264,34.37987050232658,45.2786103618502,57.759338442756864,20.25595277193471,1.0867815896745419
1465,146.5,home,42.204517514962575,35.32748562655485,45.151219917529694,61.352115700660924,21.584521538103655,1.0184360010651192
1466,146.6,away,63.1556530138512,36.8393245058329,45.03426032359737,57.952729595329316,19.878258231252595,1.0498833366046654
1466,146.6,home,42.198952027468835,35.3255642455274,45.08781689184567,61.60530775499243,21.67210126155982,1.2869953016102746
1467,146.7,away,61.06346474054602,35.433535366659555,45.03749980150308,58.0889593871319,20.394625808182493,1.3007321513621286
1467,146.7,home,42.21570704641521,35.310237050967295,44.743396313910395,61.62931108917505,21.6827259719222,1.4268857731167952
1468,146.8,away,61.08156860171851,35.38177881698817,44.75269149533233,58.0190340493777,20.35936983131145,1.0055289027226533
1468,146.8,home,42.225845087974626,35.30981511443132,44.60195049034646,61.86826652419677,21.7417048140762,1.3483736633837997
1469,146.9,away,59.825226213542635,32.93134795739926,35.08640014531783,57.880768877724584,19.539535509042903,1.0853852812980258
1469,146.9,home,42.18570708436584,35.28106526920875,44.76482023413241,61.99941016842704,21.802752467968396,1.3546727619073704
1470,147.0,away,61.04436414644015,35.32005846135961,44.92812388233219,57.70646573248417,20.246767508639536,1.1125599556246033
1470,147.0,home,42.15127744835108,35.23252644283543,44.95703726884213,62.056095834699555,21.777664137326777,1.1800987670637721
1471,147.1,away,61.09492497495364,35.28143114463181,44.7594854473653,57.34057443439282,20.18278303946769,1.1729216529670872
1471,147.1,home,39.58017169601656,34.11498524011718,44.98663503556041,62.03800000607052,21.183237421545144,1.0991799812480376
1472,147.2,away,61.12540625998775,35.308782775260404,44.56090746326601,57.351026813325234,20.102704563650875,1.2105922458936311
1472,147.2,home,42.06323687503594,35.21395062407182,44.79986172108295,62.190831269510305,21.860685572465357,1.1441140214717187
1473,147.3,away,61.0871250702749,35.21903636316751,44.318412784777465,57.12968956197955,20.015915139178706,1.3534588252408588
1473,147.3,home,42.060561750831134,35.2596365609616,44.89224337629858,62.43981178526656,21.914552243512126,1.0266459406002115
1474,147.4,away,61.41389403181523,35.1111140083372,44.25093748961031,56.82802054333211,21.51326443262224,1.2848985985273804
1474,147.4,home,41.99769541085119,35.179634055814205,45.03229733070087,62.468529232212724,21.953169381365353,1.3391886698436264
1475,147.5,away,60.98146553866631,35.07695098325842,44.31672981546414,56.436105809007316,19.90280377756733,1.2485257423235294
1475,147.5,home,41.95552889909765,35.10039437784953,44.68816239956869,62.427244314759044,21.912334112263213,1.3861907864537795
1476,147.6,away,60.964119093906454,35.00876022581323,44.280219694049656,56.11183751451077,19.858930189817418,1.263915088471972
1476,147.6,home,41.97356603234362,35.038607562764675,44.737649434309475,62.56476159455814,21.963895773312974,1.2167023660827765
1477,147.7,away,59.69572947657832,32.646101595377786,35.00734183693439,56.00277886749832,18.978191464869752,1.0108209262854955
1477,147.7,home,41.909928429300315,35.00041840671941,44.58807409289798,62.60479570100795,21.936003692205563,1.1152769325483514
1478,147.8,away,60.915695058729355,35.015834775671586,44.431622488183365,55.80126915933943,19.801691667625125,0.8501906090213499
1478,147.8,home,41.90035517276206,34.96174758949793,44.40035426779452,62.60022211608806,21.918467927942036,1.2519909877436157
1479,147.9,away,60.93770484461466,34.95212663292258,44.34651133795207,55.86666126860633,19.83696111585448,1.2656045509670015
1479,147.9,home,41.93490725134449,34.881323508627695,44.18427704152538,62.812582608324405,21.960412321828187,1.1196722284682221
1480,148.0,away,61.20457743379991,33.55096057432867,44.07240955290163,56.047567699220444,20.31940368350441,1.295160879776935
1480,148.0,home,41.951694321601096,34.83723988003674,44.21286600403896,62.934093900291295,21.949953004816926,0.9451621297590814
1481,148.1,away,60.853275039273235,34.85433305071898,44.14401561925868,55.98396069735322,19.79507684590078,1.3627471534006148
1481,148.1,home,41.98484476585943,34.80891620653725,44.139577243530894,62.985871984424776,21.94610217204347,1.17266808792256
1482,148.2,away,60.777133620362996,34.81083422075203,44.33228335082782,56.00977845916343,19.82425500047447,0.9379279554757304
1482,148.2,home,41.64900657567811,34.75861035754825,43.783107464800295,62.91052966864184,23.81826961253066,1.0710523367313827
1483,148.3,away,60.76379118752113,34.845139431351164,44.32282170814724,56.01145415840505,19.83209053933916,1.0742919260847654
1483,148.3,home,41.926844233898265,34.804925322234034,43.53134924653476,62.930637634377234,21.900572051584582,1.0121409838766784
1484,148.4,away,60.78653794425701,34.835199762536696,44.05386632009247,56.25046588934282,19.854933250370458,0.9751013291158658
1484,148.4,home,41.9382107139845,34.7887940899425,43.71734271063074,63.05858701467648,21.929943911344356,1.1314955494028638
1485,148.5,away,60.71461901093003,34.82190590693131,44.19272993365101,55.966117148161516,19.84570733069448,1.1050127053344296
1485,148.5,home,41.95886884033143,34.76351864714697,43.646068750867656,63.28178452379133,21.94271752169986,0.8959697737409478
1486,148.6,away,60.66578215014899,34.776302187038205,44.238417743620246,55.8729354226889,19.824445801639758,0.9296561060170899
1486,148.6,home,38.469723711524445,34.986579284504025,43.50157433326119,53.31923155336541,20.54279782823006,0.9970439318856789
1487,148.7,away,59.428724250153664,33.73909347006675,44.13524564744113,56.200191871012194,20.062818763360458,0.9318025789747267
1487,148.7,home,42.01767291394997,34.73836323737775,43.4438199615868,63.324214020364195,21.98453602982463,1.1180751382570888
1488,148.8,away,59.31631297819266,36.75917315309259,37.95306661868458,56.07482209303386,19.124721112301728,0.9136190949353743
1488,148.8,home,41.972779185204885,34.72674861251864,43.593770928788,63.27233274848163,22.078467044423224,1.182294418286613
1489,148.9,away,59.37740693056014,35.30273318186587,44.27576141884397,55.816955924278375,20.16539605876318,1.2494249215867081
1489,148.9,home,41.97376990612559,34.685861530095714,43.721028707060775,63.313740447997475,22.1263738224344,1.1224509385950878
1490,149.0,away,60.61323416091454,34.650700127773355,44.44226092821106,55.727650799426165,19.790075705751125,0.9774993895993401
1490,149.0,home,41.90903184535637,34.642752002460014,43.97482877432195,63.5685025185306,22.158937301280844,1.3252701588651041
1491,149.1,away,60.67161535859905,34.56395964366162,44.584111782002545,55.70058699502568,19.79084081115184,1.2764170515934108
1491,149.1,home,41.91671523987142,34.578742789067185,44.28207603759885,63.289604240718646,22.151708484841546,1.1805227316983404
1492,149.2,away,60.70509962864123,34.478833133011975,44.54405661985644,55.66689102436194,19.75735108963257,1.1359062400019146
1492,149.2,home,41.92080331876007,34.55835084109933,44.58409851513567,63.4443738130203,22.27127525018413,1.3225900149942071
1493,149.3,away,60.65778075058077,34.4654122575547,44.71694375878985,55.35774727253215,19.749497448611535,1.256109569865477
1493,149.3,home,41.90371474057351,34.50119640905327,44.83414060551965,63.539512006351224,22.32234513219873,0.858990499099034
1494,149.4,away,60.65483569139538,34.42542309635219,44.68528635666971,55.668850607680724,19.727384590074237,1.3522328935485335
1494,149.4,home,41.8247178873023,34.46899198721033,44.884646357900785,63.524221560814325,22.358278112154263,1.2496844398235316
1495,149.5,away,60.63872998041295,34.39765337485609,44.448280560795,55.560004195366005,19.72173030047958,1.348906735012996
1495,149.5,home,41.81169211334806,34.450657370121434,45.16564047177542,63.59612426156812,22.45298428369023,1.2348077897100682
1496,149.6,away,57.86824737986064,32.55796135932377,34.711281159562866,55.17576674365977,18.96344850034023,1.5254677309397593
1496,149.6,home,41.73945774941147,34.366808119343595,45.39579527302186,63.66290474761507,22.481683631921292,1.4450407517230952
1497,149.7,away,60.65591595031082,34.318182953168446,44.12626262336476,54.99976583661227,19.60903289858961,0.8857275276585377
1497,149.7,home,41.69287138782119,34.31821324020588,45.490930439312045,63.80014548428735,22.465911940731583,0.8989118885160351
1498,149.8,away,60.650116102354716,34.260944282512014,44.25270966772116,55.20469471985082,19.618769667646884,0.971112239805289
1498,149.8,home,41.72499587622124,34.28450491947918,45.19555063251494,63.904620993357035,22.48236586773149,1.2496481662996517
1499,149.9,away,60.66259456692082,34.16992838220093,44.242823968741746,55.10008293270137,19.660337327744514,1.08507221802542
1499,149.9,home,41.737165361998834,34.21456018069669,45.111939100287245,63.89528994924002,22.50645481174054,1.3827663947985884
1500,150.0,away,60.6544652447064,34.18516791094439,44.104922143153075,54.926853981533924,19.629719727311933,1.0473753562761325
1500,150.0,home,41.729051428931896,34.20237201916622,45.02334085771047,64.23034297610212,22.53733294966742,1.153790246084857
1501,150.1,away,60.63627258127733,34.16678460416156,43.86296178169682,54.94869627946388,19.61593203909953,0.906836817887505
1501,150.1,home,41.73810195255071,34.1430683982943,44.692800781187856,64.146281839914,22.418282836449592,1.192808853476461
1502,150.2,away,60.71352578932007,34.11927293981413,43.810881833043396,55.18025590180368,19.605915998970293,1.1368061101362121
1502,150.2,home,44.733408195102584,35.585186759631966,44.35787271625958,52.11407464222968,22.209237355602696,1.1864232102202097
1503,150.3,away,61.13273808963801,34.12440756769843,44.0429880660524,54.90678251484132,21.131739422031572,1.0906654349018226
1503,150.3,home,43.423100301577065,33.08422840577876,44.21756454133683,64.25951367762268,22.480915358071876,1.0697609161043329
1504,150.4,away,59.52935774269255,33.00686849489828,44.1753581797561,55.12765241689915,19.79738216033016,0.8984220201673846
1504,150.4,home,41.765185424298004,34.03913018629323,43.94746580935012,64.06166555388415,22.32856724310636,1.1220681614335024
1505,150.5,away,60.73636310020756,34.02925997615771,44.27793672028949,55.30326242899164,19.68381700468799,1.0349540304871727
1505,150.5,home,41.79495949307596,33.94984470275306,43.922315034493266,64.0194629994183,22.34617950760802,1.418063383445928
1506,150.6,away,60.719895799584336,34.023377173104954,44.37627671377798,55.435614270045754,19.711476827966187,0.764734059965647
1506,150.6,home,41.87199748207493,33.93562676115277,43.55790735633635,64.14165477476352,22.3314956836678,1.4646760283822173
1507,150.7,away,60.76276036750548,33.96670826802066,44.03678442261602,55.268809047259545,19.637058282189997,1.0081143148120995
1507,150.7,home,41.84962323497357,33.87784835357919,43.58820382617382,64.15790452698066,22.334948193098885,1.0295238586649746
1508,150.8,away,60.726691626810684,33.98740485641499,44.05745763362768,55.16329288893178,19.56112834795459,1.293137473539776
1508,150.8,home,41.830736068228795,33.87284227541925,43.240589594965705,64.33809893630605,22.347567631828042,1.3489731861923842
1509,150.9,away,60.6799626743593,33.87570107670034,44.01138310108962,55.0505871318374,19.552455310396336,1.256729621772362
1509,150.9,home,41.82898768861991,33.77627963285682,42.883296927967514,64.00352899134369,22.25989629757368,1.150750107456732
1510,151.0,away,60.73252670511479,33.876654205599564,44.018520950377905,54.95109646426511,19.50078144449586,1.297699182770674
1510,151.0,home,41.792996923204306,33.70547578284837,42.93151724046385,64.18598047377125,22.300246710891322,1.0379094127545345
1511,151.1,away,60.76536607840159,33.855490913181924,43.98478596436677,54.68003179737949,19.491373906260982,0.9436475010822516
1511,151.1,home,41.75102921115661,33.68245681985838,42.89294330707077,64.36176732669561,22.343607769674026,1.3055314169057233
1512,151.2,away,60.7779249969587,33.79442292365076,43.8907962707605,54.89073177802365,19.4485973278704,1.0644726576692554
1512,151.2,home,41.80324749376876,33.633974442986755,42.72195026413232,64.74219732634208,22.352135236694803,1.326121301503188
1513,151.3,away,60.715056969617905,33.75029158453116,43.950075059795864,54.642476393293734,19.421152744396323,1.0360041345703275
1513,151.3,home,41.78707057876158,33.61674249251698,42.833283142982694,65.13958854177268,22.403309465554468,1.109971518363694
1514,151.4,away,60.68644271992984,33.69012685555936,43.87698158834229,54.584561858149954,19.370516865277914,1.247644337691547
1514,151.4,home,41.78684292456164,33.62445846173228,42.432063257002774,65.00988580024712,22.339033102021464,0.9700099827102999
1515,151.5,away,60.7012253245628,33.61602507885493,43.77631436495102,54.55862279547691,19.31525142999623,0.9969369942972623
1515,151.5,home,41.77182693742231,33.546236939747864,42.46646110960033,64.79910779932773,22.345414689046137,1.143886458701963
1516,151.6,away,62.58932889060859,35.108972302268384,43.66953384547278,54.5084292897176,18.784454068989156,1.2650702984561053
1516,151.6,home,43.42446120965273,31.254632227419172,33.33275818343782,64.83293994451432,21.67990302957851,0.8841369004549723
1517,151.7,away,60.664185365609974,33.610303187718735,43.32185045594535,54.56928881753252,19.2861561951881,1.3040094634289416
1517,151.7,home,41.757251738021665,33.52739801396438,42.449570543714245,64.91339177310789,22.420534190166652,0.7945272461039381
1518,151.8,away,57.948822559722224,33.49781137412694,43.23862364534834,41.12319397267464,18.224489732758574,1.3840635014035356
1518,151.8,home,41.72404778768824,33.49857262468804,42.45582310723923,65.24145590309817,22.48389389318895,1.038981987968728
1519,151.9,away,60.609361058994516,33.48127044615418,43.185726987656935,54.886340105128156,19.246306958513884,1.3685523292777704
1519,151.9,home,38.24400131274541,33.73901395693199,42.48357590503788,56.16383101454192,21.175048688805035,1.0999194687546434
1520,152.0,away,60.53962985100796,33.43670234335207,43.34692780077408,54.83242634342062,19.25345612226271,1.2431386443886674
1520,152.0,home,41.69452741533324,33.527319921637705,42.330344808638394,65.1856831286976,22.529703999491854,1.1708675432646651
1521,152.1,away,60.4829601880861,33.392337736603466,43.314405059259116,54.8978378682054,19.33303573118567,1.2451442574408638
1521,152.1,home,41.708881596027254,33.47300939692511,42.43383629328313,65.22618070229055,22.53864383185028,1.1503721618369391
1522,152.2,away,57.77994584457209,33.24678644509534,43.342302063201785,40.99822703088612,18.32902178903945,0.8693835684715507
1522,152.2,home,41.64481428591907,33.40344408711323,42.52215776288519,65.04119017930105,22.54544026500014,1.0892115581120172
1523,152.3,away,57.69749909558517,34.510715655284876,37.74798588677059,54.860201266245646,18.87082444589659,1.0607672588094321
1523,152.3,home,41.651921569190726,33.37575468640475,42.383572783766674,65.29340803817593,22.56616344010727,1.2091145678030781
1524,152.4,away,60.44631678379055,33.33427639258094,43.12220318055885,54.90558629326972,19.299876410443968,1.0234228312033917
1524,152.4,home,43.34607035939343,35.34098410648134,37.09844567833373,65.54702379780502,22.05168995055024,1.1796788716482758
1525,152.5,away,60.47094956031467,33.30017929278702,42.954857439359145,54.57625171364562,19.267913896823167,1.1621071565055072
1525,152.5,home,41.637936980446995,33.33093259190469,42.435839216315216,65.56770014139546,22.502660511759075,1.1909370810854638
1526,152.6,away,57.84300843979719,33.121858876103225,43.05900388926004,40.678878746959256,18.283299735975707,1.3208811050176303
1526,152.6,home,41.631846498789066,33.29472475141546,42.5793395162428,65.41403902731102,22.496179867642365,1.2146088700239988
1527,152.7,away,60.554523349785605,33.19756372701792,42.97907367798434,54.34231481234371,19.245176250987626,1.0808787465014815
1527,152.7,home,41.581624451661725,33.28836948040444,42.785585927596955,65.37275950528749,22.51200897825504,1.193030023966963
1528,152.8,away,60.519884224177005,33.12627894715188,43.13638790829156,54.5422988805225,19.271986990648102,1.1721806586342813
1528,152.8,home,41.61072503473985,33.29540120604201,42.99523949841595,65.16857507762099,22.465052156779162,0.788648983834042
1529,152.9,away,60.54428248888135,33.063129511572654,42.98418672126749,54.81632770519256,19.30105122669013,1.164231727013148
1529,152.9,home,41.617370018733766,33.26660473471345,43.08321113750028,65.37922082567079,22.528725610633003,1.0447288727720538
1530,153.0,away,60.61982318295936,33.003436616123324,42.99629428187488,54.749318390580385,19.251738671486194,1.1090168494583297
1530,153.0,home,38.159743905155594,33.359176832208696,43.29723401603886,56.260939308262806,21.271845997241968,1.1728534467979075
1531,153.1,away,59.38918902446517,32.0272257368163,42.74865525514854,54.860578131989925,19.435746673314725,1.0503439662194463
1531,153.1,home,41.57565946426913,33.211747118519504,43.34506381866178,65.03404574305976,22.516214531152254,0.9584442877232511
1532,153.2,away,60.631797216399406,32.946204475948896,42.698245577113525,54.89293096224878,19.278812054194542,1.2634139421642712
1532,153.2,home,41.57310624703325,33.19405186553306,43.496296387887554,65.09010788313611,22.514897822051594,1.241774799650911
1533,153.3,away,61.03457946008926,34.41913627173441,42.82859294734904,54.64377548772377,19.62262118932898,1.0954461723758873
1533,153.3,home,41.510081217953825,33.1491434266267,43.806713281080235,64.97586746586032,22.54833710513279,1.4430152873200823
1534,153.4,away,60.56421474655265,32.91245572824396,42.97296619450188,55.0397645937159,19.272269752381806,1.2591949876930288
1534,153.4,home,41.478853452185824,33.09496787430463,43.74143205188489,65.0050870721611,22.6068298674659,1.372655647081449
1535,153.5,away,60.5445517097741,32.782645918695444,42.77082110578957,55.137945363680984,19.272903626527953,1.337909890586314
1535,153.5,home,44.60834358273712,32.82192863959531,43.58795323008247,52.16127268704892,21.448527750725784,1.125082661229129
1536,153.6,away,60.51311870950636,32.77530790013216,43.19258228858605,55.05520863462351,19.343338310751278,1.25270557396164
1536,153.6,home,41.56875125134016,32.99986203306592,43.37292415248356,65.15902412913282,22.604134710917933,1.1813253508568347
1537,153.7,away,60.510317803085144,32.82636739830142,42.96280422479711,54.90754548305466,19.30952039518945,1.2514154576772791
1537,153.7,home,41.56717114723488,32.913045134081564,43.172073972432244,65.21746552803613,22.600004857158645,1.2770871437283438
1538,153.8,away,60.554698520603004,32.77137219313367,42.81728772108902,54.78625650216934,19.282094110853702,1.0695801347222345
1538,153.8,home,41.579515290113804,32.86161293895236,43.21940392159209,65.36752244515789,22.540361579996166,1.3271764722769346
1539,153.9,away,60.48634380846487,32.753186440779366,42.649792519257,54.72205426132878,19.25292955714526,1.2429356269035734
1539,153.9,home,41.55821104847229,32.823419136605835,42.89506373686677,65.34537641596681,22.516980421247855,1.3810823393170222
1540,154.0,away,60.510674376041905,32.67754111701723,42.50641454788517,54.6772995395214,19.230418822071872,1.1685098265600404
1540,154.0,home,41.63166129209638,32.75130960574853,42.76269847850688,65.69837119870782,22.5857488828127,1.2006198326643513
1541,154.1,away,60.46825808028132,32.627023969179014,42.6497129634091,54.63725496559948,19.23768203690383,0.8381146159438057
1541,154.1,home,41.587319913836545,32.708754836159194,42.7373792155498,65.76350025673956,22.607460131766068,0.9259587947082492
1542,154.2,away,60.49382774789945,32.58663229195574,42.5596368243642,54.772674889553784,19.235794890110846,1.1361699046361768
1542,154.2,home,41.636956346661464,32.65817943986976,42.588356398479384,65.45718510575222,22.559977720246305,1.1068028972498063
1543,154.3,away,60.54168145631383,32.50038772993678,42.62830987147271,54.386857229981025,19.21498124890862,1.0005980807411967
1543,154.3,home,43.37355103973424,34.66212607369106,37.22738710294231,65.41816894703743,21.96342797883818,1.182228526666276
1544,154.4,away,60.555264785147116,32.52975256220128,42.63817121349348,54.46054560807576,19.25422704959868,0.9752646553204273
1544,154.4,home,41.620036130026556,32.63880678126906,42.44257042780374,65.25644287984657,22.54365874166122,1.0797507326902347
1545,154.5,away,60.57131519316733,32.45976093925645,42.21314003650656,54.47377846824169,19.198729497772707,1.1718665001279618
1545,154.5,home,40.98360351264803,31.239476165398003,42.56456436843999,65.30773290101904,23.246168633831715,1.0320111858816619
1546,154.6,away,60.56844349792159,32.42847810896094,42.33219489507892,54.485193196251025,19.201112680689253,1.0752875323269768
1546,154.6,home,41.586848328034336,32.53596190926072,42.80811233999589,65.55157895592734,22.647776317449974,1.0548998739339974
1547,154.7,away,60.51525507570632,32.37717005937955,42.42907322048597,54.310659057289385,19.187195759307148,1.0461439535690167
1547,154.7,home,41.58802658636264,32.4961589021048,42.70593565822705,65.30592329714432,22.655112164763782,0.823956360517273
1548,154.8,away,60.50998032688842,32.39849548447772,42.56911399566886,54.16444531533974,19.163829481585037,1.2157869972619704
1548,154.8,home,41.58776280537896,32.51109168859151,43.023431837698,65.38287834052795,22.699314616206376,0.9513329339018223
1549,154.9,away,60.50938361454332,32.38760799930037,42.8113801039888,54.34437771195046,19.234916477556375,1.2702214320225351
1549,154.9,home,44.71712034967938,32.24595859039037,43.2101659913893,51.49630838276782,21.454116573627992,1.1124439349111264
1550,155.0,away,60.58332543599948,32.3309825891688,42.493457828678444,54.49727003930452,19.219855742661807,1.0944968092143608
1550,155.0,home,41.57719234251894,32.45562591330987,42.93802996204033,65.2447185771893,22.680379575055063,0.8388506861473871
1551,155.1,away,60.567785082688374,32.27472713919513,42.31806239222449,54.507332841894424,19.223037138532753,1.0228076225609621
1551,155.1,home,41.60363258870839,32.41803400458707,42.92391375884358,65.03317715785047,22.63006517295514,1.1292145539856402
1552,155.2,away,60.53478991308823,32.25759314497436,42.08041360207089,54.69929980646438,19.279786004858043,0.8819179487004554
1552,155.2,home,39.08060786662851,33.86101375731686,43.030275614405205,65.2367870108076,21.93467735815794,1.2644694986559795
1553,155.3,away,60.736303919779516,30.855927900388686,42.026991650223366,54.69766034800557,19.689122769582223,0.9629287327679605
1553,155.3,home,43.398979241654686,34.35140122363571,37.68167907448114,65.15171931391086,22.014143018711035,1.3385439943144055
1554,155.4,away,60.590822715034456,32.20689840331559,42.17882992279145,54.803152695996786,19.29401648459086,0.9346267540569851
1554,155.4,home,41.61601281700756,32.27870008894919,42.91612837584261,65.5068220517503,22.62449365003079,1.1592130867337842
1555,155.5,away,60.55759010496146,32.12234148018664,42.15011341941363,54.63679419331909,19.293246687909924,0.9065283508217202
1555,155.5,home,41.62847412432972,32.29900753568059,42.68074091309741,65.44347257799885,22.581576869486558,1.0197798763794916
1556,155.6,away,60.58760194776778,32.13819785512995,41.96792448409652,54.93661439854141,19.333448848215777,1.0954937943969625
1556,155.6,home,41.17217318664745,33.69211793017378,42.5401083660633,65.37740349623925,23.17797738237847,1.2095730184780493
1557,155.7,away,60.54757844164075,32.099202522316084,41.688498268825896,54.84319114013178,19.30793471058529,1.1611323721082245
1557,155.7,home,41.553446500256435,32.16326130004873,42.39022215858799,65.4966383523139,22.556008254108402,1.22814987848318
1558,155.8,away,61.02847213314845,31.93806037389349,41.587096511344896,34.04358007653068,17.430943877176574,1.236851075234769
1558,155.8,home,41.53003710955052,32.115910873987865,42.392196708615224,65.29730810606834,22.572242665958548,1.0739995858297027
1559,155.9,away,60.65855941315324,30.699373418700986,41.895467109852845,54.8383307559955,19.712327023126278,0.9649107065988304
1559,155.9,home,38.228637579644044,32.18980391757226,42.318936070915456,56.60163436850778,21.411754851966805,0.9739055404614045
1560,156.0,away,60.50347239880537,32.0384924192545,41.76753459573845,54.521665681986505,19.16291203448661,1.09925796797728
1560,156.0,home,41.60251133775514,32.04593525319619,42.3927528041596,65.2616969952654,22.60138814282111,0.9875217431369614
1561,156.1,away,60.710953008747126,32.07875598062349,41.79279846553696,54.51119978599999,20.80342931548707,1.2556229582653478
1561,156.1,home,41.62926766778991,32.035840577520226,42.56937597087918,65.22664120539122,22.60994021360185,0.8976524000894255
1562,156.2,away,60.48700305493599,31.897421718330442,41.99083011530731,54.358345343493795,19.125291734499662,1.456668836428944
1562,156.2,home,41.6468924920889,31.99102157900788,42.23579885681565,65.4320697829425,22.57410611677159,1.1200680739464663
1563,156.3,away,60.466384638210336,31.865430320075767,42.01249757488323,54.45429519344175,19.16070149584755,0.86063813576956
1563,156.3,home,43.30810943863022,31.06153451341396,42.299726891640645,65.24576026961405,22.725557705249493,1.2324967976262233
1564,156.4,away,60.68698068333896,31.978806199782866,41.843004089445685,54.45525720825853,20.80403373493711,0.7243036357839698
1564,156.4,home,41.56182762127097,31.93276969690909,42.347157439021046,64.77635844909676,22.55107505690895,1.263288215140456
1565,156.5,away,60.49205738077805,31.82863429339658,41.8246408962978,54.611641340611314,19.1523138954845,1.0366982113123315
1565,156.5,home,41.5813404106555,31.930858921927516,42.51527348913529,64.90538255915922,22.586023238284277,1.0557287378410338
1566,156.6,away,60.660582130206784,31.903457462449165,41.87950393516576,54.42717325796204,20.845332593388928,1.1535301796850783
1566,156.6,home,41.62736026542798,31.8887271427679,42.65838751844,64.54176802830284,22.520440168205187,1.0704323366097268
1567,156.7,away,60.53100538173835,31.758615377963512,42.00438941106914,54.65711164483133,19.216049815733605,1.0898685269108617
1567,156.7,home,41.66292751103579,31.92120357492747,42.60946983494321,64.66351971220769,22.496887915209285,1.0568663592483005
1568,156.8,away,60.51702795317943,31.765185800304582,42.03880507300246,54.781813680664854,19.289001466270637,1.4961483786647585
1568,156.8,home,41.63187576428822,31.844008699795765,42.62809703241238,64.79998568078264,22.46861469949334,1.1233199795433488
1569,156.9,away,60.527701126463946,31.7260437068904,42.38913180966681,55.11399825467032,19.402249379155197,1.505259795874653
1569,156.9,home,41.59084214790021,31.788852405123894,42.594789357603574,64.88455879464928,22.476924019174547,1.2900637033035403
1570,157.0,away,60.545433704722385,31.744885464247478,42.60253763615469,54.800224186852645,19.430728653675747,1.386125719919968
1570,157.0,home,41.52015651332253,31.768393997005038,42.30540055722626,65.07759042607049,22.48826631844481,1.0070374690882269
1571,157.1,away,60.53460195017703,31.74280947695329,42.483613828038585,54.97443338420406,19.469330243280364,0.9938988744483157
1571,157.1,home,41.51173429414923,31.7361327650661,42.452886066126695,64.82630272707613,22.460970958238377,1.1272153027939464
1572,157.2,away,60.50485040380226,31.702217437817197,42.55426584790398,54.930950650175596,19.45123488072357,1.2017979669818464
1572,157.2,home,41.5362875512719,31.71060864633392,42.503740501914024,64.86794424490245,22.478201523250174,1.2129568485311435
1573,157.3,away,60.52897727222689,31.650295759165342,42.73875894905476,54.92838426145273,19.453041057339856,1.2502853432301657
1573,157.3,home,41.582861940835215,31.628746950737124,42.40930783447406,65.09237225630844,22.483700030423957,1.0499234205845764
1574,157.4,away,60.53178521485734,31.580553588965813,42.7948231738327,54.920676376698154,19.437152051300522,1.028598970653482
1574,157.4,home,41.60142729016636,31.594693047265935,42.303752585392324,65.06175749817615,22.514875026257382,1.0962537294466213
1575,157.5,away,60.75871535286501,33.02700007587771,42.99599497899645,54.98553213235482,19.859269069989175,1.2651959021701953
1575,157.5,home,41.57259495178574,31.570580681606984,42.09717516128862,65.44547572379251,22.58935446344314,1.1149030874989745
1576,157.6,away,60.405414406050596,31.479448734033994,42.80989383874808,55.01904125199561,19.478604098724677,0.9008950624229222
1576,157.6,home,41.51623923479759,31.545376316376473,42.129878965400025,65.16047130769945,22.54083013507986,1.0408055854558593
1577,157.7,away,60.409642049628275,31.401319377339693,42.63440381324526,54.65944139132361,19.396214220755127,1.0494439830625255
1577,157.7,home,41.5728093063837,31.529617092734068,42.319804907756925,64.78768610497546,22.518660443278872,1.1534751882117302
1578,157.8,away,60.42502841018486,31.369405498088028,42.66661093114439,54.52627059648617,19.372957986001907,0.8291945979115329
1578,157.8,home,41.56031170330846,31.51381385742236,42.39307418352495,64.60654910332573,22.50158681381147,1.1584828524438853
1579,157.9,away,60.43468415039708,31.347182139240257,42.5829113490082,54.798360577505576,19.37019061035581,0.8238507677195321
1579,157.9,home,41.56599895321961,31.433654282323992,42.42603463055384,64.39398532814477,22.381835385950136,1.3327427814341808
1580,158.0,away,60.42586525809911,31.357387419997394,42.61661244522211,54.811866031011256,19.386555757335028,1.0038768317040758
1580,158.0,home,41.585257119711606,31.337173974504836,42.50520536566829,64.50924247537709,22.438187193354526,1.0101696635230648
1581,158.1,away,62.37788990263034,32.75903998646196,42.61825030013383,54.87949773107582,18.82573327424474,1.5169183872367842
1581,158.1,home,41.590638532755015,31.26916380346397,42.429394199290336,64.46247335049347,22.40587637055042,0.8574155229391397
1582,158.2,away,60.33761382405878,31.3252544649896,42.61487151739787,55.00062394646996,19.37881305409586,1.3879137949844773
1582,158.2,home,41.57717103506746,31.26552985994833,42.607328479509455,64.39655954643865,22.394225431064456,1.1598875899041508
1583,158.3,away,60.37328148529579,31.29741107023083,42.56173672500058,55.04781012209809,19.434080828265852,1.177015245068657
1583,158.3,home,41.574906782244646,31.182261531565086,42.46744773033701,64.03496451798057,22.30141265651387,1.382172992143816
1584,158.4,away,60.3976828814308,31.254139378840804,42.42936647684089,55.12937992064457,19.447789756785678,1.104087710041842
1584,158.4,home,41.5326480317978,31.154745703759968,42.33429104460753,63.992831286270246,22.203425947407297,1.0801275441469123
1585,158.5,away,60.685885534405124,32.7849945122292,42.30302019973902,54.99307174304058,19.789824727106552,1.1897544783063296
1585,158.5,home,41.51570879910252,31.063825010654952,42.19685562345061,64.04318169130543,22.20964185933012,1.3201163443727477
1586,158.6,away,58.87824418349676,29.05398048457413,33.58210491893238,55.42614594322321,18.688193122685213,1.0579600653890848
1586,158.6,home,41.42641086919767,30.9635358399164,42.05750989919813,64.05585974806574,22.187956465762724,1.0747116467422115
1587,158.7,away,60.39511643354666,29.929746106999705,42.231799800962435,55.38148054460665,20.033964997502817,1.08541480946662
1587,158.7,home,41.45986264712075,30.946649753849364,42.023507624937864,64.21380247491062,22.191450433471413,0.924282698742807
1588,158.8,away,60.29668631939637,31.17968137793965,42.28709211983019,55.306327106433386,19.519095568277496,1.231627856794697
1588,158.8,home,41.48229699187979,30.908702429038325,42.06061024115265,64.000684652365,22.225909467666124,0.9062135820420721
1589,158.9,away,60.315075828858994,31.071075306397578,42.28964214139516,55.41008201498323,19.544717954357335,1.2945510402473628
1589,158.9,home,40.92602614559696,32.4394387587309,41.86149239619509,63.79770406573868,22.68284615994387,0.9637694824890733
1590,159.0,away,60.34331280770846,31.010772579853338,42.153614061271135,55.35467627759361,19.569734065801097,1.0419811265386842
1590,159.0,home,41.39017663807893,30.877319032730497,41.9975426144836,63.733611109972074,22.175910815116982,1.0691298809618923
1591,159.1,away,58.85012441764496,28.77100598488756,33.26116296827102,55.11056825394394,18.73047486812269,1.2360662224093435
1591,159.1,home,41.40869059877384,30.814384200984648,41.67599547414981,63.726320304487984,22.15186299679991,1.1192481369152105
1592,159.2,away,60.49565591997621,31.051801892758668,42.3675188947384,55.280957460876266,21.31253984883824,1.1028402399933352
1592,159.2,home,40.901206815136376,29.522146564876625,41.63702545383875,63.739559083369535,22.85935924082632,0.9408695955436845
1593,159.3,away,60.25061624925686,30.956013894258266,42.43794291140089,55.334383502848695,19.693563938285177,1.3162342380093937
1593,159.3,home,41.50364925157526,30.761526071601505,41.54688548725166,63.433484989784816,22.09570574915097,0.9076428586946131
1594,159.4,away,60.2038511422295,30.929285767954376,42.63951032733452,55.52168509482031,19.710090992567373,1.228456414875076
1594,159.4,home,41.49237679570971,30.712632122516013,41.55625239889365,63.39336102144168,22.05400251094724,0.8525746173556139
1595,159.5,away,63.29489258937476,30.836005099239223,42.469790234548334,46.063364756552,18.449637569505246,1.4009027870253825
1595,159.5,home,41.4451924110985,30.720367539706412,41.27706953835568,63.346245069960204,22.054725939184312,1.4613847724761764
1596,159.6,away,60.327834025081685,30.80890056738351,42.690946778598246,55.714765038209485,19.729771058724193,1.1543758521469807
1596,159.6,home,41.42185199954395,30.690989510479415,41.083412754936745,63.09614687774605,22.05201333391262,1.4283649587153178
1597,159.7,away,60.53363938993829,30.94136318141589,42.59035532365322,55.73268221796171,21.48289915241293,1.152246171271613
1597,159.7,home,38.281892064191,30.66263226850333,40.941417607654365,56.00451300948997,21.006305094498305,1.0723319880168771
1598,159.8,away,57.84225609508816,30.53737035514414,42.58131693361118,45.99051659577951,19.208911817727177,1.0327405809737304
1598,159.8,home,41.45626187418369,30.70110553699899,40.995537238412474,63.130774874899956,21.981532385117433,0.9463207229169966
1599,159.9,away,63.94382720898404,30.931499079532355,42.69184182622148,46.08655830722747,19.970428004975155,0.8326537001639616
1599,159.9,home,41.466160861381745,30.705444250555743,40.83133672382789,63.25404487232888,21.964601889279677,1.1239687723015421
1600,160.0,away,60.37642206711027,30.76016963597319,42.68005726368592,55.84626529990446,19.870718359960208,1.072658337295911
1600,160.0,home,41.41861703571079,30.718786823693755,41.08259471394929,62.99933396872451,21.918780874141667,1.2741374757535453
1601,160.1,away,60.39956897109597,30.765582460007806,42.584546445926975,56.12302174560348,19.897822756548706,1.0303544253256138
1601,160.1,home,41.33360972753446,30.694570800733217,41.296500197524885,63.08997897009185,21.939377635633164,1.1917458880932466
1602,160.2,away,62.47808827236073,32.151388963796805,42.45780954303597,56.137323627429765,19.24111626582738,1.6807094521441102
1602,160.2,home,41.29862365731549,30.74084729997088,41.38395085752188,63.04794294834833,21.937979398371816,1.022783682563917
1603,160.3,away,60.44484041771041,30.72645836634705,42.51702776474887,56.15822321815062,19.91849280335217,1.255230953858047
1603,160.3,home,41.29120406171456,30.77563260520393,41.52550250829257,62.87273646585113,21.955792316689315,1.0247857255730042
1604,160.4,away,60.443400505676486,30.77481841164664,42.62025903382395,56.29951471933744,19.95275100016335,0.948292550606876
1604,160.4,home,40.76077077859992,29.448501598702233,41.59930531661463,62.79320808632458,22.56227943877949,1.3298509933060985
1605,160.5,away,60.43368274368592,30.788016374985066,42.345751458902306,56.50186106808516,19.94592507707881,0.8825051514428424
1605,160.5,home,41.39024270667597,30.792414071621184,41.867770037301845,63.256328396860596,21.916859517156198,1.0343583110357903
1606,160.6,away,60.46226191999264,30.75124543757889,42.48596090031723,56.458220137501165,19.975885228109576,0.7888292489358801
1606,160.6,home,41.37673723759212,30.78871691092902,42.017467028346374,63.3155868661411,21.949234080386425,0.9378252550015405
1607,160.7,away,60.465543674900395,30.800877988019696,42.141358977499536,56.57989660988693,19.972357369753794,0.9188607456007403
1607,160.7,home,41.35917980540724,30.744966764876516,42.12967153474921,63.3349776217855,21.924486916867103,0.8743109141180248
1608,160.8,away,60.687924667194025,32.324336809538465,42.20608739228275,56.98301827135654,20.447395522103346,1.127222289485307
1608,160.8,home,41.34681005540642,30.713886078863776,42.29830986706093,63.35707916204311,21.927316918817244,0.8140465329230271
1609,160.9,away,60.451048368454614,30.742362547542783,42.149352196902896,57.10297650572974,20.052973854664057,0.8901926373147117
1609,160.9,home,41.382761134778676,30.711375463238923,42.25370662275632,63.157091848304844,21.900038180134977,1.0952741907017565
1610,161.0,away,60.49251309802881,30.72374994696273,42.32382995249549,57.003327482786915,20.094209179864652,1.0994636472499382
1610,161.0,home,41.33977263122911,30.771914172390222,42.079986933238324,63.21155783057018,21.888930899486457,0.9221304180044139
1611,161.1,away,60.48727548711559,30.74287245480904,42.45756150883935,57.20642644771952,20.105536856787435,1.2228533379992577
1611,161.1,home,41.426128859856654,30.702457916352042,42.267582960099624,62.98089341876701,21.89034644955418,1.128890301927547
1612,161.2,away,60.53098966808378,30.667708685817505,42.40996634680291,57.19614378988283,20.129371226027104,1.1817238908430712
1612,161.2,home,41.45801278456333,30.6622584247399,42.239221046966556,63.08095488739952,21.872336609914544,1.0267192349271725
1613,161.3,away,60.58959312953911,30.599682384313937,42.37744383802807,57.22717219174388,20.143314677136196,0.8875858432738237
1613,161.3,home,41.49514376695915,30.62885418125355,42.717526344955616,62.94249734454216,21.84147406151917,1.1212169612321627
1614,161.4,away,60.56611609226015,30.553767443579087,42.532805684157154,57.17994535979636,20.199346278877723,0.9219498933715754
1614,161.4,home,41.491497748573245,30.63673922207477,42.67413036599013,62.705045758691526,21.800253710644625,0.9341594462231927
1615,161.5,away,60.55150906477972,30.50078681953177,42.619944881260516,57.10792665737998,20.23184781437925,0.9857486593437369
1615,161.5,home,42.85546270979375,28.456356555784275,34.01234312788682,62.48840566221372,21.161586510360138,1.0776367171816463
1616,161.6,away,60.562136703351804,30.484318902756648,42.65938180225615,57.226502324182164,20.257935886699943,0.8875641443174547
1616,161.6,home,43.14391845687787,31.40126061437178,42.56434319285339,62.42428230552573,21.944597196530452,0.9479312360321671
1617,161.7,away,60.52868863680362,30.522879421757,42.658769521378304,57.102859356062524,20.236591720344048,0.9906962424281663
1617,161.7,home,41.52663799926257,30.69450650423857,42.59473050370073,62.13941685134373,21.744393372340003,1.204771802253251
1618,161.8,away,60.6981211610548,29.224197454337734,42.424729677441654,57.10511981857209,20.77263198144342,1.0614748943107517
1618,161.8,home,41.52578537163102,30.652447306117878,42.41614139795978,62.307216913233596,21.712779399543116,0.8833302341770296
1619,161.9,away,60.426876905622905,30.530599112815025,42.35167690888862,57.11050540090113,20.180959253629116,0.8648369917036153
1619,161.9,home,41.58752340594689,30.622754916510008,42.42175815068925,62.158141705524585,21.71972320060231,0.7317750722172353
1620,162.0,away,60.41708711546417,30.520598874248446,42.28225411112855,57.234694907614404,20.22603231650795,1.070790763641757
1620,162.0,home,41.56110786989992,30.669784117751803,42.174215972396574,62.088715217306465,21.621349815670815,1.035200607361097
1621,162.1,away,60.43500011593746,30.60945711848638,42.217445086137104,57.36893271385078,20.274452624210003,0.982954074518506
1621,162.1,home,43.134573080631164,29.85560432054974,42.26911674104511,61.920246283478804,21.87294229855698,1.0425273823096863
1622,162.2,away,60.387133244532315,30.642730953212695,42.173097750608854,57.46975814774717,20.310903382546925,0.9426410000861509
1622,162.2,home,41.620658545773736,30.746808762960907,42.13464658383613,61.72805738319784,21.575598846132042,1.5052040540419085
1623,162.3,away,59.136098190559494,32.759907109593335,37.15774740148853,57.61189738819111,19.909569178686986,1.1888447434739802
1623,162.3,home,41.61876633001554,30.720037834470656,41.665642000175545,61.4894562542479,21.476547785951023,1.2915628460143587
1624,162.4,away,60.40909951742275,30.701963977790022,41.978459290579494,57.757390813567945,20.339041209834225,1.1042980814174705
1624,162.4,home,41.66599870060119,30.685520195972,41.69465943270707,61.67854084750906,21.490814886778956,1.1907136405499164
1625,162.5,away,60.429329332394104,30.71715201306712,42.04977350213433,57.90761549625287,20.360608419658945,0.6017949161949359
1625,162.5,home,41.68415104360343,30.666626691224316,41.4234742612628,61.49216032766223,21.42937040451992,1.0373425344631477
1626,162.6,away,60.440470313410266,30.70596130979053,41.79153335031838,57.866916603612154,20.356964988384167,1.3366334467162546
1626,162.6,home,41.66107612608266,30.654081598378266,41.24478239018957,61.36393314355749,21.381469375361885,1.0756001313323593
1627,162.7,away,60.41942720152406,30.706771393349417,41.983713192310006,57.85203198100813,20.420448628346573,1.314696338784553
1627,162.7,home,41.686428569977735,30.709924667274983,41.48164652029163,61.063785638911625,21.354934119592386,1.0930227949764697
1628,162.8,away,60.53580933200229,30.6164995056458,42.00559979460017,58.00788671750264,20.489033559116617,1.3007136012807938
1628,162.8,home,41.68896357581245,30.710560762036742,41.31926235822839,61.13521891213171,21.342138197554263,0.9436429572285099
1629,162.9,away,60.56746480073982,30.609284549426548,41.52019103651894,58.15977482255797,20.487996193874736,1.119764160256569
1629,162.9,home,41.73215683783821,30.704358329103798,41.37486412848162,61.15554163729028,21.352215289887514,0.8291815280100754
1630,163.0,away,60.522379144387855,30.584782194950073,41.30827088636719,58.275716550986786,20.482504579464493,0.8422071907127198
1630,163.0,home,41.643900201603174,30.665289963515946,41.38495638726026,61.148251240077585,21.319627469640754,0.9003957469359282
1631,163.1,away,59.03543416686115,29.694169245648965,41.48832210875085,58.53233509284871,20.681197245290367,1.2905201816418297
1631,163.1,home,41.68008156963258,30.66106950181126,41.29711482885536,61.257256467164126,21.30123223608359,1.1283443125632484
1632,163.2,away,60.577631501324056,30.5105328412337,41.4267993613754,58.549051484232656,20.57046232910435,1.2626381404896017
1632,163.2,home,41.733842612612314,30.5939000242552,41.36510268143299,61.37587307186055,21.31234188581516,1.0823253765620844
1633,163.3,away,59.347403553680635,32.55559952735263,37.053957173882075,58.866237080547315,20.2940480015064,0.9133219296288815
1633,163.3,home,43.03044431957447,28.46703144939367,33.709691442603216,61.10856859805896,20.706885203421407,1.0207505487901032
1634,163.4,away,60.584376957785295,30.528016025200557,41.14761716836765,59.09780468603105,20.620354913282714,0.9938172980992506
1634,163.4,home,41.65058573672699,30.585270473222387,41.78190132002923,61.187161087726984,21.29746299541947,1.12716210196109
1635,163.5,away,60.60449290876959,30.5191561424577,41.510086562944274,59.257505297371594,20.686775828578657,1.4585574397386325
1635,163.5,home,41.663306063212524,30.59114646393164,41.88551645053334,61.05168495342054,21.284188555120878,0.9853465533266568
1636,163.6,away,60.662108035471924,30.50865921690546,41.55173098500943,59.47840897727784,20.703723447538522,0.9827016630662796
1636,163.6,home,38.724825734187064,30.487379173841042,41.838490926398045,53.8320673722138,20.329342184647263,1.556922051316808
1637,163.7,away,60.68562584299814,30.5589015952302,41.626480461177906,59.369827192196766,20.738980216613232,0.9511343443082904
1637,163.7,home,41.71460162281674,30.48828459219908,41.921020878518625,60.79480438106348,21.19135833526049,1.2021742847700212
1638,163.8,away,60.675380645479805,30.608854441172255,42.03424549090905,59.27023250209197,20.725981432325387,1.1121786202928219
1638,163.8,home,42.9073706670963,31.271715707702747,37.01477718758566,60.592866047050414,21.23065527219417,1.0242348030066735
1639,163.9,away,60.71476028035025,30.633653474372263,42.307546201439166,59.28168270419435,20.80555496805828,1.0708669976116962
1639,163.9,home,41.674656750817704,30.519909579261363,41.93641915198864,60.265151671524876,21.111337130816217,0.7469953665435608
1640,164.0,away,60.69813096833816,30.647007191477414,42.11029823676,59.08529652506056,20.763497362466385,1.2046421073181612
1640,164.0,home,41.667103891703626,30.505220045270946,41.98701096618139,60.43472406253103,21.175046626982454,0.8200847646842923
1641,164.1,away,59.30757887676911,32.784889636183415,37.42122438677428,59.28383710976925,20.44872776344155,0.8724199687494961
1641,164.1,home,41.60600819269131,30.56093831168924,41.91269899215035,60.24234227914176,21.153853701806916,0.8480891086743839
1642,164.2,away,60.65787120822631,30.68381318873205,42.34996677603013,59.36891433549796,20.846339958555074,1.1574324256030286
1642,164.2,home,41.64591268468461,30.575190084744385,42.17887708019899,60.02262555713642,21.144603058307535,1.0635421614844676
1643,164.3,away,60.65925910818306,30.652085557891134,42.44757539196584,59.383352921169276,20.896497720737525,1.3131540330487252
1643,164.3,home,41.672852681483555,30.582057596723903,41.970918698511454,59.63895031005492,21.082760010476726,1.1317235470472384
1644,164.4,away,60.674314343724475,30.65893805760019,42.13595678616252,59.44976673243781,20.923881157766466,1.4532021956099934
1644,164.4,home,41.7027020422262,30.5640103885089,42.033620526236824,59.62802978080591,21.055284183951258,0.9502872006204007
1645,164.5,away,60.674150879861536,30.689233318095248,41.977661180834986,59.478577247376656,20.944419943058055,1.146932856384082
1645,164.5,home,41.69811790541379,30.606904328075608,42.22018975494007,59.818560513095775,21.089255764565785,0.9564551926781291
1646,164.6,away,60.67360982506721,30.687312573358476,41.9396510645734,59.81126943581616,20.975119682219205,1.1803940271278799
1646,164.6,home,41.708108578416,30.59738484017181,42.111031320551454,59.69865560673953,21.047886988491992,1.114708357184802
1647,164.7,away,60.591060280599685,30.65197547583135,41.873936450728436,59.9772592887698,21.0022044511431,1.2034742801309017
1647,164.7,home,41.71970344021297,30.63220221741874,42.35766963553722,59.7652167031759,21.089272396399448,1.2584258434562223
1648,164.8,away,60.815744124590665,30.74915832289264,41.66906662054284,60.16299870888447,22.82930089801633,1.0733042684076248
1648,164.8,home,41.72141340633053,30.57306606589829,42.239823076781185,59.789570389755276,21.049522771240692,1.1575481247296033
1649,164.9,away,60.54869827338707,30.630182352670566,41.746265767624934,60.277482015726335,21.067492577142023,1.042037537677333
1649,164.9,home,41.742997232606,30.553117821024397,42.248891569769334,59.67993420933145,20.99686264815921,0.9697334947221595
1650,165.0,away,60.601121955928036,30.624467715120215,41.863062019043376,60.09160390732361,21.067131150600204,1.009134380105008
1650,165.0,home,41.75916372802729,30.495109119339602,42.17031245539705,59.67849580674438,20.951832677402482,0.9510799593464491
1651,165.1,away,60.58709830339098,30.59746799921354,41.89372915234894,60.11203035667043,21.068443842491032,0.852196700437808
1651,165.1,home,41.67060695315741,30.51969746211533,42.39199244954722,59.47305692555464,20.962048382479807,1.1035067803595136
1652,165.2,away,60.60814274510756,30.596924438943052,41.939582133811626,60.02816082703487,21.071341218683937,0.9331895517882681
1652,165.2,home,38.74527795370423,30.41020255131673,42.52377769641636,52.62523324693532,20.13874996656127,1.458078484720134
1653,165.3,away,62.83399909825697,31.858933666982654,42.15302086434892,59.92253780081414,20.487954646038254,0.7727569891817822
1653,165.3,home,41.615956771337544,30.52950177184837,42.50015638789635,59.30602844632346,20.960501565712526,0.9739065225523427
1654,165.4,away,60.65438930262619,30.59260935873474,42.23195479104344,60.14099144866239,21.07574649362057,1.0902358044625726
1654,165.4,home,41.66329448455926,30.51533167260427,42.28794156987191,59.14430540585208,20.888979080636847,1.312096872043506
1655,165.5,away,62.97144736942674,29.257742695497292,42.095816037728675,60.22468087034568,20.357073342530224,0.9232956282204956
1655,165.5,home,41.61480248080099,30.481707570488446,42.4591576200883,58.957640962515,20.844259403187955,1.5672099341122694
1656,165.6,away,60.70732877980154,30.59686823086246,42.04050794040791,60.2236485650548,21.111294913871976,0.929927729530352
1656,165.6,home,41.634863087556695,30.474662291591923,42.36583516585499,58.93568233904632,20.782761620839157,1.214917720966039
1657,165.7,away,60.73883376024799,30.583075484486013,41.96035917368229,60.32823056519153,21.12799863554536,1.2833136603654334
1657,165.7,home,41.60337966166918,30.44786934570727,42.35745797432739,59.00882620410399,20.745964748862885,0.9571635913994592
1658,165.8,away,60.7633273781561,30.57518457339194,42.039448460026215,60.536709490917396,21.113341980021996,1.1476229670309768
1658,165.8,home,43.03106919991085,31.24440042966674,42.288272443272206,58.72935106887341,20.97720159981908,1.0216728424116976
1659,165.9,away,64.15366755369466,30.365063851869945,41.92822495905017,49.963610614518814,19.612691545491945,1.0656662863294388
1659,165.9,home,41.631785072587334,30.47338189777505,42.644425432498174,58.56546018299983,20.71958377590355,1.03784037518876
1660,166.0,away,60.69671398987031,30.553636820763995,41.72465359953811,60.83214060874069,21.13685222298746,1.048476512727187
1660,166.0,home,41.71147320611241,30.466070877077414,42.12884941624623,58.54263602007327,20.646154103158793,1.3786810830339442
1661,166.1,away,60.67633386989266,30.548126641851887,41.83928349984075,60.934192420125534,21.1891287962188,1.0345317850838853
1661,166.1,home,41.729209861081195,30.43971909447098,42.12791764487063,58.45127087395029,20.6146007478045,1.4453796779488697
1662,166.2,away,60.68013732214578,30.557585000846302,41.61516028021374,61.203596564189084,21.210456063119647,0.8558124329760312
1662,166.2,home,41.75654576674294,30.51615394147066,42.04554583523129,58.54972216294272,20.605252213390575,1.1742919750716185
1663,166.3,away,60.66382054650568,30.547380475233975,41.61729378818194,61.10804610641429,21.23307923172141,0.9782827917512479
1663,166.3,home,41.712396334048776,30.524557028135344,42.14857326799383,58.230077048416746,20.58963994378557,1.0987835442282399
1664,166.4,away,60.36610827171194,28.890581592881777,41.77961317506149,50.78337019920417,19.94114239721353,1.3652654173378154
1664,166.4,home,41.71376017406996,30.577976126748023,42.14948602807944,58.214190901065614,20.6025997262106,0.8391369939095772
1665,166.5,away,60.632506881717745,30.533333112003458,41.6117763899128,61.1116021884968,21.382556794969165,0.8727333480058665
1665,166.5,home,41.698245101444016,30.58512992040023,41.93502717770938,57.985611065900414,20.56399296465809,0.9656570383215924
1666,166.6,away,60.63900787768794,30.550383914047902,41.747978297481474,61.112483453748524,21.418089768914115,0.9141128557204816
1666,166.6,home,43.17930682224222,32.70446452023698,37.020888758677714,57.557836138178594,19.895097490935427,0.9347466493501901
1667,166.7,away,60.6268183054028,30.552852115195982,41.52802423380528,61.36220786344876,21.453205120415927,1.0838007216458694
1667,166.7,home,41.68852748113957,30.617635406425283,42.0717664722671,57.80070070716836,20.57055665485595,1.180495151305783
1668,166.8,away,60.67102784381641,30.583633098612655,41.6381215067946,61.473490204927344,21.550258502347376,1.3246912109407225
1668,166.8,home,41.69413731941841,30.630747517289322,41.86390107819421,57.735348229333255,20.47766452785377,1.0384229367474929
1669,166.9,away,60.6892866011777,30.571557471264324,41.73645669358159,61.777631814892686,21.6117999112523,1.4917901287193593
1669,166.9,home,41.676390692640105,30.661655994557563,42.06657086534315,57.85968872662293,20.460311476189894,1.0591166129051648
1670,167.0,away,60.73771302104286,30.49228604344199,41.81257754958559,61.4011458675325,21.541939606353044,0.8628149949787859
1670,167.0,home,39.6853527613948,29.18967349982575,41.93661088840113,57.95840148732482,19.97835676801024,1.103261274000993
1671,167.1,away,60.7243212526075,30.515578248351687,41.95999740706857,61.68703989723201,21.623184487665483,1.2412898215067067
1671,167.1,home,41.67282242742308,30.558551679537914,42.184479766547454,57.83316128278568,20.417334110577936,0.9874048737751856
1672,167.2,away,60.718563442647884,30.55438979569594,41.97019870946982,61.67166892384416,21.64524479640132,1.2914138261152226
1672,167.2,home,41.67373644577072,30.589764762410006,42.35121956477429,58.24671782195979,20.42410019268037,1.076136735501816
1673,167.3,away,60.695989564760296,30.516803485742038,41.95701715702414,62.094807260638646,21.701301230737407,1.1066511130021197
1673,167.3,home,41.71232845397383,30.49111340125985,42.1654529509434,58.29681455867137,20.42129663317928,1.1464938037907246
1674,167.4,away,60.67664859007566,30.569393015643936,42.261284777684295,62.23134514797913,21.71361431095176,1.0473658725445048
1674,167.4,home,41.72361760537155,30.456673533464706,42.390592008617084,58.14628552036263,20.374321317892633,1.122411534275795
1675,167.5,away,60.654313480169684,30.576418229493456,42.15889172438407,62.59196224990676,21.746058078925685,0.8552255809492554
1675,167.5,home,41.744161379621076,30.49289053534553,42.434417723513945,58.330220478542046,20.36079833207734,0.9122088875144372
1676,167.6,away,64.16266761351793,30.3608436499444,42.161409887131086,51.914424841636375,20.26676083284356,0.9328931054238028
1676,167.6,home,41.709964652759226,30.449865763913646,42.39183977152645,58.061666512832986,20.370520351610768,0.8848659591006887
1677,167.7,away,60.60831151261265,30.55330336414455,42.2759736414552,62.39176861958005,21.757996731051865,1.1971674755908897
1677,167.7,home,41.71935650102653,30.471168508619122,42.51573086911379,57.94979944231851,20.358117107533,0.8682658648224447
1678,167.8,away,60.94614856502044,29.20065933070269,42.41758254278733,62.465120474713274,22.441660517021667,1.423484029091118
1678,167.8,home,42.99209014350831,31.37899195303988,42.304008405544,57.62599129669857,20.611717129769875,1.138898842033325
1679,167.9,away,60.55357138796731,30.58132673025068,42.35975326479336,62.57415258837182,21.806484592570964,0.8753233752997146
1679,167.9,home,41.6351753775901,30.513323727818445,42.53528438776742,57.40828718461724,20.347626799196664,0.9345876025964611
1680,168.0,away,60.553171811574046,30.518819615668622,42.25168732441161,62.60411589581032,21.83536416848053,0.7953682801176563
1680,168.0,home,41.112391123968955,32.120971525160996,42.38303646737251,57.372808914020894,20.586278484163138,0.8809902573285944
1681,168.1,away,60.551139902329446,30.520744267982398,42.321111460657015,62.544501378068894,21.824661349260893,1.014750517886062
1681,168.1,home,41.629676316368126,30.571380981662927,42.45974048502192,57.202931764920095,20.283442599131437,1.0860758136444166
1682,168.2,away,62.90494568734249,31.776682295215004,42.42259762474188,62.664529492507086,21.274409970959137,0.8440065426027867
1682,168.2,home,41.65153838058233,30.626613412651963,42.507737216825035,56.90455862798366,20.215417874291152,1.2822918327557655
1683,168.3,away,60.966837209676385,29.100810985012952,42.300865490596635,62.548589771610956,22.51646731545669,1.0091206947381584
1683,168.3,home,41.637144676102054,30.72452646305345,42.43448296885665,56.85459318167171,20.27580037348452,1.1365808938058368
1684,168.4,away,60.52791208503475,30.44534269959771,42.55471034737491,62.63402554857231,21.892859445206387,1.0891417147230575
1684,168.4,home,41.70048153641783,30.667431301876732,42.46434554327175,56.89327460952881,20.280320435912483,1.0384091941778377
1685,168.5,away,60.4835673048706,30.42446683363428,42.73107575630052,62.92972558651188,21.95707020703768,1.090404720008265
1685,168.5,home,41.67733678752807,30.706939187517516,42.35821597420839,56.78818382412413,20.2239149229474,0.9700942085933568
1686,168.6,away,60.46106897788033,30.384799004812603,42.46674783525386,63.15939968109778,21.99720269352405,1.1699179476708699
1686,168.6,home,41.64956681588416,30.640737682481003,42.65109268917225,56.69251560722716,20.24020229756848,1.1348282929622704
1687,168.7,away,60.44891258791247,30.362519487642803,42.352157035420106,63.32134095901642,22.053075738670973,1.2559483777926248
1687,168.7,home,41.6665165807653,30.637530259568656,42.83939863295127,56.5293608023339,20.220681295283075,1.0608068748140371
1688,168.8,away,60.39462283559259,30.40656604170249,42.50742161049012,63.29701395058939,22.11886244587687,1.1702187758408364
1688,168.8,home,41.638228000298554,30.663415868695907,42.72347833172376,56.39974084743466,20.184432821160765,1.060723872084828
1689,168.9,away,60.36428034181222,30.514160847836386,42.62792184086802,63.455231393516286,22.149589646368938,0.986520912263239
1689,168.9,home,41.61574453628721,30.644149813593334,42.773307202793255,56.334751805539106,20.18019821090167,1.5257628713158091
1690,169.0,away,60.37149224500881,30.48407409000598,42.73508492995086,63.37840945844644,22.16316792136104,0.9168745897883235
1690,169.0,home,38.93037784741356,29.19281354689359,42.640752119002684,56.19380584385476,21.140844481187166,1.4152973402845117
1691,169.1,away,60.56258108997737,32.038354079472434,42.82632369540235,63.44212013687079,22.766426838508927,0.7216891136664242
1691,169.1,home,41.52700400870764,30.609686225585406,42.48241369042867,56.31866134587102,20.174531745941014,1.2524674968034835
1692,169.2,away,60.33804899191323,30.472529780437814,43.090040037857854,63.41448338687826,22.26966883502892,0.7153719733456289
1692,169.2,home,41.496917815694694,30.6014191250159,42.29733651814946,56.29956417875277,20.059148982450683,1.3815376598070293
1693,169.3,away,60.3078228924254,30.517853854506157,43.0036080052758,63.42236328865063,22.252750894475568,0.772593196683933
1693,169.3,home,41.419795339622105,30.617051207036738,42.43740249240004,56.18420550271615,20.0039226252797,1.0050069232580179
1694,169.4,away,58.65348227867155,29.7732485369204,43.043930366542746,63.28751773046652,22.468851748637583,1.0502825227049812
1694,169.4,home,42.68201193484666,29.861585855658383,42.21331288864389,56.10980064021752,20.383772992123948,0.9842682912968058
1695,169.5,away,60.38432235194259,30.529400663422454,43.13132962278312,63.34423404984925,22.301272504109985,1.0239816042515464
1695,169.5,home,41.471593848431155,30.641905702115242,42.046035831523,56.20741431318579,19.953545018732605,0.9837131040319304
1696,169.6,away,60.37734084756535,30.55254919768406,43.209813456910126,63.21699320943476,22.32276122439551,0.8825123403095493
1696,169.6,home,41.440684073068056,30.602175452775274,41.7573071304505,56.145529405773566,19.923217263599934,1.3133378690315396
1697,169.7,away,60.4046983555196,30.535632762512094,43.12790714979578,63.327889375380444,22.313666975157215,1.3362871775372123
1697,169.7,home,41.45431339918047,30.58545249640314,41.82052314184947,56.238011005296954,19.972963182234654,1.3132932990623989
1698,169.8,away,60.398261118323965,30.492870495176764,43.03062966272894,63.569318866014996,22.345281518948596,1.4951934538526361
1698,169.8,home,38.788413720751954,30.746030913170614,41.806759384903955,56.261831305568506,19.697238428753288,1.2577287574417855
1699,169.9,away,60.34802715818268,30.47853731398155,42.81874033904499,63.77312890839052,22.39482645245871,1.410680188298098
1699,169.9,home,41.50105748040586,30.564276849025784,42.04314651782323,56.48607653708527,19.990379735388938,1.1326161965775734
1700,170.0,away,56.64825707985034,29.306804848554854,37.07569623253639,63.84845960772574,21.822984683623204,1.1566287245042035
1700,170.0,home,41.55912037762958,30.56160829797767,42.2026312530085,56.33317321016591,19.98629210088148,0.9182146532648908
1701,170.1,away,58.60330349514921,29.762549626064725,42.53681504313271,64.00869516237532,22.56885500335149,0.7954656295062218
1701,170.1,home,41.54779420680455,30.587205002668032,42.34697522592965,56.3575627463201,20.01899597381438,0.857680032668434
1702,170.2,away,60.33869698152428,30.514418347834635,42.73895859444289,63.74855465766755,22.450301249088103,0.933696893364223
1702,170.2,home,41.47959750543787,30.56175102174733,42.38826020221254,56.14773896463857,20.016519104115922,0.9754923783708772
1703,170.3,away,60.29350532540713,30.527269128496254,42.85623862505087,63.75302165002955,22.479552685085135,1.27165190742908
1703,170.3,home,41.46677128848458,30.596230664675627,42.99251118203443,56.300323418912654,20.005821176489878,1.2614956149363403
1704,170.4,away,60.311151162458074,30.499273411157954,42.86055794695893,63.626335095261666,22.50431743238924,1.3242078332679783
1704,170.4,home,41.46301783348087,30.57772680652847,42.93747660762227,56.22893311330737,20.006090737894183,1.0017349963852167
1705,170.5,away,60.26970562142722,30.582318102389205,42.73413080779555,63.73401567486711,22.494997369085148,0.9301960779944566
1705,170.5,home,41.45631606398842,30.560569384510153,43.164053815797836,56.31319065509287,19.993662896081123,1.017945828800098
1706,170.6,away,60.19873048748914,30.557852104148626,42.61575711775319,63.878556872105854,22.50954595448264,1.140103588041718
1706,170.6,home,42.64774421648748,28.508936640167263,37.166641912761435,56.25510337068259,19.381288654108097,1.2728723479416026
1707,170.7,away,58.46417755448082,31.48136414408009,42.67432603043322,63.801016519287685,22.66743528358609,1.1486276953572698
1707,170.7,home,41.3378976866737,30.54796143960655,43.49159407877651,56.23092321386927,19.894058534736377,1.0663126064181474
1708,170.8,away,60.1912337513887,30.55511752389395,43.071115607824865,64.05906043010262,22.546316471622482,0.9555860367332607
1708,170.8,home,41.34785176361061,30.54869812611541,43.30885949634949,55.85411798421357,19.82449689870096,1.0608217710314276
1709,170.9,away,63.69652580402182,30.36084579367208,42.931841472287296,54.10587961118434,21.208791900847473,1.0489204169990622
1709,170.9,home,41.29651162261616,30.567029084701073,43.315344903715946,55.80049766524684,19.794485615933198,1.0359891817182856
1710,171.0,away,60.2065519149896,30.591104766347485,43.18015314844785,64.23007974582636,22.662099374864184,1.0259121076495477
1710,171.0,home,41.34785601834019,30.514015459283964,43.29075029389517,55.93142290771627,19.782641594751034,1.1605574976308917
1711,171.1,away,63.7263961776856,30.340451240159545,42.97521359654405,54.59168969293423,21.265785171261758,0.9876610708438193
1711,171.1,home,39.407093867745765,31.734860162564708,43.249934338108574,56.00382634746767,19.348258265271223,0.9954522207652212
1712,171.2,away,60.296833254866485,30.63065829521925,42.927658761790426,64.5156753008331,22.65318352996471,0.919136029602264
1712,171.2,home,42.544783862219845,29.799305554205876,43.17684173936497,55.85441017948905,20.129711028722205,1.3090910911591682
1713,171.3,away,60.34203189643014,30.607320090246866,42.86966578055838,64.62174399674478,22.689841392340643,1.0406983846671707
1713,171.3,home,41.246611149989874,30.610004923818828,43.405121916727026,55.68612563163073,19.759857969735844,1.2355747248653486
1714,171.4,away,60.406015043676625,30.625488247818886,43.039266817047256,64.74425695719921,22.740048798420318,1.0618740464384024
1714,171.4,home,41.23395664103404,30.637960347398344,43.39596800384771,55.571688129541975,19.73611732751268,1.1369417726786912
1715,171.5,away,60.44199918310781,30.652222717472625,43.1496451320915,64.94928106101145,22.75111598798767,0.856841077734095
1715,171.5,home,41.216852204358936,30.62344828564318,43.25106232605238,55.23523888154317,19.671656486814065,1.0879969024538996
1716,171.6,away,60.45111329456901,30.714279180689424,43.15007244080694,64.88210733993695,22.759060601009285,1.0878157000420114
1716,171.6,home,41.1989785008962,30.61540236318261,43.44505927338161,55.020041919600025,19.65616789623293,0.9686912196269741
1717,171.7,away,60.40647603750753,30.74678900893082,42.88735897169113,64.6408877071401,22.76126149159299,0.9708505245566932
1717,171.7,home,41.1961061792491,30.658855505065183,43.63545820637019,54.91896579820489,19.664289669164226,1.2022040922155262
1718,171.8,away,60.43590821014902,30.755679291249916,43.294550611358346,64.65493682876124,22.76460954392032,1.112136500061104
1718,171.8,home,41.193088014202814,30.65866996572432,43.67291501526616,55.11204642934546,19.699948125307035,0.9991179480521832
1719,171.9,away,60.41041363935165,30.790730314441632,43.27031130339182,64.53062105571931,22.774945842400747,1.0510896849333895
1719,171.9,home,39.211025860887716,29.263458094510234,43.667915625406486,54.83371214042517,19.16944383629906,1.0788107930409272
1720,172.0,away,60.345945499868,30.830994022533165,43.37851524422943,64.46195038149853,22.82607578235165,1.1501368186813519
1720,172.0,home,41.14397828494313,30.731173931127003,43.67497343197742,54.838131491809065,19.743969964012347,0.9475164419758259
1721,172.1,away,60.29136990351942,30.787713086977604,43.49823924111581,64.76519250972194,22.861016102747985,1.3172092804276454
1721,172.1,home,39.14997638360186,31.931907168642674,43.88121310230468,54.78551803137453,19.37943248031434,1.175737462669176
1722,172.2,away,60.197786572130305,30.833521571941535,43.79828744724939,64.91398780162817,22.869290831668977,1.1763923051934289
1722,172.2,home,41.113354569358926,30.676545424962054,43.79773964767984,54.82821892063034,19.746455886828475,1.3019086739218049
1723,172.3,away,60.14298191205446,30.802452554193028,43.7359759495342,64.68516432457623,22.825097589973137,1.0553894020545629
1723,172.3,home,42.34041357610352,32.95473954489246,36.94874584298131,54.56959426893606,19.002845813232863,0.9979774607256516
1724,172.4,away,60.09017103761508,30.78344663935441,43.76358955912865,64.66448920444643,22.809317463890565,0.9980673846035505
1724,172.4,home,42.297481036991485,31.634811423245708,43.96899947721337,55.07633256471946,20.010115080735744,1.1442052583579947
1725,172.5,away,62.64750788063766,29.3078477954736,43.92863807293868,64.77922482963778,22.01159946316704,1.3291506573990204
1725,172.5,home,41.0446013106583,30.70759149162963,43.85164562194314,55.14066212268048,19.77025296613598,1.2219875304848948
1726,172.6,away,60.1352077382712,30.78512730170323,44.05798243399161,64.82062625925877,22.797645156851342,1.0406537866002938
1726,172.6,home,41.01575589292909,30.722701424923518,43.45175318183538,55.407571457500666,19.75077553097429,1.2248393370645032
1727,172.7,away,58.42334806117093,33.05331516722066,36.601434906707134,64.78653911171472,22.0942013117711,1.2516122528907507
1727,172.7,home,40.99350234394485,30.7482505907965,43.44721732504229,55.26402460479409,19.760291960816176,1.2027524993968337
1728,172.8,away,62.53447472504165,31.858660107186193,43.98448214106638,64.72526924931746,22.18662369429945,1.0513241609674546
1728,172.8,home,40.89572314258298,30.667680638941633,43.150874884617124,55.20183595607068,19.683927204869875,1.0187313610983473
1729,172.9,away,60.14037535372517,30.70466136448699,43.819551232900196,64.76750178136966,22.719806490033438,0.9387218862216232
1729,172.9,home,40.88485410640504,30.702092680297426,43.50574591592942,54.94471741579175,19.699425057998074,1.0220013645645862
1730,173.0,away,58.458473704071025,28.602599934122964,38.27572072989503,64.79771814541039,22.138945225827392,1.1373467152734944
1730,173.0,home,40.9710633850297,30.630746637862913,43.503103194069254,54.8768709244839,19.682334032346887,1.0815901847305078
1731,173.1,away,60.09478566086702,30.70557646193672,43.68830048048076,64.51121083296708,22.74903744671545,0.9461420259221395
1731,173.1,home,40.930011127107555,30.691582933305043,43.34662775490083,54.86016812504343,19.67621455740117,1.3058387642725884
1732,173.2,away,60.118497911507895,30.706230816437017,43.64111971544533,64.69830719127557,22.76565784520111,1.0168075419265408
1732,173.2,home,40.86464353551331,30.708631947806225,43.35578762903441,55.1014339908528,19.703246153062317,0.8638721433402158
1733,173.3,away,60.140400352712206,30.785807435864104,43.51058691772417,64.83812746990147,22.73700479303542,0.9496860739353589
1733,173.3,home,38.940381534873985,31.854308769073544,43.163664344340894,54.87682382226133,19.33538323223376,1.045604217596551
1734,173.4,away,60.07771184383412,30.75781295204906,43.43548175206716,65.04583797736503,22.819569402043477,1.206871839739081
1734,173.4,home,38.04712866357168,30.508072058781785,43.32110651294094,46.07822408910257,18.766620932687253,1.2293989822042455
1735,173.5,away,60.07259949624895,30.7714010573997,43.492274940635674,65.06668964301186,22.865036390670426,1.1906625758852754
1735,173.5,home,40.73762142210645,29.118455903436235,43.65695331476159,54.66001028401209,19.984903584200723,1.3446035488728196
1736,173.6,away,60.08962216676812,30.706080772591903,43.58817234612476,65.15006008515404,22.894834020307655,1.0243366674965209
1736,173.6,home,40.84955348516283,30.706622298977177,43.6466014069887,54.443429019496556,19.612162704214104,1.334410055069689
1737,173.7,away,60.10049668223846,30.729988894085306,43.655549571810205,65.16365502006033,22.933106969378965,1.0807328778460465
1737,173.7,home,40.89916813663021,30.7241229155293,43.653712163823386,54.44056374563992,19.604651734674505,1.3267392952794024
1738,173.8,away,60.03895635746901,30.687146711109218,43.91091818800709,65.3954337001576,22.98670556133698,1.4674850426347448
1738,173.8,home,40.99716927857446,30.717744517196287,43.37434890277596,54.50538729451577,19.589338896590057,1.2205908767484799
1739,173.9,away,59.97424400781851,30.739676713183403,43.97120369169157,65.19593689430295,22.929826482194912,1.2018477609976912
1739,173.9,home,40.92190564785346,30.74408134607138,43.52673837499994,54.582520205306,19.5947462142608,1.117524413282874
1740,174.0,away,60.004232425703464,30.740660919748635,43.90982210106578,65.58228886628643,22.938154917981127,1.0082295389101021
1740,174.0,home,40.96787419234648,30.685943311881932,43.5400903724625,54.326430306529446,19.563429550776053,1.1864187059027922
1741,174.1,away,59.991842590490435,30.78398196957802,43.91507790800958,65.41155240493842,22.902073045046443,1.0473865610797224
1741,174.1,home,41.0309029132423,30.71609839908955,43.553877904871136,54.44385764480737,19.54445049559169,0.9980334464151195
1742,174.2,away,59.94168008870767,30.71590425910315,44.10735357785329,65.3215159347256,22.970040103525115,1.0230761938591995
1742,174.2,home,41.024145792472794,30.740981181745482,43.83490843264717,54.30083447190965,19.558841928875964,0.9612818568167026
1743,174.3,away,63.326507727680074,30.534039642485748,44.2689443242523,56.47531154617531,21.703972911123195,1.0559510421263822
1743,174.3,home,43.68958447728168,30.773468594245436,43.827448465637566,41.29979052118865,18.6413871065662,0.8506553704762739
1744,174.4,away,59.85273383492058,30.722242528124056,44.017039779645295,65.10076528492245,22.91644744489684,1.2091827498888612
1744,174.4,home,41.076216087083225,30.74682450611375,43.73266179255135,54.398630281942374,19.592505738923304,0.9987355540287948
1745,174.5,away,59.830978291716065,30.785124648493923,43.98658627266793,65.28987130328736,22.986180791767698,1.195605284777404
1745,174.5,home,41.110987679011025,30.745433244138326,43.91537794551225,54.38781456542869,19.657908906954027,0.8461121414014962
1746,174.6,away,59.834425501861,30.766673584081037,43.9366844677825,65.30110166408255,22.980544179443964,0.8631077743161597
1746,174.6,home,41.07115409181652,30.747250387326645,44.031191696939835,54.339826438305124,19.668470242571672,1.243280328484203
1747,174.7,away,59.78338891182775,30.80421100890337,43.93888206125704,65.4762395180979,22.997907980737903,1.0139679836411335
1747,174.7,home,40.998577781240435,30.812688067067665,44.18828931463733,54.200688851433355,19.648289649994524,1.1299493266966107
1748,174.8,away,59.81383982924642,30.72980239552761,44.12011078518542,65.38428596680633,23.042374386977507,1.1055028404082439
1748,174.8,home,40.97352874633783,30.77714452965446,44.26288458595801,54.258451314731225,19.73490177253674,0.8986526622279617
1749,174.9,away,58.196118239395176,28.70289140955997,39.082320687912265,65.01397290208048,22.447103482739173,1.1249530674807962
1749,174.9,home,42.047307471092125,28.437750247044818,38.953540230322616,54.50850792934308,20.946335505561624,1.0511373569799627
1750,175.0,away,59.83158720965646,30.767374757930483,44.24219751030344,64.81388798936112,23.023307291904068,1.1075739322723825
1750,175.0,home,42.013410647378954,31.802188326820623,44.173903559681875,54.384960115763676,20.012298601503822,1.166369594299172
1751,175.1,away,59.80952784414371,30.775609536545122,44.264923657941424,64.98299944555066,23.038061359487077,0.9584321240541456
1751,175.1,home,40.793900020076315,30.771011246475055,43.9381454147193,54.38433331825281,19.696494023998874,0.8804936326371569
1752,175.2,away,59.78699044153763,30.81850331684408,44.191569843157666,65.0594706202973,23.060662896707104,1.17386544126763
1752,175.2,home,40.76912929319048,30.802440051478026,43.908814243850344,54.243560223770835,19.634462068395752,1.1816753038448915
1753,175.3,away,59.75811090215297,30.925109618515766,44.272844557495056,65.18322768088204,23.009862991055943,1.322335986941033
1753,175.3,home,38.80726171093475,31.96391685087418,43.854511420796385,54.44859543774375,19.329250926771046,1.268960605277746
1754,175.4,away,59.72683016987348,30.949476644930076,44.25272640010664,64.95719175702115,23.01785544021896,1.656820696580162
1754,175.4,home,40.66610985475413,30.78430614684114,43.71381868018005,54.25157850214002,19.669442336217347,1.0326023842983394
1755,175.5,away,59.6698636279958,31.031042387230777,44.44451855352881,64.73244200909488,23.003416845875126,1.035147335537088
1755,175.5,home,40.62020143100254,30.77170967032815,44.01540832967489,54.16399074965703,19.723303784170174,1.019601221005041
1756,175.6,away,59.67985993737616,31.01365553702482,44.17148333373136,64.68659509335312,22.979103092851958,0.9436238242872499
1756,175.6,home,41.78518192724259,33.079573002692726,36.10427617197818,54.24490849246509,18.95065798340992,0.8198155818062768
1757,175.7,away,58.11309957007812,29.010531386260148,38.94777472375457,64.65983912555515,22.47119057339996,1.0396734419189828
1757,175.7,home,40.62388800598314,30.801845568336276,44.027959631366215,54.14779046160326,19.751354816095876,1.2966862234133603
1758,175.8,away,57.905435254459654,32.090017986256065,43.92737975090351,65.03619456650469,23.061161547413356,1.191838887165358
1758,175.8,home,40.58600440026591,30.890302272988325,43.842036834056216,53.79902683405262,19.653252488056612,1.332745384318252
1759,175.9,away,57.82509086813933,33.36061844519672,36.15478364263692,65.2317109385923,22.184770708530067,1.2175779248604586
1759,175.9,home,40.54112967081373,30.970335955296875,44.09816921856452,53.76744059584823,19.668802071342853,1.150726641501299
1760,176.0,away,59.531676018402806,31.060931202375784,43.914789839418575,65.16315217684154,22.982977253499715,1.1893716910697771
1760,176.0,home,40.61288601240074,30.996819371832135,44.25605789702926,53.83169700202626,19.666464794466176,0.7981491723053888
1761,176.1,away,59.52844312691402,31.064256891822573,44.04060840573212,65.12202863287406,22.995547874931653,1.1914791508209126
1761,176.1,home,40.60077333395148,30.968333148542126,44.35082031814098,53.8053290221917,19.721167574014654,0.9836749723266965
1762,176.2,away,59.48085489734067,31.0168600449083,44.13503026976529,65.20155590820461,23.06577594316517,0.9885383385475781
1762,176.2,home,40.59158832141949,31.016082458497625,44.52290135627756,53.70395167645745,19.679532850332734,1.2192528276670531
1763,176.3,away,59.53629419515774,30.941973553375462,44.249184374936675,65.01663049484864,23.063057716222843,0.8783120615548743
1763,176.3,home,40.3121750005558,31.073681651260518,44.65152825272884,54.051675450070086,21.41424682605858,1.3794019737876058
1764,176.4,away,61.93395739213652,32.08465010875313,44.142825641246915,65.0632931757169,22.527866386513303,1.0567828277068854
1764,176.4,home,40.56937668857147,31.13806260307374,44.714017273267466,54.09917420515532,19.720253572026053,0.9952180339638413
1765,176.5,away,56.269227671346265,31.00527199620164,44.28483229835783,51.654737368469114,21.86581396125431,1.0884933219838069
1765,176.5,home,40.55465780113706,31.09286337586913,44.74364499412245,53.97553560163989,19.725384287768357,1.1752956874554943
1766,176.6,away,59.420745858674145,30.996085261153816,44.27127906233019,65.17466646966501,23.089325145263597,1.0038759651541522
1766,176.6,home,40.509462328433784,31.073620619693337,44.61613139851696,54.02269719213278,19.663821402638586,1.1174905551667875
1767,176.7,away,59.426001350088434,30.97640563390031,44.607318879127774,64.84327978715122,23.08251347088049,0.7443188090589582
1767,176.7,home,43.030169270829425,31.1504997695371,44.438780970064606,42.93781580396544,18.874848354377633,1.2692636244071243
1768,176.8,away,59.446641562332665,31.00136022943276,44.58923734534211,65.04486696208077,23.11883343903823,0.9817423322766523
1768,176.8,home,40.555042128565034,31.078788963347314,44.349031053552295,54.33623370274419,19.644025721859432,1.2678244637291527
1769,176.9,away,59.45321684263727,31.043870478488998,44.71969023914013,64.95358415963557,23.10251310690052,1.02120170133129
1769,176.9,home,40.53885738860124,31.05327562965564,44.34262318470844,54.639018650814876,19.657171881419917,0.9256451314872362
1770,177.0,away,56.27364219821159,31.14961070561596,44.8619009931168,51.751095176967866,21.892101631066264,1.1044993066658515
1770,177.0,home,40.14652236270845,32.58580262318084,44.272025442747676,54.59704431909563,20.005366496360363,0.779582937304877
1771,177.1,away,59.471698323937,31.066034143928622,44.75125622910238,64.81061148058498,23.056943011256944,0.9536410140636157
1771,177.1,home,40.49570121894384,31.135021923523926,44.42953518373362,54.5518719705572,19.667316281646404,1.2664020590610567
1772,177.2,away,54.25799964089554,28.866482953043626,39.67011562994463,51.58541778843665,21.04980202786012,0.8006876177796676
1772,177.2,home,40.50878468302999,31.098906304999012,44.44891819615729,54.57650819876464,19.63049881431122,1.3585547941150427
1773,177.3,away,59.480596643633454,31.097650224463504,44.62095870871069,64.6629835565914,23.020425584073966,0.808418599365475
1773,177.3,home,40.49506509765654,31.130170434914735,44.337803930206675,54.4108501199463,19.58480357635546,0.9910136229280352
1774,177.4,away,59.45317191910856,31.13506589777469,44.46964170146746,64.58005190703176,23.022710074431597,1.11536129098687
1774,177.4,home,41.696635750857055,32.172854585558746,44.40897232714132,54.61795248611942,19.882868249479344,0.8574837594106617
1775,177.5,away,59.3955291361091,31.12576625129399,44.52433842261455,64.67950925270077,23.03026877889639,0.9682147223706502
1775,177.5,home,40.53518989370536,31.246390194004082,44.51189681328625,54.827509290310054,19.66023328870977,1.2283579891140268
1776,177.6,away,57.498863038823835,33.458339508902256,36.1504888902937,64.86471931140741,22.125917533909245,1.101446739607214
1776,177.6,home,40.42924588385335,31.261222993741594,44.94994709952228,54.951861482798705,19.743900378609634,1.4384308826500396
1777,177.7,away,59.293163824864365,31.137300894969766,44.40228208789194,64.63529722185592,23.010230621338525,1.3020811169009425
1777,177.7,home,40.39584425300549,31.198028581695613,44.95878739648899,54.92319895034319,19.736962407148205,1.1129162995428608
1778,177.8,away,62.595707561777374,30.90283348570863,44.57287916217865,56.24807561005008,21.964101998475066,1.347344478962571
1778,177.8,home,40.396110798135716,31.202089034149104,44.99882536295868,54.86864456086315,19.78090442496132,1.325716212476153
1779,177.9,away,59.27657363709181,31.07347463394609,44.344744953179436,64.71335759453716,23.040592178640733,1.3365102239483704
1779,177.9,home,40.42100420790898,31.190709310755143,45.15850175260741,55.08792978968994,19.8784222033438,0.8966717939171314
1780,178.0,away,59.31173056499691,31.075153385290413,44.22882308790345,64.59099082557326,23.018671013231963,1.4637140163820845
1780,178.0,home,40.40202363421468,31.172256511986788,44.99918140215139,55.18142160720034,19.816225704640303,0.8012791474162966
1781,178.1,away,59.291269578182316,31.12602343328982,44.560190422227926,64.7422214697759,22.99810491035744,1.2363850911338097
1781,178.1,home,40.38768348195489,31.130399375550454,45.17691336594849,55.41776510471942,19.870705297380116,1.0213192133711804
1782,178.2,away,59.3082291718681,31.13935519510484,44.9315809824841,65.07779839092916,23.053471698936697,1.0974227727526675
1782,178.2,home,40.379436979681536,31.064696208188106,45.318308192539085,55.31672630493409,19.88237887417853,1.0213572385303638
1783,178.3,away,59.282937107095975,31.152199774241765,45.15468592201197,64.99305270658255,23.055330854716825,0.9635078097672044
1783,178.3,home,40.34641590637229,31.097322346200443,45.40257493946926,55.31209699025964,19.913798146778763,1.0835368246587638
1784,178.4,away,59.24333143166553,31.132838273600665,45.103963833202236,64.88124241598214,23.010286962523853,0.933289455759205
1784,178.4,home,40.294443478009356,31.08664320206361,45.376692839464624,55.26027729900766,19.935824729439446,0.8887009137881051
1785,178.5,away,59.21529274966443,31.19021996020592,45.31952734467389,65.13163594692328,23.04774213455009,0.9806625290060826
1785,178.5,home,40.33413445385093,31.13909859008625,45.34878854487234,55.10228745310077,19.961428898576912,1.2081795865780618
1786,178.6,away,59.23716515871963,31.208515066869964,45.28123535970779,65.099731286434,23.05095044648272,1.137065368891701
1786,178.6,home,40.33068390513494,31.184316591980824,45.159105508683915,55.148073429545285,19.981324417456054,1.1375766130610854
1787,178.7,away,59.18807186195045,31.198681062221723,45.267208430569546,64.91208868189858,23.055682606423776,0.8591103854765278
1787,178.7,home,40.33563211812151,31.205422483877882,45.30267118510622,55.13845648825363,19.97159344765062,0.8511020403980271
1788,178.8,away,59.18162814281313,31.23911310953991,45.49846004228589,64.7486381046882,23.025640365155013,1.2107851739110564
1788,178.8,home,40.25891971732903,31.21219654351936,45.408621381424524,55.11581543009534,19.97163072718092,1.0890267025874598
1789,178.9,away,59.1500120128027,31.23535884269894,45.56947236065477,64.60945876863669,22.984273085061226,1.0465485746176872
1789,178.9,home,40.22068431277375,31.20129895743257,45.53246604763681,55.13034043948449,20.038236205740347,1.154150773615102
1790,179.0,away,59.149338789763874,31.250882220627272,45.33954814073631,64.47570683838804,22.957495943406045,1.1116411822007566
1790,179.0,home,40.18160712966321,31.1924070607212,45.5492952740517,54.89243424999665,20.028668483228614,0.9608516312995175
1791,179.1,away,59.17408189740791,31.19727159731663,44.88291422798878,64.17814143489862,22.895615270324377,1.2729041987220737
1791,179.1,home,40.16205574107096,31.263677459400082,45.43654738423433,54.87817335791928,20.042490798129162,0.9134135053803859
1792,179.2,away,59.16808824108382,31.2103193424482,44.72274085221912,63.908545001174005,22.817312010609882,1.461383798186214
1792,179.2,home,40.023655694331964,29.68204671695874,45.378402023417884,55.06209550071669,20.432960265702707,0.8198705411402057
1793,179.3,away,59.17337694512964,31.241084094142582,44.91561712948082,63.87897691150807,22.787760169633,1.3581569686088817
1793,179.3,home,40.18398657937447,31.223327628031985,45.41371285175963,55.13147770131081,20.035042075712383,1.15662548448799
1794,179.4,away,57.572257018605114,32.24171011437761,44.71572753056259,63.745805889845784,22.79911036595579,0.9435926827805801
1794,179.4,home,40.19027324533911,31.235678164678088,45.103611072246395,55.5275539257853,20.001658185263587,1.1563110152370268
1795,179.5,away,59.742492386198045,32.76038920518272,44.585559741665946,63.53036827806059,23.215330330914945,0.8578697794383933
1795,179.5,home,40.1750039331933,31.222376547244483,45.055155431222126,55.65146564559358,20.04167776454464,1.164386481924485
1796,179.6,away,59.203154116696005,31.274928282987688,44.65963421955609,63.557997151027486,22.618293308980597,0.9355560996652894
1796,179.6,home,40.14039120541766,31.228610495186423,44.794320179674536,55.604078340304945,20.049781497957806,1.0474600240197989
1797,179.7,away,59.16213091415145,31.27705925087465,44.74006896273167,63.57539678237593,22.596885012464124,1.1857184879862548
1797,179.7,home,40.11947297166438,31.264363177292896,44.61720083944505,55.716770720110325,20.044369432739522,1.0400939420140494
1798,179.8,away,59.13683637307744,31.262989512548533,44.59201145618434,63.861764497501916,22.59990461026628,0.9131596565402834
1798,179.8,home,40.14028826362977,31.304577221398006,44.652306433866755,55.88861536813606,20.075818142277623,1.1535495963760765
1799,179.9,away,59.125950051596426,31.239023026407562,44.78860777425353,64.01791177057075,22.62229517028042,0.8015823827361324
1799,179.9,home,40.08680846678177,31.338863954158207,44.519835550875285,55.987513240907596,20.120669675620533,1.3448419945801067
1800,180.0,away,59.087836661388565,31.283777858911627,44.98711779036333,64.07612046724068,22.626997517046505,0.8805562410554966
1800,180.0,home,40.042313665956506,31.35376863259836,44.79700372872118,56.08089728476226,20.188265663712034,1.1835915102685706
1801,180.1,away,59.1119907779314,31.30058262947413,44.94633510105593,64.20688872565854,22.61444280274098,0.8678125928732108
1801,180.1,home,39.889396076863754,29.729771902882145,44.73968794519443,55.73495676042999,20.442995024566375,1.0096424908425712
1802,180.2,away,57.68674935252079,29.224501978527776,40.267996952828476,63.99446741205554,22.1447764169294,1.152063852979524
1802,180.2,home,40.03336328286996,31.39406758838007,44.807152117392654,55.64371469311819,20.177352026804936,1.3928122176383115
1803,180.3,away,59.1456873766794,31.335047287749134,44.99765428245154,63.96396558514941,22.61718140853898,1.3292468969862676
1803,180.3,home,40.022096455816474,31.356253971933516,45.26355406226806,55.699830579695984,20.23110574530744,1.1916958536494109
1804,180.4,away,59.09862071274922,31.32657642243305,45.22159060239829,63.749608023255945,22.59700618422148,1.3015524243806527
1804,180.4,home,39.780105638140185,31.2172987370545,45.580402088600465,55.764032928068296,22.057455685286804,1.247275686476296
1805,180.5,away,61.38792727082655,29.865227213721642,45.137185789017195,63.750318593513825,22.030364947409133,1.3020999952766035
1805,180.5,home,39.74461579048467,31.22586338414036,45.843176406662764,55.73442623527932,22.096886308188452,1.0623433386520926
1806,180.6,away,59.032966596851956,31.343877070455417,45.2756877062318,63.704996861989585,22.58015427249885,1.2249045636333287
1806,180.6,home,39.93798853775074,31.34759157300307,45.90897543644255,55.774126229962235,20.341079973004206,0.6847221492115133
1807,180.7,away,58.98056613697131,31.38820638866149,45.28989677073415,63.53437997770597,22.520183363235937,1.1609206266094432
1807,180.7,home,42.41370891993739,31.50501655293766,45.774214974505185,46.75069515993087,19.795690931249485,1.0572669536759995
1808,180.8,away,62.00892552936178,31.20812520230195,45.37508653206563,56.17011143880724,21.568598692902846,1.0735441168059014
1808,180.8,home,39.99866929321809,31.40221938211715,45.988063289080344,55.89050243927606,20.383939136469927,1.094168932765486
1809,180.9,away,58.830843317619134,31.390665186929436,45.34215215513407,63.09779751565259,22.448680230408872,1.3235875360643155
1809,180.9,home,40.02472520580849,31.3706302345386,45.98944598221473,56.15778850402486,20.38473953744733,1.2345588104991312
1810,181.0,away,58.754574467061154,31.442203604143216,45.467073276885756,62.903412353783146,22.417957594620287,1.1911143374479838
1810,181.0,home,39.993906135265185,31.39083361396965,46.05010227869171,56.522501618336996,20.513753352514588,1.1980517441900376
1811,181.1,away,58.704061135929685,31.434098209515046,45.92966896621853,63.02339958270547,22.462473631561913,1.404485118674925
1811,181.1,home,40.97711352097511,33.93323269859689,36.22463069619647,56.803244679077665,21.810818897313805,1.3614053335919702
1812,181.2,away,58.57832442991575,31.46350793847704,45.99559874255681,63.17894957071606,22.49754724146837,1.0559194310320328
1812,181.2,home,39.81768413369876,31.357869157615024,45.798663674056115,57.03721886363485,20.546954217676557,0.9786945570275939
1813,181.3,away,58.561879660504566,31.496112281811826,45.90197764418067,63.19451385246971,22.448295053797757,1.029055008324988
1813,181.3,home,39.86284148239623,31.400521500505263,45.81746862632827,57.01108464762899,20.524070422220603,0.9254323875119407
1814,181.4,away,58.54869873161213,31.515583016625794,46.234073560306506,63.09363293873358,22.489932240924357,1.1866513660019742
1814,181.4,home,39.835880208514226,31.39860138401693,45.745622008132734,57.10760389225668,20.492439245417675,0.9613034126549777
1815,181.5,away,58.584930405933534,31.506774706256998,45.77345888785976,63.24800922152136,22.419583102892503,1.278247256006793
1815,181.5,home,37.767204935607424,32.541495762251984,45.78370470247239,57.37143267781503,20.095803180067314,0.927372404522106
1816,181.6,away,58.580909205756164,31.490972980322102,45.87384435336895,63.041398887076724,22.388400321571307,1.0979796663957813
1816,181.6,home,39.762671598980916,31.433819730169148,45.803553188419635,57.334188836311164,20.531740419476662,0.8300750850600871
1817,181.7,away,58.558607997741184,31.51809953671997,46.085376044840864,62.99927903439102,22.374297005774043,1.2000987022767298
1817,181.7,home,39.74315792118818,31.444772196158837,45.6531169197248,57.26003880749148,20.48862469590769,0.9330902961851741
1818,181.8,away,58.538147141472315,31.53947592150495,46.17818835274697,62.81309006637095,22.363400127339528,1.3708040919873667
1818,181.8,home,39.728016982142115,31.474302193760483,45.68746748899149,57.08190673974032,20.47431768182237,0.7117628380067245
1819,181.9,away,58.54741536875037,31.456925923848477,46.16973214935323,62.734652500917434,22.347931063410776,1.1808728940093016
1819,181.9,home,39.70758690987552,31.466865361210285,45.567684730044185,57.23421285492035,20.42245179704871,1.1857075076503445
1820,182.0,away,58.51760955225702,31.478810244119607,45.94443618783838,62.6020805955151,22.260102512126547,1.446690590753714
1820,182.0,home,37.58667698785115,32.50289722514301,45.74368939625002,46.4208126142338,19.563805210298685,1.1527553416909442
1821,182.1,away,58.5572458679266,31.485293101105356,45.727424282297946,62.57301778780021,22.216235331910795,0.9957809430800566
1821,182.1,home,39.68693277293603,31.544815399539573,45.885483052373814,57.06077634442873,20.445229803941167,1.0963515478136017
1822,182.2,away,58.528775235694496,31.44827893099836,45.78999503386024,62.8325273739696,22.271075377578605,1.1761239929965783
1822,182.2,home,39.63648060120901,31.580912937418155,45.892022588362025,57.2693811861364,20.485197708876566,1.193016131354594
1823,182.3,away,58.5170490659496,31.453191090808335,45.48218939865337,62.816595917320385,22.20523859851519,1.0882591632666854
1823,182.3,home,39.5689313392452,31.64611206689093,45.77164971882347,57.2340024280761,20.509004723657313,1.245700063744562
1824,182.4,away,58.40920524986587,31.442073075285954,45.61531141004321,62.64516648596823,22.184093726664916,1.2700059680569664
1824,182.4,home,40.80590073058587,32.638588323614215,45.8570212698406,57.284357057570794,20.78900659821995,1.1336677708590328
1825,182.5,away,58.32615135706774,31.44733919134044,45.62621132329627,62.714825814814574,22.18498327325921,0.8812504645617281
1825,182.5,home,39.56179293083861,31.608471811408677,45.96260337851712,57.20905119751259,20.601925993862043,0.956772919783105
1826,182.6,away,58.362826438704246,31.400940404060403,45.48259441797181,62.74320937273119,22.152038001179392,1.020986155831463
1826,182.6,home,39.58224587571382,31.554737970503517,46.0534152087576,57.442643190539094,20.60876918603789,0.908273721876154
1827,182.7,away,58.3880749125055,31.451098772399476,45.32823570228673,62.742071830738,22.12744350808813,1.2065356914073446
1827,182.7,home,39.52533577329334,31.582217844924482,45.82992622338085,57.688369364142865,20.65178382515772,1.1266064622308232
1828,182.8,away,58.330577390078695,31.491391197186974,45.404464294185814,62.730172495356456,22.09745765625665,1.1027078171998637
1828,182.8,home,39.53057562280989,31.60203450186201,45.7840882673707,57.87396596663599,20.66253960303464,1.3670846838200434
1829,182.9,away,55.12010053099355,31.75586283309135,45.32221053844677,47.45012824622316,20.66665098120379,1.1800303952539029
1829,182.9,home,39.42039021072718,31.58478537257954,45.80913806196802,57.681888903210044,20.658345727820848,1.5556826902240104
1830,183.0,away,58.258984709630425,31.55991505229679,45.63586557510851,62.59176243649253,22.072039881158926,1.4964846689896099
1830,183.0,home,39.42966242545945,31.608655534596043,45.78414693797407,57.75631275224483,20.632601540187423,1.4182738815724987
1831,183.1,away,58.27260283998393,31.5272428382758,45.80892849061911,61.894555382728285,21.92206897758912,1.626269806578996
1831,183.1,home,39.39554718879539,31.602374380892115,45.68362661644072,57.66996736693677,20.65461545167562,1.1120113984415254
1832,183.2,away,58.218595017378476,31.429191324365693,46.070934725916,61.892096357704006,21.909700118003467,1.1587348069092818
1832,183.2,home,39.42461154308749,31.59172471845753,45.634375452576386,57.880910456206664,20.691238000768745,0.9588422669865114
1833,183.3,away,56.86592864432946,29.268357071316768,40.23690642840455,61.60013176953318,21.33604698108852,1.0282595296469164
1833,183.3,home,39.38337922079588,31.5689945960253,45.61615196290849,58.06353049496254,20.707380386015885,0.7649989210577441
1834,183.4,away,58.2149051013837,31.499903823344496,46.10373303820603,61.5476610887672,21.850053489544077,1.0188307747362764
1834,183.4,home,39.348739298614646,31.604481244896682,45.541082763805676,57.90532965783825,20.682570426898085,1.2169715496260405
1835,183.5,away,58.14433582817091,31.498393609424454,46.21440260401317,61.33587592432884,21.833969251254,1.3624151361817238
1835,183.5,home,39.27498086520054,31.67248233908052,45.54108732419845,57.77924432815768,20.6965099872845,0.9938318699122921
1836,183.6,away,58.08953685212575,31.437418113083492,46.545931140796284,61.36956177547817,21.870210064786512,1.3648342181413542
1836,183.6,home,39.306235486481675,31.586147217917247,45.578989378382275,57.72043339560564,20.708857882149946,1.2466967763826127
1837,183.7,away,58.07605546029058,31.463666258902947,46.57213299806287,61.063007622638935,21.787864522425966,1.3942721221362022
1837,183.7,home,39.23739290366646,31.518013960844538,45.47279673381348,57.670273764210265,20.73386739375255,1.5588296566680204
1838,183.8,away,56.4796545428038,33.80138808954018,36.36027924048427,60.9229331341973,20.70157746507632,3.5664749011293795
1838,183.8,home,39.363665091706594,31.577611467759528,45.3750836688497,57.925027303738794,20.706909243555643,3.747406445113242
1839,183.9,away,58.76850183769634,31.413209626271684,46.67096926918847,60.62131207170516,21.714872607690197,6.07402005932185
1839,183.9,home,39.94678391790583,31.58795749740226,45.61782389228156,57.9963211551873,20.765259368465397,6.15631827322901
1840,184.0,away,59.34703777205986,31.480265566017884,46.56811912475111,60.77639433281743,21.692338557798593,6.014214845581497
1840,184.0,home,41.796761209732786,33.96441609717772,35.92704841606146,58.16710086378104,20.081015071946805,6.1705727078062536
1841,184.1,away,59.954681402667454,31.542297280863544,46.356188132720085,60.74867471845096,21.653583408213134,6.003644426210482
1841,184.1,home,42.45656162767629,32.510001150040885,45.90749802682544,58.24801894914873,21.13942245552612,5.9311152013165
1842,184.2,away,61.01425182977666,32.91225373862346,46.34788950702974,60.84776708921163,22.20812942316963,6.29746788445314
1842,184.2,home,41.67707042839192,31.571922029969656,45.958514156180414,58.118419950374395,20.943689469667763,6.165511216679743
1843,184.3,away,61.14797626943014,31.497931906189805,46.198270615852735,60.49747328178678,21.60039957599452,6.171092996993838
1843,184.3,home,42.149228457642145,31.43509785486708,46.00331705635693,58.2651436840443,22.817712913522325,6.100534685486775
1844,184.4,away,61.7501306147888,31.541319103365485,46.10014838148895,60.53815360723826,21.61795723470783,6.3678427604354315
1844,184.4,home,42.84108210287311,31.594044194901596,46.19635710105513,58.42104287138042,20.988097194249914,5.836124638930769
1845,184.5,away,62.41260815517568,31.562940893515986,46.1028585371013,60.510758188676284,21.585874283167218,6.448114544035155
1845,184.5,home,43.45655586343812,31.65073558912314,46.20493381205325,58.66368403417647,21.035281209172616,6.1035285262632435
1846,184.6,away,65.99837427231923,31.557868922793453,45.8188569055864,53.1882994947683,20.706145274358178,6.202348867314003
1846,184.6,home,43.88371334112829,33.130285452478134,46.37781153802766,58.975550807974926,21.65007954859837,6.367753568921929
1847,184.7,away,63.58784055243179,31.671559374963905,46.07464928100431,61.09572207842777,21.648271320908943,3.3629850459262456
1847,184.7,home,44.65830615437592,31.65485982532667,46.360205811688495,59.165891661105945,21.131619172687238,3.775984006469196
1848,184.8,away,63.658500859560284,31.634058514266815,46.05509303906353,60.553614653324374,21.588703899927125,1.2966795400521374
1848,184.8,home,44.51602253486162,29.998593486045934,46.28040755814821,59.19096355725799,21.592473599983194,1.4536550207110654
1849,184.9,away,63.625135666762596,31.65726423017695,46.066132737699576,60.694109277523715,21.5693598327358,1.0734161180791781
1849,184.9,home,44.76110474562208,31.661223720484124,46.22676600480442,59.496992646156784,21.27051153694633,0.8320064930989433
1850,185.0,away,63.60165391075441,31.66154781980869,46.237035328434764,60.67893297345404,21.623494610634733,0.7542982909310609
1850,185.0,home,41.36094333639535,31.63595487376562,46.45215547051995,48.81562322484049,19.874960077934176,1.0249628722642954
1851,185.1,away,63.6280841251828,31.684799163827666,46.33300212859215,60.24066939736467,21.60487579339274,0.8515396200241248
1851,185.1,home,44.75015380420935,31.73949894362863,46.29927676232246,59.763260626675276,21.303565264426933,1.2265694582936537
1852,185.2,away,63.593980298074705,31.700571653536812,46.445522112382164,60.248486131755584,21.577530600119086,1.1571146304205024
1852,185.2,home,46.22708088509924,30.977633184846763,46.34272928214983,59.97533084455904,21.697126250137963,0.9227311489528047
1853,185.3,away,63.57346479023841,31.68948335260472,46.340841546290115,60.491985065024366,21.550911915580595,1.2611247245222554
1853,185.3,home,44.09025245128243,30.52855969511519,40.85791659811406,59.96867100648903,20.32535886609439,0.7751274987778994
1854,185.4,away,64.0769876185361,31.569379824343503,46.32492445112561,60.01104564864437,22.996556843854613,1.1509181511032236
1854,185.4,home,44.72090788674951,31.683809778180184,46.45125875824356,59.949718709546616,21.338998567214084,0.8762037879297974
1855,185.5,away,63.49270245625985,31.661388650577525,46.50778654727716,59.83087990712415,21.44157467997131,1.0376180354099123
1855,185.5,home,44.66414917198108,31.719713363991477,46.675153483430876,59.95538823407537,21.37337880970409,0.964037933696563
1856,185.6,away,63.476089342540554,31.668378161746556,46.55534181664411,59.77330931236099,21.404011709989003,0.9608738400247028
1856,185.6,home,44.64296903162036,31.766363746905242,46.550538337341344,59.90290100444571,21.37671923961031,1.0374662653516389
1857,185.7,away,63.44708833493303,31.66567936841471,46.67618658907006,59.397120515122594,21.363655593825715,1.2703756196469786
1857,185.7,home,44.58212482991262,31.78026751891488,46.8662852613001,59.82201628677282,21.41421274924882,1.1015193920720403
1858,185.8,away,63.42555693580421,31.570795263610606,46.70414013209178,59.03810900197742,21.31274906792291,1.2935038578649898
1858,185.8,home,44.54209969502794,31.807282732894645,46.892186046014466,59.899871140903954,21.407832418892436,0.8912323238305593
1859,185.9,away,63.398832691976956,31.600295097279208,46.65705692116137,58.93485682615242,21.324618326351825,0.989214464745529
1859,185.9,home,44.497247493612456,31.814246604849995,46.69368947099528,59.74158822815168,21.397033939927148,1.0742972277416007
1860,186.0,away,63.36615362798538,31.58376483526679,46.33947730411759,59.08725776272422,21.2881956587656,0.9097782156538411
1860,186.0,home,47.07724782291517,32.068002441277095,46.7716695249998,49.671068064951996,20.89614792854469,1.0101452130158648
1861,186.1,away,63.41110181451186,31.593044769791614,46.302336336999545,58.76003209332521,21.255176056634728,1.3170000631406626
1861,186.1,home,44.426873793203306,31.859125136415685,46.87964124720518,59.912037014028826,21.422662830830067,1.0861322357770795
1862,186.2,away,63.43975060484109,31.608997370595308,46.37208314505806,58.535078610041786,21.145579380293245,1.0716974571757887
1862,186.2,home,44.41529043082157,31.892552268356532,46.72865735262814,60.08500020257547,21.456147669826308,1.1103280367360844
1863,186.3,away,63.44643866513105,31.606112507766536,46.198752720646894,58.76032617363527,21.131448091278045,1.289434420957025
1863,186.3,home,44.397601306317505,31.89880562116933,46.54160184482155,60.201332740394804,21.540257176221846,1.3937313165874992
1864,186.4,away,63.98978328991308,31.548372840079516,46.074215897858615,58.72349537360308,22.646145610419158,1.1821502940984825
1864,186.4,home,44.03405973851086,30.2214551387582,46.55394773186799,60.488927268717475,22.065357542531082,1.2417165612347683
1865,186.5,away,62.34807634763753,35.82261943353214,33.779562150381246,58.64824511585127,20.41817128183011,0.9941054329340093
1865,186.5,home,44.35554479494115,31.872687249828417,46.53371885409578,60.62402760976326,21.595660060611717,0.9357060311498739
1866,186.6,away,63.38703494821038,31.616184907524598,46.09182093523105,58.55932006755544,21.10128976309278,0.9712623749461375
1866,186.6,home,44.414429523556116,31.835123325331832,46.712986083962264,60.68943576852607,21.633446293543475,0.9887644973830191
1867,186.7,away,63.44651500174633,31.739422990441405,45.731231678345814,58.76335178259156,21.082565392512855,1.4107725573283754
1867,186.7,home,44.433519190067194,31.84956019269794,46.64121742759767,61.010894271240915,21.67620767046141,1.1651495733831914
1868,186.8,away,63.441691273440256,31.797943456051836,45.546103461965906,58.65569517772466,21.01562453958909,1.261691855290824
1868,186.8,home,46.01187417713877,32.836249875510745,46.831191291412175,61.148470076452114,21.89601965512778,1.0580113483656741
1869,186.9,away,63.422468841595645,31.829022018609614,45.82627049851049,58.18626675844419,20.935895105652946,1.3946203418663434
1869,186.9,home,44.478227573519185,31.84556052068442,46.5771190330434,61.25134291425839,21.707107736923383,1.0714935890160755
1870,187.0,away,63.383505819754525,31.88468597886039,45.89693315804153,58.1540713638691,20.864490614067066,1.228015510869602
1870,187.0,home,44.517951029699105,31.870707441879812,46.6451744972704,61.24585236145441,21.762801602877644,1.172066844500078
1871,187.1,away,62.07162299175413,29.640465871380947,39.58676584251539,58.205399505841356,20.213420279769906,1.025451804686369
1871,187.1,home,44.557204467863066,31.861076580710026,46.66678379564496,61.175615409016096,21.740742230690316,0.9079072776588969
1872,187.2,away,63.31990886304704,31.909264644970445,45.699083613009265,58.10134784985436,20.83150575712455,0.9669235449685757
1872,187.2,home,44.52239473483241,31.836418000373843,46.66450167884043,61.374971471321544,21.738110649663405,0.874338728965585
1873,187.3,away,63.30403362117902,31.925448141473463,45.72306457919416,58.006259731821274,20.867510815681033,0.961526626032223
1873,187.3,home,44.5275425009548,31.873718019658284,46.40991116492749,61.16789342873403,21.70970944199493,1.1461449859587096
1874,187.4,away,63.285693529848416,31.974386157461268,45.75080594185544,58.142269131223685,20.842140408668474,1.155943385497232
1874,187.4,home,44.53040396127342,31.855677362821304,46.30863006270242,61.49721901386484,21.747413756920448,1.0725799324943677
1875,187.5,away,61.83849087011656,34.34710272977412,35.90638768164441,58.16472413630926,19.800824464898014,0.8808279296509489
1875,187.5,home,44.49389005888362,31.847674492085215,46.113497610403236,61.423549153871924,21.762761362900765,1.047735201574949
1876,187.6,away,63.29555466472855,31.98752751190899,45.605030779720664,58.07259917998674,20.789963124659707,0.9206615075980348
1876,187.6,home,44.473772925964575,31.864616301395756,46.167389484618994,61.07214009914104,21.750695256821885,0.93605889850638
1877,187.7,away,63.78680701065851,31.80585626502085,45.91514404371147,58.044173765328075,22.314609879555192,0.93929021825
1877,187.7,home,44.40946524615573,31.90250612687706,46.135438379514085,61.11790715993783,21.787557575154132,1.0294397544189156
1878,187.8,away,63.84637918750424,31.792329831722704,45.95027898362946,58.22811636981135,22.32361707075962,1.0414719803151786
1878,187.8,home,44.40639721106516,31.889531856951326,46.38059143401478,60.94641920632917,21.795809023504116,1.0803674544154536
1879,187.9,away,65.31002307976148,30.632242615331744,45.88853750226463,58.256592722165855,20.390082648809642,1.0774616565638766
1879,187.9,home,44.0155981657481,30.223411129564,46.31643635429358,61.052533139369494,22.23820576750612,1.0897683580629307
1880,188.0,away,63.25348350897368,31.962713367246394,45.865289247235566,57.95105024100957,20.71940775100471,0.9669889237087617
1880,188.0,home,44.37463747471365,31.909251036365205,46.52585305075041,61.29751761357087,21.892654403709983,1.3560830503057704
1881,188.1,away,65.36130340147598,33.17292940248115,45.92022404314963,57.733248350248644,20.278545062081967,1.0238344137039774
1881,188.1,home,44.37603713079929,31.947716060580273,46.87545169237059,61.53952529966157,21.973225986026332,1.1738610309471977
1882,188.2,away,63.20115510003702,31.978739391724183,46.159853223104264,57.92267212667312,20.670741536242872,1.274187842280598
1882,188.2,home,47.85724471424923,32.10389724695665,30.347128470900415,61.819806656455015,20.39511461288905,0.7511912970671251
1883,188.3,away,63.23477926716628,31.93379396006443,46.167286245286945,57.752789555832074,20.614869305144673,1.2555623882132494
1883,188.3,home,44.347880242932774,31.98196665727347,46.89991731247693,61.66135100825309,22.026288891892346,0.8289479937788481
1884,188.4,away,63.244223571759115,31.94323415763023,46.21541262180158,57.72772563524326,20.578514538058247,1.0174089566727442
1884,188.4,home,43.92541654357791,30.33975085968192,47.06298596644541,61.66042669105185,22.563546965192025,1.0303849024622844
1885,188.5,away,63.174578157144815,31.91467874697082,46.23820067661673,57.569185425955354,20.548154725331266,0.9498018206269088
1885,188.5,home,44.26076068814075,31.940151018281473,47.11875085992681,61.935329660064305,22.097744245470384,1.2393088544456143
1886,188.6,away,63.1289593362432,31.94150003853986,45.9259805647373,57.5250465291306,20.524095107792014,0.8798233592753797
1886,188.6,home,40.77958765931151,31.966507534818827,46.94794107840094,51.830137275755504,20.706447430953723,1.1093871912502395
1887,188.7,away,63.0953422967535,31.93622399709437,45.92182482167152,57.474718533306465,20.495294343440374,1.048464275499005
1887,188.7,home,46.99828346277191,32.22240987264542,46.80648213855591,51.336610264537626,21.39206060721877,1.0142017168104782
1888,188.8,away,63.13945752013529,31.958652844135433,45.78832583755806,57.27067909542318,20.47672689242916,0.8099541963137701
1888,188.8,home,45.80228520808125,32.8949449964531,46.458664384042656,62.25923318823543,22.328314179846437,1.2426380040361933
1889,188.9,away,63.486671355198744,30.389200671535747,45.58713597497748,57.58835868108108,20.879819781764454,0.8529294912866053
1889,188.9,home,43.85103425770234,31.858653846970093,46.353627508389195,62.29416935844901,23.97198720628491,1.2735239374764722
1890,189.0,away,65.15217950580863,30.590061237687117,45.61996166849954,57.6778182208005,20.076896671315673,1.0101653461263784
1890,189.0,home,44.09853797115105,32.02317752308122,46.368905851623204,62.28548255066059,22.142001231607853,1.4395103718450406
1891,189.1,away,63.75682085032855,33.242210757079874,45.68411282713184,57.437078351663246,20.89647843915335,1.2908773954222585
1891,189.1,home,44.13749964491793,32.00265278523685,46.10166498826207,62.18180123989935,22.11767170879638,1.4053883391982795
1892,189.2,away,60.26596717246407,32.169267549632934,45.451516734774536,42.178825108033905,19.137514350195637,0.8923952682647235
1892,189.2,home,44.12395346493534,31.97280390904801,46.01540030661292,62.19790056987851,22.05191626099322,1.1529777245432504
1893,189.3,away,63.71581399808937,33.25830688147109,45.36175997182466,57.10241595198966,20.85237571986036,0.7959719982215391
1893,189.3,home,44.094294021234624,32.030756557853096,45.87938261972524,61.99083524870839,21.98366861641521,1.3524570771616042
1894,189.4,away,63.15094374843393,31.91111024074037,45.345495489175924,56.905306623463304,20.31759408126895,1.1717099307659866
1894,189.4,home,44.11883801460195,32.06249465371448,45.80618953100671,62.23219026592349,22.02295861909163,1.1205346318124771
1895,189.5,away,63.18809746162611,31.921242635378768,45.58714907055497,56.715339646593755,20.307766263731345,1.201821754807717
1895,189.5,home,44.14536311131839,32.0461519335701,45.86961108982928,62.21594895381487,22.049937693005305,1.4596769676754
1896,189.6,away,63.20167593894382,31.963389926824018,45.4795092043995,56.506002360799904,20.26132585795799,1.1538454343721174
1896,189.6,home,44.09564582407495,32.03531614559564,46.08896543052672,62.22903057820547,22.105810643210848,1.3562950935490112
1897,189.7,away,63.15821921506181,31.930565462113204,45.65268301986377,56.17541272880732,20.2267066636902,1.089585939647039
1897,189.7,home,44.04401214471258,32.01241651362933,46.293313588886114,62.47990428843309,22.131092927872935,1.3857507001061473
1898,189.8,away,63.1781079229986,31.945260002530265,45.86759167736107,56.02672222162708,20.265942452672927,1.0476176550390073
1898,189.8,home,44.08807934446108,32.020865366056185,46.61682322357364,62.730285591710214,22.160102565336782,1.1117370617564413
1899,189.9,away,63.15214892834988,31.92377920678924,45.82448561074694,55.838307606430696,20.269679140399006,1.1102073624484214
1899,189.9,home,44.078966082646936,31.936877736303313,46.25471712567969,63.02891533648367,22.152611453785198,1.185772639673014
1900,190.0,away,63.135368571461214,31.969276234937674,45.77952282757079,55.67680335890026,20.23196005129965,1.1151278332660977
1900,190.0,home,44.088066972640526,31.970373104914053,46.385331918070925,63.093523459659885,22.185757775084202,1.0604640813872201
1901,190.1,away,63.17603052433331,31.94747098214026,46.12947345240079,55.90824787098977,20.259234116093765,1.2740017892871796
1901,190.1,home,44.04879932244119,31.948488209230835,46.48239829585821,63.02692359785439,22.26052234355476,1.1177845232053445
1902,190.2,away,63.15742444674459,31.946563378602544,46.18045001714348,55.93762552713284,20.233522499311583,0.9444308274921106
1902,190.2,home,44.063658045051085,31.866904334193613,46.592359618940115,63.22925811480716,22.329691505529944,0.9234557549055683
1903,190.3,away,63.1449905841908,31.9845097523203,46.29877658794115,55.65303832898193,20.181504297517215,1.050691847757674
1903,190.3,home,44.07741003064165,31.866156719840387,46.510225482946424,63.30869559709554,22.323953982803296,0.8211502937884441
1904,190.4,away,63.12155177138936,32.02847314040148,46.17670494929783,55.66872865708908,20.15691470209463,1.185411888646018
1904,190.4,home,44.028942693197045,31.890473003138826,46.68014035577559,63.528951071652514,22.424915387118713,1.1451841327809362
1905,190.5,away,63.08512718407639,31.997842946393135,46.658032282661935,55.84867706923404,20.186219988600893,1.179777581819279
1905,190.5,home,44.0630467248239,31.875942839893035,46.27145956325278,63.77290378669556,22.4134411932904,0.98884038288231
1906,190.6,away,63.092851910411014,31.987123043752437,46.557610204709135,55.96762110942713,20.189815315021388,0.8135732111960402
1906,190.6,home,45.686804127385386,34.21621914744637,36.686085149673545,63.65830549214015,21.64931846400073,1.0960959078385872
1907,190.7,away,63.08872632477073,31.93629358258494,46.63337399797276,55.87927479175429,20.127248672716373,1.3322906323132027
1907,190.7,home,43.77999208668937,33.27253249767348,46.33658173004983,63.59333635499995,23.206087799229323,1.0515709878511783
1908,190.8,away,64.95918231085781,30.789545317857055,46.77408753804468,55.90897227254708,19.81900549411686,1.410034008325656
1908,190.8,home,41.622891570552376,33.19371988516831,46.25547074502177,63.49316263335919,21.891294741687418,0.7912554356139921
1909,190.9,away,63.02752538138054,32.07711753034411,46.79724220688343,56.01487267682172,20.109655420004348,0.8475493590020964
1909,190.9,home,43.75909103496612,33.303079309010045,46.21843918875976,63.598723032472094,23.178743403838233,0.9769778132614574
1910,191.0,away,63.01465418936744,32.10910066501081,46.73509781237775,55.82441058595542,20.04889682226208,0.9103293016853328
1910,191.0,home,44.04111998512428,31.90816334457563,46.05699263747402,63.63591124927889,22.460607328845494,0.897154837657542
1911,191.1,away,63.568717387344236,33.471764638456975,46.58396299327337,55.74501240110372,20.45574544754109,0.9117486491425477
1911,191.1,home,43.678536545341025,31.823791867583388,46.03618983640417,63.61041036091403,24.355364576383163,0.8814191131621658
1912,191.2,away,64.95337761629762,30.870246034424603,46.47835294532947,56.032907776999274,19.776009083614348,0.9444574480929917
1912,191.2,home,43.998979391253584,31.96155898614305,45.92887961755541,63.329276810434365,22.450570567231978,0.9244818722354604
1913,191.3,away,63.05456066891763,32.07787111962816,46.54968309769177,56.00700239828074,20.01981920049066,1.1926439150377763
1913,191.3,home,44.044360929440366,31.917245408707263,45.831779355918854,63.42751071436051,22.408161997765664,1.0651823757918877
1914,191.4,away,63.09677541659824,32.02725616631986,46.123466656235706,55.868642370935035,19.9553308022132,0.8071296554302102
1914,191.4,home,44.027982024567045,31.978903484095703,45.852402194244625,63.29848074209194,22.348078829589337,1.0827033293362516
1915,191.5,away,65.61241372633854,30.554853340155628,46.297831977752864,55.77393799693707,21.06908117636419,1.1111860973060157
1915,191.5,home,43.81973721549953,33.38049036977449,46.11387552596885,63.32160393644252,23.16129509476884,1.2719347674740162
1916,191.6,away,63.00521288091972,32.075753532406026,46.1195694307949,55.70125583791807,19.90909423951622,1.2702789910139458
1916,191.6,home,44.0443433263151,31.998836002550966,46.1077825828108,63.59820701891792,22.418095326024208,0.9463240332141929
1917,191.7,away,63.00365682066274,32.00732329942962,46.18049273614817,55.8173745683394,19.95605512130969,1.397082975004818
1917,191.7,home,44.099110475888224,31.99781590976916,46.07247462013988,63.65015899793362,22.445986901522442,0.969340000625844
1918,191.8,away,60.26363004812456,32.18637891438579,46.11192686095265,41.082969394964834,18.824735439980678,1.5612946682204103
1918,191.8,home,44.0449913327927,32.066489047155635,46.01990466103709,63.86161473342314,22.493840120455708,1.0900784086357385
1919,191.9,away,63.0554304710977,31.95977313658535,45.80443957309893,55.75880589664685,19.903969600621444,1.1793428881097074
1919,191.9,home,43.616485020885186,30.593339245010064,46.3265832369635,63.905332456057344,23.154457819179395,1.3711639652937548
1920,192.0,away,61.706432674034204,29.70597907531667,38.131785893508024,55.707835805818405,19.139401430206846,0.657473847274155
1920,192.0,home,43.99964833393839,32.10884280017795,46.53617242559079,64.16694531756802,22.634349127130267,1.1444160823756218
1921,192.1,away,63.03246668028373,32.009838008063554,45.90661768745178,55.71387458753603,19.896634816745514,0.9932045391166611
1921,192.1,home,43.97166171497466,32.117057870203624,46.414091526496364,64.51500019675899,22.666598227026512,1.218805305984245
1922,192.2,away,63.04090328319501,32.015309547837916,45.781373372548046,55.44398203617139,19.82526115917602,1.1099908225481163
1922,192.2,home,40.39171324766687,32.29338777632418,46.48749184073096,54.186725882534795,21.29996369475631,1.4396732200770879
1923,192.3,away,63.03949918028404,32.04909386251033,45.96154865386636,55.27465795804431,19.852585140956197,1.1094266540106856
1923,192.3,home,43.960909382859725,32.15365487319348,46.661508034643106,64.89259104480371,22.80321430815836,1.3010139768421523
1924,192.4,away,63.04666579810269,32.13990979065561,45.92260728043312,55.37285919132606,19.847322874077506,1.0002132612307495
1924,192.4,home,41.40823300748679,30.836195369581542,46.662141451357,64.86328911305924,22.148824912566617,1.0468157925101944
1925,192.5,away,61.85333083610997,32.985395933667384,45.78425083750455,55.113093561335745,20.03818161661666,0.9069266058206352
1925,192.5,home,43.998941246610876,32.11232413061783,46.41979453150164,64.72688897790061,22.794431791790142,1.0381880546966766
1926,192.6,away,63.115495550467294,32.16916449446917,45.63973224959749,55.05197811822854,19.75243922075796,0.8913238763589489
1926,192.6,home,44.01980171506957,32.11121702648114,46.274063567468026,64.64024952929532,22.775086918904368,1.1483608333164113
1927,192.7,away,65.89373441008249,32.34759190874184,45.635072740413214,47.13181379566596,18.87802895204957,1.0349078305993165
1927,192.7,home,44.066517216038456,32.09095567120533,46.291213767482574,64.6574976137646,22.7486941336305,1.2238480351073622
1928,192.8,away,63.0340003766062,32.102620535284004,45.60799279519858,54.83389183323402,19.70916793960162,0.9830696593232009
1928,192.8,home,44.020985234260195,32.131321930856934,46.04260569367199,64.47557020375862,22.72946251282133,1.3423898642765026
1929,192.9,away,63.017896481516225,32.0847731454522,45.78999346546489,54.93959417918552,19.741622861527603,0.92428642357272
1929,192.9,home,44.06239847878356,32.154335713563164,45.68255758155859,64.57470381183617,22.68481037240612,1.0103487366734543
1930,193.0,away,63.47547556869172,33.429011271880945,45.70399202726101,54.72440614267426,20.086265167697853,1.1306289625614998
1930,193.0,home,44.12823599680823,32.14386601710935,45.86475825860972,64.40302623769198,22.671193795239112,0.9233701658232074
1931,193.1,away,62.953827540794215,32.07805932825669,45.69203426240826,54.66264879563111,19.653308036628044,1.0032004618080288
1931,193.1,home,44.169019875691085,32.11345076779066,45.64320721847078,64.49374391948783,22.644305412965718,1.1607099187492573
1932,193.2,away,62.921850095619014,32.061765761573206,45.65864505731067,54.752902487938826,19.638758319891107,1.1806861132642477
1932,193.2,home,41.63864230382514,30.92956637585531,45.387843805669334,64.53826182406308,22.000141809732877,1.0603731185834229
1933,193.3,away,62.94327054703064,31.984137353159905,45.719014273454846,54.74939150262821,19.635980799727264,0.9870906154270093
1933,193.3,home,44.16115810254546,32.08912693961041,45.391677918266076,64.84765795707315,22.70128345946432,0.8800125413793549
1934,193.4,away,62.953823999773995,32.00836385851757,45.71776872116279,54.7630898298861,19.619067025466304,1.0269932266473774
1934,193.4,home,44.114373935198024,32.07228507316373,45.443407281733066,64.86696179429312,22.666601248729272,0.9776773575792461
1935,193.5,away,62.9825134253058,31.9876929171284,45.85527515588154,55.05470536215604,19.638414723311925,1.0413895247251446
1935,193.5,home,44.09689188495038,32.0865470478892,45.550405477326684,64.82255413563982,22.68734489698499,0.8975150065922115
1936,193.6,away,62.96299203497077,31.96784891107295,46.02932900133955,54.97194396204811,19.66288966319026,0.8172256822005899
1936,193.6,home,44.06346361349926,32.06479094343838,45.71605495453656,64.77690214688339,22.696099010107734,0.9222370833729858
1937,193.7,away,64.73230059411154,29.64423283969039,37.98468005501809,46.23339026687449,17.91988686403359,0.9980146428346676
1937,193.7,home,45.8643765938812,32.87582373623861,45.71145975866426,64.94486050421365,22.82510123714779,1.023505307516524
1938,193.8,away,63.029326522259936,32.02459898600732,46.164169735257246,54.9151625378351,19.63016104941819,1.1361409773270195
1938,193.8,home,44.158865931496685,32.00785428178846,45.81519325433227,64.93301772587157,22.72696040234069,1.0457004692493903
1939,193.9,away,63.00343629709157,32.03473058176274,46.38154636180377,54.94046427723317,19.639276899149454,0.933038163342453
1939,193.9,home,44.16697583570909,31.968048420484173,45.55070770281131,65.11688045417284,22.719740965805965,1.1043133481520389
1940,194.0,away,64.95624724337358,33.31702062644608,46.271348817501924,55.23941520223825,19.211432435573393,0.8972810515815886
1940,194.0,home,44.1725120173571,32.00520334683061,45.67289016883121,65.28166399765021,22.772302166444742,0.9494731528149878
1941,194.1,away,63.05271498449962,32.0514308509242,46.22498847415485,55.09716326860679,19.61957423868351,1.0415614116467309
1941,194.1,home,45.291316093119676,34.30174920309199,36.850632112577294,65.43769473020006,21.69747150748983,0.8829936378171725
1942,194.2,away,61.77461296133038,29.738171987020642,37.75780230801717,54.89410117577666,18.73966220409667,0.8392023886966656
1942,194.2,home,44.14219405009816,31.906654444777175,45.86374630988442,65.22263920518935,22.774617771324213,1.1400774051191964
1943,194.3,away,63.06127616986475,32.061016889498184,46.26783677073975,54.77779873522739,19.58760746262356,0.9009901980742762
1943,194.3,home,41.626683194164805,33.26219674444183,45.59945426208874,65.26346205674457,22.108846012147467,0.9381279611009867
1944,194.4,away,63.03138069327119,32.060640042942744,46.38999843030154,54.54596134764839,19.588928163273096,0.9753662185954216
1944,194.4,home,44.10696348458462,31.900379925353434,45.35807325388968,65.28110029380115,22.768524835626348,0.9760121143783532
1945,194.5,away,63.06065203251534,32.077627987958465,46.38014435947518,54.48409149359329,19.579019931212578,1.064336809133429
1945,194.5,home,44.19585721002537,31.878273856099124,45.53683295314954,65.28925398786295,22.759516493054278,0.8352364670964996
1946,194.6,away,63.088827158336635,32.09231468107178,46.07548698844771,54.26090421196615,19.517674332168284,1.0341298724333359
1946,194.6,home,44.174869841716,31.910889468305697,45.29682641599442,65.36047938513104,22.757876745393006,0.792971197409408
1947,194.7,away,63.112770443134316,32.11112766119639,45.913384164382435,54.474672304458124,19.47572147143383,0.8610087283869887
1947,194.7,home,45.87687445256398,34.12105568240869,36.49999374428842,65.28101066944862,21.97677417569486,1.0035818658059934
1948,194.8,away,63.114293263418546,32.07048883201405,45.67747208469805,54.42677880696618,19.482305799339827,1.082609042643018
1948,194.8,home,44.173613997574826,31.902691037008598,45.62301407005776,65.28100999461945,22.769349539853938,0.8711217988392445
1949,194.9,away,63.17135268848514,32.068316183291984,45.71848132368245,54.16501716698269,19.479730056432302,0.9240181314519661
1949,194.9,home,44.14785951507695,31.962644011930458,45.37073005692448,65.00383292325598,22.759545977900817,1.066621185914565
1950,195.0,away,63.14820258417224,32.0685259820421,45.82340689620597,54.09499949733593,19.512086982608455,0.9156499604991826
1950,195.0,home,44.160797863592,31.948595416540204,45.49376547251289,64.90627245059551,22.780670951304703,0.8489736471535877
1951,195.1,away,63.11193973480781,32.066661984784204,45.66737269002351,54.217830353809795,19.497133043962034,1.0105933492216246
1951,195.1,home,44.160378953547145,31.940952145730993,45.78510265026418,64.93711728468018,22.77402612831722,0.8811540324326296
1952,195.2,away,63.1162190553217,32.051037189414615,45.54843120571501,54.14500423093632,19.480516651466516,1.2185732135763105
1952,195.2,home,44.22589869580462,31.938268094341705,45.430153084539356,65.15095116351378,22.77348393868279,1.4352249127813008
1953,195.3,away,63.062763536819915,32.09223064358894,45.33862384454747,54.27451132408273,19.438882768565417,1.096840826040169
1953,195.3,home,44.2493866708084,31.95621236264436,45.64430367867159,65.2274792590229,22.799468444370895,1.3600930474747062
1954,195.4,away,63.07873985494027,32.051261870390185,45.553728474606295,54.289228631002764,19.448137131793686,1.3448656081372439
1954,195.4,home,41.71505416182882,30.829524690061184,45.37357794300421,65.14202839574506,22.23711705103408,1.1004755444110925
1955,195.5,away,63.03157521139439,32.0217972339229,45.75476449321797,54.43005624473274,19.493257879987787,1.1997304898489711
1955,195.5,home,44.26566276019515,31.925536807416083,45.2529307839882,65.30446445737431,22.896740702312126,1.1182073839999391
1956,195.6,away,63.023450899964764,32.01868414294747,45.7641671441533,54.22083513475404,19.47483136556331,1.1017958607720493
1956,195.6,home,44.24759126602078,31.96875332452056,45.36858177648791,65.30511409277825,22.929854526292758,0.9774692599839738
1957,195.7,away,63.02352775177291,32.04551018767322,45.92266963871944,54.18882252771413,19.471427727761093,0.7377166061158508
1957,195.7,home,44.25162855238382,31.9627115956112,45.4968221779374,65.20416726280699,22.901211725145426,0.8258800643649671
1958,195.8,away,63.006052869744956,32.02527156364483,46.002036717499884,54.173497013069095,19.466390863807963,0.9783520096594127
1958,195.8,home,44.225870392349364,31.9140854512563,45.52833573614123,65.34982707184857,22.893934979700205,0.8820696545928235
1959,195.9,away,63.03313032378417,32.02834201765189,45.79194206254131,54.12953145613097,19.407254395369133,1.1135939361064462
1959,195.9,home,44.25496823337778,31.917859724257458,45.70941457528055,65.28250912289933,22.901615472040362,0.9376917021005025
1960,196.0,away,62.988646686129364,31.994523930213845,45.684076090616344,54.16934220742844,19.398941781271358,1.107759206926916
1960,196.0,home,43.95819180173997,33.302167874846916,45.53089963366128,65.32311901012606,23.69481323727223,1.0603584185123864
1961,196.1,away,62.95905930573526,32.00723851781132,45.539003820625155,54.33280275382618,19.388152040687995,1.4275840242785547
1961,196.1,home,45.91400309928715,30.963070065335792,45.700481653237844,65.18878039251041,23.053920600769796,0.9472370541725589
1962,196.2,away,62.955950705495646,31.960217838154904,45.519640626437194,54.13687534872934,19.36660457481954,1.1992892555954529
1962,196.2,home,44.23269345079115,31.951029573614264,45.668721754192745,65.20062204295925,22.864103761020107,1.0900190501486087
1963,196.3,away,62.97595365714794,31.962310357022105,45.35141031528176,54.15474664377835,19.366414441666162,1.3388135621808646
1963,196.3,home,44.26009322677004,31.963341176303107,45.6708815332483,65.38812093916559,22.878936135129127,1.108454719115528
1964,196.4,away,62.984424957490816,31.91391427491569,45.32285621080623,54.082107062342395,19.280311885066794,1.1803677840499238
1964,196.4,home,44.194841337080376,31.994012866652817,45.707489083172376,65.15422021221447,22.865312788950657,1.3243557208066035
1965,196.5,away,63.04543499917384,31.889048965284303,45.715081140004415,53.959467152658306,19.28149924596777,1.090711825704816
1965,196.5,home,44.19423999394272,32.00068236437219,45.5658002156866,65.47576334064487,22.822981532675644,1.1707313187728186
1966,196.6,away,63.077997290867415,31.887013604809866,45.56549464472324,53.83152248693148,19.23605462603716,0.917229518035445
1966,196.6,home,44.18773003934845,31.99555754171702,45.1397851812769,65.66181990757961,22.88211597621469,1.3415014715816715
1967,196.7,away,63.081581820072664,31.853540759921987,45.379597242008415,54.013519201256564,19.24522873374049,0.9583347740775587
1967,196.7,home,45.77289774820268,29.695894325455914,36.14857645589257,65.76406539055522,22.19214742969106,0.8875573945267465
1968,196.8,away,63.05523845970802,31.819859049096987,45.4707837466124,54.05524188536611,19.247370827922914,1.1218656323156313
1968,196.8,home,47.328051140415766,32.01850301105986,45.16995341633523,52.24280687522266,21.69463707068863,1.0346724382125594
1969,196.9,away,61.76566680826655,29.470135649487315,36.03016244577904,54.061059514369276,18.392621111089632,0.858921761027221
1969,196.9,home,44.10936650558805,31.991869042696703,44.971378822041736,65.7650017083948,22.84774508318878,1.0879927104928684
1970,197.0,away,63.12213429087032,31.815867024798624,45.68287308868561,53.99603884929244,19.225510054213,0.8969731908876462
1970,197.0,home,44.12566743027888,32.014019948811956,44.775790943073844,65.7462610287809,22.82394971274976,1.1061769335001228
1971,197.1,away,63.15433326907077,31.794076156030734,45.608409544771646,54.01633566176225,19.23642888075472,1.038611576996945
1971,197.1,home,44.13927129857577,31.929114284195887,44.486466462993974,65.60780502395056,22.806407597656115,1.2514451417415882
1972,197.2,away,63.122032784018295,31.80624907283941,45.775391156115994,54.02457908311888,19.209592551324036,1.0780110518893637
1972,197.2,home,44.11714571706255,31.88334669751391,44.61940852503699,65.51608442276209,22.821663472663797,0.9052422869722236
1973,197.3,away,63.14283408827577,31.85392373526649,45.71436248098421,54.00173914382576,19.265532236692955,1.313390179391954
1973,197.3,home,44.18372145093265,31.855927213079042,44.41465753167229,65.62015321190707,22.76860942482871,1.067304929394844
1974,197.4,away,62.10195316180337,34.283671380984174,37.22071341976563,54.39556935321984,20.512385116375086,1.416191195014525
1974,197.4,home,44.170382385689685,31.83232740458953,44.11988976150958,65.63703316579436,22.735817712183817,0.8098114463389973
1975,197.5,away,62.07498519701916,32.35574523625627,45.38253970827627,54.58556870627205,20.216701349688215,1.0536388303233255
1975,197.5,home,45.93914214873753,34.000614678440755,37.49485585056289,65.38317355588529,21.95717291917851,0.9699794117366256
1976,197.6,away,63.160824982443394,31.912708938538525,45.44937145539134,54.716862052473516,19.36690225206653,1.025548105974513
1976,197.6,home,43.518924641233205,30.367530680318122,44.61679666294333,65.57696496895205,23.38819506527307,1.3287281520580234
1977,197.7,away,65.13744560673673,30.817698542089154,45.635625352258174,54.79110334324152,19.02665085664968,1.1380157439569323
1977,197.7,home,49.43217206301342,29.25203541505054,36.19055770426385,51.87271620970198,20.48526468026776,1.2053607901191317
1978,197.8,away,63.164420117690455,31.889511588120413,45.43143394027866,54.78715791552843,19.375913092445543,1.001986200308353
1978,197.8,home,44.18184183056567,31.782370399522907,44.525367418319576,65.41400829561574,22.757861466431127,0.952515562872702
1979,197.9,away,63.17062152531508,31.855317495514576,45.22347333461808,54.937164391155754,19.419636081459302,0.8748722464616926
1979,197.9,home,44.19114052375065,31.76124200348501,44.4451198916576,65.31904048825204,22.718899127871893,0.9710014730840336
1980,198.0,away,63.43647590903161,31.831313359177692,45.15013578527436,55.14988702405689,21.134581812114998,1.174484934745226
1980,198.0,home,44.217585031899176,31.789821769323442,44.75044241888972,65.30206374069168,22.7551138485414,1.0663498366464073
1981,198.1,away,63.246388664127586,31.884952379930347,45.14062176071524,54.975732245335855,19.43583540212446,1.1608255902807327
1981,198.1,home,44.18418922668099,31.838500921321348,44.875708767294704,65.28131127772745,22.746745816497484,0.8710921970936943
1982,198.2,away,63.21468259860432,31.87919579594014,44.90995927917315,55.16290223127328,19.4504912621414,1.1350154055322597
1982,198.2,home,44.17974444771098,31.803751892035006,44.70278392943645,65.39341278023817,22.731841487871314,0.94469874361969
1983,198.3,away,63.213032107794476,31.826255091154806,44.854423536732256,54.75118286409883,19.387165113608223,1.0393049592026726
1983,198.3,home,44.151061434900406,31.792506409872193,44.783905323752634,65.45799812050245,22.710747643390278,0.9550048689953531
1984,198.4,away,61.81560802402212,29.51228536774267,35.792946585281825,54.66201688395671,18.590751706083623,1.078196801446316
1984,198.4,home,44.16404100298545,31.823152174989527,44.97381788837154,65.03403884318415,22.700547447535804,1.2065451096974626
1985,198.5,away,65.1152663653182,30.73362001593049,44.84203688818209,54.36506430978873,18.99487989863973,0.9893892662801479
1985,198.5,home,44.207243676825186,31.817163237169414,44.881897399959875,64.75814125403483,22.60359231962153,1.1646108072568138
1986,198.6,away,63.19776470524594,31.82381658961286,44.684604500404006,54.505327527400375,19.37672481546824,1.0240089019770948
1986,198.6,home,44.229213935398015,31.873303001612943,44.70359668916399,64.76587789301807,22.55966609397205,0.7917905267404031
1987,198.7,away,63.23784605585311,31.777898127870216,44.65148123051369,54.44435398593404,19.37463678816892,0.9197424168934618
1987,198.7,home,44.23935456144025,31.86261866125127,44.916224326288045,64.87591183261844,22.580211385184597,1.1302333552329589
1988,198.8,away,63.230815295018346,31.76832228341616,44.609523746787126,54.49157322897788,19.396509037572613,1.063002808239015
1988,198.8,home,44.24081541595147,31.885504717664574,45.021879375483635,64.88664811279894,22.650562143185923,0.6042091048606838
1989,198.9,away,63.24453287179115,31.796760381175474,44.849942891870974,54.56912895258481,19.41874801486174,1.2340209504688897
1989,198.9,home,41.793618204601614,33.29891761806305,44.96042295064565,64.8207088397765,21.97653164791971,1.0455925800504948
1990,199.0,away,63.2923349586916,31.841009283326798,44.7259346520565,54.891474852601995,19.44536507181364,0.9144822305373512
1990,199.0,home,44.28880705496615,31.896520874818005,44.8206997973312,64.70894927301065,22.552937077697198,1.1073008915220166
1991,199.1,away,63.26541623147094,31.814621260526163,44.660815534162,54.832022164049675,19.398756569891578,1.0065465871191976
1991,199.1,home,47.76160035131778,28.199334566708526,36.04050841185926,64.3784999261665,21.618097724573268,1.0868151626329556
1992,199.2,away,65.26150019504475,30.74596371062834,44.71491013862927,55.066003355470336,19.018472380791508,1.1045062746610141
1992,199.2,home,43.899104488687065,33.25678511225254,44.91903376120594,64.18552678658794,23.24427263901693,0.9901399078651494
1993,199.3,away,63.2686019522815,31.808215441149652,44.860614086759604,55.24118347410608,19.49426377299212,0.8046839033974096
1993,199.3,home,44.30867534421065,31.905572922222294,44.80706069907977,64.38428790699582,22.572633236717248,1.125006833291764
1994,199.4,away,63.26783595357531,31.80883158995607,44.78234455315918,55.52635198879784,19.492639862506184,0.8801450655748861
1994,199.4,home,44.28484184734684,31.856099767334833,44.79219597314106,64.60750428263492,22.61243044326821,1.1895610724746186
1995,199.5,away,63.966753413766796,29.47134555680379,44.72937686661141,55.510458826165205,19.44092444593235,1.0588357676557938
1995,199.5,home,44.283216632696856,31.849050334756555,44.842505229533046,64.38160240257234,22.64561823133255,0.982136546977754
1996,199.6,away,63.20129277998239,31.809029363859416,44.751950190456526,55.67990996704461,19.549774471906755,1.196921713211202
1996,199.6,home,44.27759003708009,31.857408721569957,44.63807933467832,64.19720201271147,22.599442592190083,1.2983091797279835
1997,199.7,away,63.172651530599474,31.829679227593058,44.819435653554486,55.76417473024637,19.58709503744711,1.0558693490722435
1997,199.7,home,47.454847583486846,31.799034566303266,44.467790896615455,50.16761085312294,21.26738420968081,1.489986656764191
1998,199.8,away,63.16808617259831,31.73755894734541,44.660111910980945,55.77082263623735,19.61003542881311,1.105481379819589
1998,199.8,home,44.28202921470053,31.850178477309484,44.36054998815382,63.87585644084455,22.515197638682608,1.0869868810590453
1999,199.9,away,63.12723262759891,31.722589119864747,44.41068052282528,55.71011628260866,19.58090339838533,0.9447239569143471
1999,199.9,home,44.244049136234736,31.83410841366862,44.20604492678393,63.94054835028756,22.51533855761634,0.9829058740822777
2000,200.0,away,63.108838098628375,31.74306446811425,44.247625497058735,55.631523022176594,19.572440230620288,1.1675687579019238
2000,200.0,home,44.18056801348633,31.836081776072504,44.05128323771509,63.992107726096464,22.50980648938341,0.7240610514767624
2001,200.1,away,63.10337148245348,31.72888109064706,43.975706754993254,55.8910532136552,19.60545751525449,1.3930150107561148
2001,200.1,home,44.16615572791544,31.82755382199043,44.04600030316634,64.11739754968731,22.519803261267306,0.8942722145679987
2002,200.2,away,63.07584064852012,31.790004978898786,43.84974778933632,55.73647178766164,19.58437532059908,1.1291866792626104
2002,200.2,home,44.13936540509646,31.814574999220966,44.03321110930199,63.955401613616004,22.49422329445703,1.2553593151351903
2003,200.3,away,63.08190030320691,31.787182671568072,43.832361251799576,55.439108265255626,19.561659805756182,1.1354833809927933
2003,200.3,home,41.63570680932047,30.75737346342276,43.93668903790356,63.85946123857544,21.981438803012626,1.2173709952149
2004,200.4,away,63.13536112501527,31.779127691555683,43.71721171627906,55.3086841867211,19.575020899658107,1.0750009516911403
2004,200.4,home,44.02801155244658,31.835717486307825,43.80690975474751,63.73533696866096,22.389138725526884,0.9895470305487813
2005,200.5,away,63.105200360796225,31.774431222753677,43.63530981201051,55.38474948728822,19.64230327026285,0.9861712025152787
2005,200.5,home,40.877850148372545,32.065467675661054,43.977805640413386,56.660917478571065,21.36210292908131,1.0801325555064119
2006,200.6,away,63.128900111766285,31.745418810949456,43.55675199137351,55.466636424899015,19.684930424497683,0.9425907246183197
2006,200.6,home,44.04444211503646,31.811319570312275,44.17396687075721,63.49199876402291,22.320751335842562,1.1834357744599269
2007,200.7,away,63.12455570269556,31.764966107569645,43.53552816592471,55.40518948351639,19.661066359172825,1.0624318297235895
2007,200.7,home,44.03580431481086,31.756537167943463,44.33798385261285,63.51886357564571,22.347481501216915,1.0623482842942646
2008,200.8,away,63.13233580476699,31.72078995322604,43.827231226248294,55.28833336843404,19.69593463648076,1.0120797172970304
2008,200.8,home,44.104931786704384,31.749218484721066,44.50133305366555,63.61729861595676,22.37408003373626,1.0153694883245696
2009,200.9,away,63.12301726946062,31.702467108391957,44.04855669122652,55.67436090742111,19.781845323051787,0.9341161344639942
2009,200.9,home,43.557013823455335,31.718925064234107,44.452738212003624,63.51816149781332,23.96111944338079,0.9864785407885398
2010,201.0,away,63.303324522400246,30.249610041457636,44.097658089769865,55.52879960338867,20.229526396694336,1.2473907700406142
2010,201.0,home,44.160550035383515,31.78119534949617,44.399393522974755,63.66475313883248,22.29793775788954,0.9232335181494565
2011,201.1,away,63.22231183461217,31.61266371810838,44.216084436725204,55.49171479060462,19.851839766347386,1.0009049297478023
2011,201.1,home,44.182726170087605,31.73383177216363,44.35403880359317,63.44780036128661,22.25580477112871,1.2000624371073514
2012,201.2,away,63.190251707228526,31.588318431705247,44.17105176646413,55.93559969367163,19.89281929380384,0.9607608058810313
2012,201.2,home,44.235855143855375,31.70803620525404,44.260301339434115,63.600901590073626,22.229259863095354,1.2385711336490657
2013,201.3,away,63.162822720822966,31.62700632918613,44.1116130092048,55.97321910106492,19.8939184191463,1.1053275502435114
2013,201.3,home,44.31794421563875,31.712406595159017,44.19991822619923,63.709797755179764,22.24095793966857,1.0574870625468178
2014,201.4,away,65.17436625278984,33.009945648252675,44.23179712182507,55.987004474331684,19.298418135779364,1.2065294867918435
2014,201.4,home,46.08703175265872,33.779569502215196,37.64861527148915,63.684029208969704,21.47746906515797,1.0878919135163128
2015,201.5,away,63.18160138205181,31.604379209329377,44.19237899677732,56.04366399768283,19.830393741630573,0.9959718864945658
2015,201.5,home,44.323615474250396,31.71924759228094,44.1929732275142,63.843431914879055,22.26531761998719,1.017152264483675
2016,201.6,away,63.242056183780385,31.596119074734535,44.17286539916538,56.036897050679656,19.813627666740555,1.0971457423257152
2016,201.6,home,40.181953939015074,32.032762642611026,43.95672329517911,56.11198163235335,22.45307566216547,1.0272281552370786
2017,201.7,away,60.681585845095356,31.52797379663479,44.208786605655966,46.31234759965709,21.396962925011834,0.975498038587322
2017,201.7,home,43.87906653553292,33.09896745057679,43.703701644466115,63.855223483953765,22.808576899303937,1.0222293490506473
2018,201.8,away,65.3005902376287,32.58505885573429,44.15443347682576,45.9022006936344,19.20000938592621,0.9929148985267476
2018,201.8,home,44.36129417831355,31.684070426767992,43.88453232547582,63.60503681619576,22.147136302100275,1.2774579236353274
2019,201.9,away,63.29951274024634,31.637042060623433,44.05230758022222,56.05873691713239,19.857763832988436,0.8421424269202832
2019,201.9,home,44.34029573539955,31.694352832906574,43.75611147115561,63.2358004739065,22.15474484679569,0.9197025302769376
2020,202.0,away,63.2720674405082,31.6577023499247,44.10001564125224,55.98323782517848,19.856348470508696,1.0363222679540813
2020,202.0,home,46.05846444967366,33.766728220078456,37.786316404773615,63.107961649308514,21.337443744733495,1.0666777097233633
2021,202.1,away,63.41338396296877,30.288769984224064,44.056791274253506,56.20295137831553,20.396755589078865,1.1922174743051657
2021,202.1,home,44.27426762266048,31.701032044483426,43.78474085074427,63.133076293025056,22.07361769593245,0.7110629780887553
2022,202.2,away,63.28190331142132,31.762334579642527,44.11423876892424,56.26576803947019,19.909932378709396,0.9269917420783824
2022,202.2,home,44.27718588157214,31.713371879691362,43.67078809128469,63.1708730900385,22.04501720714438,0.8724531494259996
2023,202.3,away,63.28084313768411,31.76570059511208,43.866706897790216,56.51153413935003,19.94456218610718,0.9049187124399333
2023,202.3,home,44.346501946867285,31.63901280824358,43.58289520032443,63.10438346098788,21.949143721960752,1.3132053356651012
2024,202.4,away,61.764013728635874,27.730427563274947,31.08271515384947,56.667136171507906,19.509821969387538,0.9014138648184216
2024,202.4,home,44.349652530218414,31.58759882820666,43.64125001762691,63.090730739293384,21.955085931226225,0.8402913987429383
2025,202.5,away,65.72562769717065,33.486562203833884,43.74008083451968,56.38345024277153,21.02220424790146,0.7178697579739642
2025,202.5,home,43.77946494892805,32.975298248165174,43.6512651115212,63.05497235797991,22.549742891087135,0.7663732213848681
2026,202.6,away,63.26887905238606,31.798482135737633,43.76911731765016,56.72462142597007,20.000930467865782,1.0746744919797149
2026,202.6,home,44.29378413484142,31.60247235689784,43.75529954438886,63.06880027981145,21.955012172567923,0.811277258844619
2027,202.7,away,63.23596659783083,31.732076760316065,43.72548297250552,56.94694478406946,20.01642771545082,1.0138156630367532
2027,202.7,home,44.31585239477991,31.61066628351647,43.69184738145276,62.984180904267184,21.96511690684233,0.9599967837185439
2028,202.8,away,63.23136324247172,31.738421040200794,43.70477976849205,56.95398587288544,20.044129349996123,0.9819598542688883
2028,202.8,home,44.36094983071443,31.618288831808083,43.614604178726864,63.162030718215284,21.889750437960295,0.9131363712631515
2029,202.9,away,63.225698162541924,31.774028210639685,43.85464102611073,57.11536645594116,20.119022028525247,0.9557396554685031
2029,202.9,home,44.383196709969816,31.621782403122246,43.71853370271245,63.19309522204012,21.924317434857002,1.0764534078689045
2030,203.0,away,63.27989266656782,31.765151292840304,43.606343107214315,57.25391580421257,20.083436193223374,1.2013154814311087
2030,203.0,home,44.38712958119984,31.583529903438777,43.56724084129486,62.84709409685459,21.8847635129912,1.2587823002384233
2031,203.1,away,63.267713438951574,31.68117635479384,43.49205201186393,57.13074094480419,20.083521351583194,1.3057216625649415
2031,203.1,home,47.520865207701135,31.392242308605347,43.93234808284101,48.23543723578439,20.4662696112369,0.9943223892675974
2032,203.2,away,63.24795446057574,31.652709398106207,43.51392381214406,57.64230947128263,20.073188983208826,1.2917419255668
2032,203.2,home,44.34853345251711,31.56892759808743,43.88119156093271,62.642113535378535,21.890219544985175,1.1682638883564136
2033,203.3,away,63.24917059140112,31.632590259788614,43.86966374495549,57.62127706086313,20.111022256634573,1.038144802446177
2033,203.3,home,44.36144323254061,31.574410991976762,43.85807914550095,62.47271192142575,21.860956499352053,1.0452661028523547
2034,203.4,away,63.252128442737074,31.59587253567145,43.84325105450882,57.98354853630009,20.13516068308766,0.950745607992775
2034,203.4,home,44.36309490980511,31.57814212465182,43.9757218529627,62.14397767056653,21.80595557559084,1.2623592006294588
2035,203.5,away,63.27161479040622,31.621430032825877,43.761983166506155,57.83796991995743,20.179584151342393,1.426411084814813
2035,203.5,home,47.517839411831744,31.412160691667413,44.12420806067152,47.415514401967684,20.34329116533024,1.120566841765489
2036,203.6,away,63.501079685093444,30.212715767090184,43.55677281819828,58.02661725090632,20.723974775024992,1.1346388611541962
2036,203.6,home,44.31330008413594,31.545448403358215,44.04505870454958,61.818204374900084,21.65939227544806,0.8692868465176153
2037,203.7,away,63.31737743085455,31.556644260278095,43.71765609114575,58.0107440007647,20.285060507085806,1.1815505594915585
2037,203.7,home,44.36127763197388,31.52283987911352,44.131791954652485,61.53185376053924,21.64318114413716,0.7862792426381886
2038,203.8,away,63.30696748400332,31.47245884845037,43.48986912382119,57.89480552221852,20.24116311965828,1.1214906607517798
2038,203.8,home,44.29458321053707,31.451766011550827,44.317975736041895,61.69458854642204,21.621921333596873,1.2170067471018091
2039,203.9,away,63.21782284734995,31.443499638028253,43.35387948474957,57.71178836129175,20.228544622236754,1.312374303966141
2039,203.9,home,44.33240314204257,31.46211786036092,44.226985912342855,61.993858456890074,21.62860627812592,1.1331538385519189
2040,204.0,away,63.19518560438783,31.367226101590198,43.212899960007285,57.86902695135587,20.261855997202854,1.099703303841716
2040,204.0,home,43.76233885404671,31.522728433069595,44.17555787718072,61.78117266731748,23.155485728336913,1.247235440591979
2041,204.1,away,63.21186194219674,31.37129157627214,43.39770547761494,57.64485127588647,20.297722715858,1.0316708591384907
2041,204.1,home,44.26560907512319,31.38297004237539,44.110719743702674,61.463619017661415,21.55461826766774,1.2732762226288428
2042,204.2,away,63.24654225876766,31.369509674403478,43.116427568322365,57.6747864077195,20.304054863371572,1.1452936973625594
2042,204.2,home,45.77210482613769,32.018625241722134,43.89162879069299,61.51827370284219,21.785255704655167,0.8258736582542218
2043,204.3,away,63.240818963936256,31.345702864297525,43.06148908277352,57.731493436286925,20.394365472211863,0.8873074653435308
2043,204.3,home,43.69572270906091,31.357939042116293,43.98548258686999,61.63462392802263,23.087853194751965,0.9987351719573422
2044,204.4,away,66.48416819003414,31.589352397203072,43.12195853916426,47.87645316962633,19.03499746532467,0.9171011300369208
2044,204.4,home,44.241072241570635,31.256318645445038,43.920442329407415,61.53359547753293,21.506531152028803,0.7323385772504537
2045,204.5,away,63.40578091958638,31.41497757506705,43.13750201026993,57.912973443204194,22.20460825959784,0.913474334110496
2045,204.5,home,44.270579377731245,31.291200943835012,43.88510700714837,61.5772696179941,21.527513401236565,0.8418359032869834
2046,204.6,away,63.15592741901169,31.363278559484524,43.08998094113585,57.94788966976505,20.43690585388223,0.9773826994447655
2046,204.6,home,44.21125792483042,31.30066707979265,43.69656893597224,61.19144903502623,21.406934816942986,1.1380860037828004
2047,204.7,away,63.334846249726276,30.047214053584707,43.037267901152575,58.05329229597003,20.96670599838179,1.156394718091771
2047,204.7,home,44.22202698649795,31.325017259842948,43.653858486196214,60.96076110813904,21.357961323201906,1.0116001744912884
2048,204.8,away,63.189791931841995,31.42303575910286,43.00853050158192,58.40069808975109,20.49503704597078,1.0737537995368482
2048,204.8,home,44.1749173847416,31.29376401811481,43.81358290699518,60.746596166723656,21.305923502373265,1.4569536353321462
2049,204.9,away,63.17917488626171,31.46271056561318,43.089489951048606,58.41475294571404,20.497211939829423,1.147724734585015
2049,204.9,home,44.181923359183884,31.329270642131302,43.79939917825247,60.46441388029261,21.22031236830613,1.2024521286230039
2050,205.0,away,63.16792207025626,31.379184384400254,43.125736652352835,58.462637357386626,20.489447100251095,1.188855675687224
2050,205.0,home,44.18403388647887,31.329133555265173,43.80697974153488,60.55712431459964,21.255206035723074,0.8984843842109389
2051,205.1,away,63.1448148190603,31.380304065364882,43.12875400810789,58.48672380618364,20.526622241552563,0.9580071055060627
2051,205.1,home,44.238866410044444,31.347459208124803,43.92188674004716,60.17169190126064,21.1964167111613,0.8838560322685978
2052,205.2,away,63.14176427727821,31.406984502713893,43.17801695617594,58.76137428366255,20.528991168411356,0.9936105084779663
2052,205.2,home,45.802933879975136,33.47873562071445,37.66710805606658,60.06591943509528,20.464859116055727,1.0693711203914613
2053,205.3,away,63.08208526945044,31.448344130785742,43.13277077897221,58.57815269450256,20.543501356441148,1.0528159988233534
2053,205.3,home,44.172689175699254,31.425650011840048,43.740033267129164,60.29584087319862,21.198555846805704,1.2517792242006278
2054,205.4,away,63.079131645173334,31.446782633108704,43.13821453833961,58.5175541164881,20.513910879794434,0.878874727148096
2054,205.4,home,44.092529723593536,31.403273791184212,43.32555421704264,59.83279332531663,21.11638096159983,1.1571416160252541
2055,205.5,away,63.37982684950077,30.11080637790871,42.95198129271038,58.54094186526231,21.072447502196802,1.043735285764916
2055,205.5,home,44.07725910318219,31.35610046450829,43.375644952144796,60.1376003747088,21.17568409786317,0.9895110572135087
2056,205.6,away,61.77599004051733,32.075563741126146,43.07479910364426,58.781618849914324,21.031356965980763,1.4275755739568377
2056,205.6,home,44.09692131347454,31.348797489497738,43.40238529876025,60.08846890664239,21.157628934434705,1.0129800454587772
2057,205.7,away,63.04815927736209,31.431055238990382,43.14884380681172,59.05959194900931,20.60585923138332,1.3580269724394969
2057,205.7,home,44.14470912446646,31.387650180063602,43.29661141312388,60.11684905092602,21.128026548184636,1.171582463622995
2058,205.8,away,61.47549042360332,30.470321666981185,43.278114458168254,59.20014960649743,20.747916312516207,1.1487978070029876
2058,205.8,home,44.16121333280545,31.36284362031464,43.39429104227624,60.224856856898015,21.165669734470637,0.6929204618334487
2059,205.9,away,62.99672359780549,31.46525323472918,43.07388879183986,59.07456565020989,20.66472913435536,1.399664639515622
2059,205.9,home,44.14302774899023,31.40308712115191,43.334998542422305,60.13809257023238,21.15238190167726,0.7802644594157779
2060,206.0,away,63.029036248795684,31.455579245297262,43.1215007068414,59.57990974673736,20.756342288458857,1.2587596034455886
2060,206.0,home,44.08223661687417,31.368191426788965,43.24175597236424,60.172709417540815,21.11059240284053,0.7672670341625296
2061,206.1,away,63.03149863112146,31.421478902982816,42.91023512435698,59.65936471485233,20.81609599921013,1.3925546515630716
2061,206.1,home,44.127636553284965,31.36437265534897,43.17026081008931,59.849356610020045,21.074559459388094,1.2312129912219951
2062,206.2,away,66.37799951685591,31.470435859294106,43.02902561965912,49.738069409684066,19.382095848140235,1.7383188157840848
2062,206.2,home,43.66746113490452,31.437581321932345,43.25762568640788,59.498822671974956,22.59983269123734,1.2435104982128506
2063,206.3,away,63.01860521313422,31.30090225342857,43.099689448962934,60.47753175677411,20.872337008942193,1.368218554444006
2063,206.3,home,44.21125729290836,31.46625023650072,43.37671701691467,59.67279614474778,21.03932083197461,1.1790834622825153
2064,206.4,away,62.97092054429236,31.238858618651157,43.01211926922523,60.689381982211685,20.895728746457095,0.9978829008432885
2064,206.4,home,44.20181086648996,31.493977247490026,43.353058837625994,59.66602732101816,21.0003032455767,0.8792497923270787
2065,206.5,away,62.97031635216504,31.25975843705023,42.708903577656635,60.8750000037208,20.906435267039676,0.987686719978223
2065,206.5,home,44.16886680749204,31.49256707227779,43.12349165446976,59.65852748857676,20.997263959269585,1.2732342758546906
2066,206.6,away,63.00424594574829,31.25604871069878,42.66638854333946,60.902870912630334,20.96869700810619,1.151802284008735
2066,206.6,home,44.1509191299166,31.460403459004564,43.16843908001997,59.424024705404335,20.946513041291453,1.185988107607356
2067,206.7,away,63.04113720003941,31.323451571344687,42.74109048589375,61.14086944872358,21.047460428546263,1.2727433000088304
2067,206.7,home,44.16755631279861,31.46931268223333,42.84688567436828,59.33219253547192,20.87814156018097,0.9688757815821704
2068,206.8,away,63.83165031332146,31.885854739301642,42.801347643337955,61.189150683164144,20.725705997865774,1.1470065415184043
2068,206.8,home,44.189987309115665,31.43371281574565,42.82919308239446,59.322291138279766,20.822794230707093,1.2182843333435807
2069,206.9,away,62.973860459555134,31.31026991656007,42.94096842084357,61.01498608010539,20.990117150944346,1.1006096557334433
2069,206.9,home,44.2045752106704,31.42070534304656,42.66202405993415,59.291762730237636,20.739034168082263,1.1021849276602298
2070,207.0,away,62.965364142876915,31.377228427473316,43.1381752245246,60.704675087369495,20.98555913967877,0.9232252563521464
2070,207.0,home,44.1669504654837,31.434886960991445,42.676483551153,59.48823240434943,20.739375476393516,1.1656509195460243
2071,207.1,away,62.97783860643482,31.39974705880169,42.99948240370588,60.44068859945829,20.97786151965674,1.1794105851046086
2071,207.1,home,44.10289341251336,31.38943058501499,42.50285934120048,59.25447951430461,20.63972170827472,1.3051235405357446
2072,207.2,away,63.19430899665831,32.86973506527728,43.018349650292336,60.00263630441063,21.600123014786522,1.1626485284547348
2072,207.2,home,44.044317706004215,31.3330910987915,42.66256471498479,59.25102642983312,20.63545167159348,1.1503488665868744
2073,207.3,away,63.15841928273164,31.497391293702634,42.96977274247705,60.080847823154954,22.948550149221695,0.9320071537003493
2073,207.3,home,44.06271927399485,31.283113801079438,42.630325330927775,59.05372357832148,20.59407625725876,0.8678876326941295
2074,207.4,away,62.960773060512906,31.36814991592867,43.27101782285477,60.07004213235663,21.103354712036296,0.8309100925544608
2074,207.4,home,43.61633926513061,29.952765740244168,42.711679466275356,59.02117026272838,21.148872808252584,1.0848967773915632
2075,207.5,away,62.98411225098102,31.36273636683181,43.32208745418694,60.30021450160116,21.123075629219876,0.7353632783682442
2075,207.5,home,44.05761859442963,31.307986394461658,42.54031176101437,59.067576971387766,20.56138340494616,0.920317533086229
2076,207.6,away,63.018759556160376,31.34615886197116,43.22795007878673,60.0634867173988,21.077115675418142,0.7697046780248041
2076,207.6,home,44.04872170477128,31.34319585208841,42.606619770388875,58.94782582612973,20.56129412786834,1.3448016563912928
2077,207.7,away,62.96517821147348,31.378962028561887,43.095204429731176,60.26517974465794,21.155755728858146,1.3606584573002438
2077,207.7,home,43.990454799728695,31.34752590920066,42.60121830307193,58.703907140305695,20.545555865515677,1.4554942187147284
2078,207.8,away,63.02768639148823,31.34490702612535,42.802868524553986,60.43284461621623,21.22092098711024,1.3610204138102295
2078,207.8,home,43.9438259654872,31.297314761581443,42.78836178141388,58.85104631429383,20.61004257760716,1.225967182833966
2079,207.9,away,61.464525504253274,32.01489214033618,42.75623726659486,60.5209820954194,21.653911824154818,1.149181703408076
2079,207.9,home,43.928921958099814,31.285221515839932,42.906512444869165,58.479020368254396,20.615951890992445,1.2023248567125244
2080,208.0,away,62.9617324067289,31.384164732675902,42.78487163503374,60.96628010116235,21.305795433880263,1.1031456109434488
2080,208.0,home,43.896709069282494,31.246847780805755,43.09254445737807,58.57225304127466,20.64183010996192,1.161187780403659
2081,208.1,away,62.90337173791425,31.38068436786699,42.560230642287365,61.105227036291225,21.355151880512814,1.0064305194527048
2081,208.1,home,43.94583020254585,31.254070575899984,42.84779010724768,58.6282686355386,20.600345263654415,0.8079000319538158
2082,208.2,away,62.89904873940511,31.428564332804058,42.68962983475945,61.162161381226746,21.32626377219997,1.3302410109663623
2082,208.2,home,43.88289454029415,31.269103964966675,42.84423443350073,58.73579752333181,20.6201700875737,0.8489906237912209
2083,208.3,away,62.883327839990514,31.44977885451284,42.48937000911087,61.37453502436982,21.359066077011754,1.091601048626741
2083,208.3,home,43.86856270805053,31.270353396430153,42.849741957852714,58.641575474315744,20.574138028845507,1.0808124975668
2084,208.4,away,62.84467148764961,31.48172268847145,42.27852298599325,61.265425294101775,21.398669059417497,1.2075952040617461
2084,208.4,home,43.853009106922336,31.245537239721237,42.71097638419123,58.449751350069135,20.5043443850527,1.2087351319130581
2085,208.5,away,62.75169559912683,31.498944373713552,42.270518890942256,61.24731284055511,21.409060524569295,0.8967553697573549
2085,208.5,home,43.77630490323974,31.204488605316225,42.930019122586984,58.45619181602202,20.47721608835593,0.9986844838783039
2086,208.6,away,62.768527061995,31.460032806587307,42.2304130505197,61.28941660225347,21.385553146962,1.1197917444710053
2086,208.6,home,43.82808813109046,31.20289613326432,42.88021386333961,58.4239658902919,20.43030663949872,1.2986383247419369
2087,208.7,away,62.66989588904225,31.47156800523429,42.03409045557648,61.49451179526096,21.354845736924567,1.4330016347827574
2087,208.7,home,40.98829353402068,31.387957140891587,42.62379391761188,51.056557917310585,19.54687271710571,1.4533714481772568
2088,208.8,away,62.62325116551428,31.428146849346163,41.905441323764016,61.57498778614685,21.336907634310787,1.4049866705619134
2088,208.8,home,41.77476236403948,30.059489796504163,42.37933434565423,58.16777435373565,19.980432538767953,0.9660370766809241
2089,208.9,away,62.829972849706635,31.43625454776403,41.729837962292805,61.45677944344746,23.173308767932507,1.2496181244747753
2089,208.9,home,43.7991835114962,31.22996945490769,42.319305134617736,58.09721634304234,20.295555033413255,1.4352684263950684
2090,209.0,away,62.616036291931124,31.32385091182476,41.840288115911484,61.72554731279115,21.307340969342285,1.0734303939336352
2090,209.0,home,43.75050192804945,31.264785704004712,42.25745476210142,58.0220248254345,20.23510824624815,1.3212446719751
2091,209.1,away,62.602416941894674,31.24865837015418,41.998697391021956,61.69768353608602,21.31413715066565,1.3373179156571295
2091,209.1,home,43.7703303495809,31.32573366075178,42.37857597167505,57.787359413500866,20.164364777817514,1.0579653220874385
2092,209.2,away,62.571278107678275,31.197805343540576,41.998832704535374,61.57542989686634,21.330297453454985,1.0671834671949196
2092,209.2,home,43.73653874676824,31.298761882147446,42.223848310057456,57.62818220712119,20.090272117966887,0.9675234313551372
2093,209.3,away,60.90454752390419,30.235356219715435,42.01717361099333,61.80726164530198,21.383559582702173,0.8537939537557824
2093,209.3,home,43.728665877631094,31.253339324423052,42.45584500122718,57.51753287903435,20.114585470453907,1.0922136255346384
2094,209.4,away,64.99711588165857,29.964779989414666,42.11754267661351,62.031265899804296,20.72037093786424,1.093479072643341
2094,209.4,home,45.09950764939599,31.88744840423363,42.50066077865988,57.33170129629222,20.4456916042639,0.8833959919101018
2095,209.5,away,62.54689315830383,31.074071796998506,42.31940982318716,62.23521618269626,21.442786309532615,1.2361856066257007
2095,209.5,home,43.70407280076634,31.214134956328998,42.38516314397639,57.30714197801077,20.133673025662358,0.8538618406530486
2096,209.6,away,62.54839854297213,31.103307551318043,42.67420569851802,62.14432637493769,21.516187086325587,1.2209275865468994
2096,209.6,home,43.71234788866707,31.184995217812833,42.5996275047127,57.312951997824875,20.08990827689051,1.2500524426340454
2097,209.7,away,62.58587725224751,31.14766263669084,42.67116754430121,62.23977743496262,21.530387973420666,1.470086385959439
2097,209.7,home,43.733424484311676,31.245171780187935,42.647473252324545,57.21490406602252,20.05390138639426,1.184520251352463
2098,209.8,away,65.01055807007272,30.086788568236507,42.62078666213494,62.535896663272105,20.87227319945085,1.0242463342654555
2098,209.8,home,43.75306800281176,31.166677143191713,42.591201603174746,57.15673518897355,20.001245354539307,1.2050678803299493
2099,209.9,away,62.55458747537607,31.185215045613425,42.730426102964934,62.43567097172908,21.608272065294457,0.9881199632828345
2099,209.9,home,46.63112890282144,30.86481885513619,42.68400329724499,42.203442240094176,18.74703270993024,1.1884196984646977
2100,210.0,away,62.119838026813,29.771004257621573,42.50492406484173,51.33412859129254,20.267137424758655,0.6408206429715299
2100,210.0,home,43.35371007542391,29.839374229921695,42.59899585864583,57.04122100501616,20.613998244326975,0.946295025353091
2101,210.1,away,62.49541148014957,31.220284330685775,42.67813741163299,62.393339276234116,21.618557979799263,0.8386411050782915
2101,210.1,home,46.63831908577208,30.769408158417754,42.620440999632535,42.1451298604711,18.79572441547901,1.273779836598615
2102,210.2,away,62.51506466929884,31.219569103971377,42.55649127263882,62.49852059151953,21.64026694977076,0.938983147456896
2102,210.2,home,43.69758656990201,31.039186432821058,42.5710024797623,57.1856663999898,20.09115671257733,1.0757938661604636
2103,210.3,away,62.438008453371936,31.17796493515038,42.63862712540729,62.517301266343296,21.66619461913891,1.0811192835744163
2103,210.3,home,44.9614287324109,28.81344163177251,32.688379556994306,57.02921062157902,19.22618978645796,1.3076156667868253
2104,210.4,away,62.46166227470212,31.142159425961708,42.317282333106355,62.65904622601727,21.69761314393978,1.025574529789705
2104,210.4,home,40.804447677655446,31.193138458014612,42.48587831122139,49.11497999946127,19.14532257141514,0.9077244840893511
2105,210.5,away,62.40337451404485,31.129548840285874,42.10341048908572,62.64795787579793,21.747693513578277,1.2198993078648708
2105,210.5,home,43.565158978772494,31.107032962350942,42.32892836550367,57.041348296402624,19.992775035448645,1.2260792138452319
2106,210.6,away,62.3618389742232,31.073559765306594,42.208980345836025,62.64866760931305,21.773039705169367,1.2391155946879977
2106,210.6,home,43.5124169846388,31.07600576029373,42.280733371066674,56.5493890893581,19.977027024375612,1.2834829747903909
2107,210.7,away,62.34308916962009,30.98115692316219,42.114366876615385,62.75765322117139,21.818778874478657,1.3347714057203797
2107,210.7,home,43.498540252167025,31.09047986463796,42.07061352574706,56.78983980349411,19.991532146656564,1.4153973126325514
2108,210.8,away,62.31401136480337,31.001439267229987,42.22518247478318,62.89228278212953,21.897792054497852,0.9345164427685791
2108,210.8,home,43.46221397580149,31.09695602044612,42.27023033952167,56.700527113476376,20.02183589210333,1.264786675255417
2109,210.9,away,62.328188892196415,30.995095558794592,42.355901753364805,63.21982439459789,21.94911353204151,1.0671387329717954
2109,210.9,home,43.41182038214192,31.06979145752119,42.10969452362882,56.840354923311956,20.0422769874307,1.2025648501769342
2110,211.0,away,62.31576244240846,31.03554891359672,41.930854013720904,63.45551497182656,22.003189428709923,0.9900475634701064
2110,211.0,home,43.422391845467274,31.062528236244262,41.95382203818573,56.697593930478476,19.96268414632903,1.1097140243737693
2111,211.1,away,62.23706590796069,31.032568897696947,42.05814745105848,63.57170385715915,22.033277252442193,1.2426355475806543
2111,211.1,home,43.43951661256114,31.101694150453685,42.13581388880585,56.529011020224175,19.91262890682136,1.0379130285759002
2112,211.2,away,62.22425962581048,31.083853773215342,41.78111575979679,63.7377103179749,22.08971011564611,1.1401176386773324
2112,211.2,home,43.41386059720938,31.102334638467973,42.093989330361794,56.149338309805835,19.867842425159186,1.3286182457925877
2113,211.3,away,62.207522819924705,31.075098234931954,41.83536719435529,63.51709141538244,22.07476396279172,0.7370288102874946
2113,211.3,home,43.3779946886188,31.086111618075833,41.887602317878624,56.155896182611755,19.831097140090623,1.3018131276741074
2114,211.4,away,60.53748100035894,30.11378052590087,41.90302289156422,63.4620660608379,22.180225273845505,1.1135146749908995
2114,211.4,home,43.364593683045534,31.056612616969172,42.02400756573861,56.13493419139654,19.844828000340307,1.429885086153491
2115,211.5,away,62.22242859984714,31.06495381306817,41.93179123440169,64.02846932155764,22.187482474368956,1.247378017975013
2115,211.5,home,43.292078689175405,31.04412164464319,42.153171640094754,56.0120540281528,19.77530727836823,1.3321681244488905
2116,211.6,away,62.18494947316438,31.11078650173965,42.113790692126365,64.13973732657536,22.221657226444908,1.3400942720464928
2116,211.6,home,44.58795845771435,33.06270272747703,37.42328422060149,55.71989192252992,19.179863964470467,1.1947579665138552
2117,211.7,away,62.117274644709006,31.129257390826623,42.23595401448037,64.21856933641511,22.195288522443573,1.098548146798223
2117,211.7,home,46.02778921477408,30.8442711382727,42.09903057643361,40.793833238552594,18.616349031333407,0.9279640226559834
2118,211.8,away,62.08691409399825,31.117277788116837,42.02527976386317,64.03000934141751,22.119520367910805,0.8333039136353521
2118,211.8,home,43.22672624854062,31.03909704216694,42.07862872934514,55.742233004901,19.681521733357176,1.105373388487555
2119,211.9,away,62.06746488906495,31.17076493905455,42.183452791215984,64.07725360542983,22.146496439132015,0.9351985293688346
2119,211.9,home,43.12889393102368,31.020155805242748,42.428684263239894,55.60858612624675,19.69714892490939,1.4179392803917603
2120,212.0,away,62.05722231493933,31.198331316227712,42.23590397897313,63.96327067094346,22.174004362564716,0.9874364757188044
2120,212.0,home,42.52292155948253,32.50992872421867,42.21960990303025,55.73409633847325,19.973290353796713,1.0786347892705863
2121,212.1,away,64.42406285427685,32.54449906074193,42.20442840464726,63.91289641945119,21.50523537566637,0.9006504286564899
2121,212.1,home,43.03887766248146,30.941662587516728,42.2232068696654,55.48132236015789,19.665576009417734,1.1202005093941192
2122,212.2,away,62.0237429261041,31.146688136754562,42.30188267739818,64.04529145499637,22.17631966629586,0.995307421501694
2122,212.2,home,42.98423570286942,30.928081540839397,42.22435245170362,55.46732545428175,19.69207553222378,1.1518284495132802
2123,212.3,away,60.32849910840348,28.981578842525078,33.443358179393115,64.20919000764414,21.459541315764532,0.8140874012188235
2123,212.3,home,42.96478237802598,30.953233387521212,42.01684265792527,55.40253248895346,19.626140851023013,0.951137556439503
2124,212.4,away,61.95580637545351,31.19145754350994,42.267037381024046,64.23915015432614,22.218698318437703,0.588714550592077
2124,212.4,home,44.324162427411395,33.01393095430929,37.13813396091184,55.223879620726215,19.083036770467146,1.0716429828195069
2125,212.5,away,62.017402296285404,31.211040346820813,42.34225097491271,64.1325631373771,22.23404694921354,1.109311710023317
2125,212.5,home,43.008839286732005,30.974407129799634,41.880763861523455,55.34841898165527,19.570762296637678,1.17396106437223
2126,212.6,away,60.331519490516996,31.891592101526186,41.97184694466133,63.942779366990244,22.490746655025884,1.2199871001140703
2126,212.6,home,43.006532450412465,30.93196156221726,41.78389340706513,55.182019017242204,19.5096684981834,1.1133896318751435
2127,212.7,away,60.33143525380238,31.8405970100951,41.692220556833945,64.26954923960494,22.503896154635292,1.1165844714227495
2127,212.7,home,42.95895294489076,31.011394039601512,41.770982946674025,55.02256677008346,19.4466357862087,1.0216853122609728
2128,212.8,away,61.98285050547242,31.081309541588915,41.700181648042786,64.29710961288345,22.25977495813602,1.4539926711378024
2128,212.8,home,43.00519399154788,31.01022088229166,41.84903157048474,55.02807914464485,19.468793851924616,1.2228329374103657
2129,212.9,away,61.96078252345157,31.022719593777357,41.70660991020379,64.2801833394195,22.2504758191339,1.1983618579482613
2129,212.9,home,42.49339814222938,32.58512680683947,41.85367946879362,54.47715521294396,19.642325782796895,1.3282447663619825
2130,213.0,away,61.943472755059595,30.992604861053678,41.567723295805344,64.11558092222745,22.23240172958031,0.958016308593946
2130,213.0,home,42.9772920602802,31.07803653261617,41.77724019461942,54.72744567026476,19.417102280643267,1.1257969303684183
2131,213.1,away,61.90870580936353,31.020817715990088,41.68236741443432,64.18581982605615,22.269219489804275,0.8494530499553061
2131,213.1,home,42.99147182288436,31.08219805555549,41.70219813892337,54.8359543025956,19.42156596037318,1.0100931440718528
2132,213.2,away,61.90836990772695,31.00715522709203,41.72165026717092,64.20906428931558,22.30372449945024,0.6265420231084964
2132,213.2,home,42.97619382788139,31.09608435858826,41.91120962695936,54.69169264459619,19.416657859677084,1.048710264313626
2133,213.3,away,60.24798586036216,28.831329331794915,33.04844149429702,63.95297282548961,21.568970737370776,0.7618436686112335
2133,213.3,home,42.98992933857545,31.079199095018147,42.26653043479985,54.779648253937054,19.427968284301734,1.1261392620842423
2134,213.4,away,61.829508323834446,30.96673127000796,41.77116006227252,64.232868923709,22.31686971068564,0.9121941289205439
2134,213.4,home,42.891649344840125,31.086209298450346,42.16464799229965,54.55954629347138,19.42994185571757,1.0909960352160228
2135,213.5,away,61.795502430730224,30.976867735793572,41.83575491369377,64.36970123821503,22.331335085829195,0.846765973103081
2135,213.5,home,42.89859206597122,31.063684062641872,42.224840925438755,54.69196898066967,19.47121679948539,1.0916392373206196
2136,213.6,away,61.803099442108916,31.003918670493963,42.05068420292408,64.25795632804582,22.360455957078376,0.9535837034006768
2136,213.6,home,42.864872929629605,30.989952499811203,42.233723643842545,54.65026298462504,19.489791691721305,1.1792010288150636
2137,213.7,away,61.72005188915812,31.03154395642162,42.221908288648436,64.58939589454187,22.425993931981424,1.151290011691714
2137,213.7,home,42.84217498672315,31.008566243555936,42.17793766199121,54.75428103403786,19.449590701064537,1.3947585243137186
2138,213.8,away,61.72617906611792,31.046258563448706,42.111018540269214,64.61270466035836,22.44591016034057,1.2578042268915146
2138,213.8,home,42.80819799776461,30.98634910980053,42.059800000728885,55.03225733877164,19.45969909336671,1.2875856341871736
2139,213.9,away,61.67955698396665,31.06033953584412,42.40384972689611,64.90869306834547,22.51981678261572,1.3295372516702655
2139,213.9,home,42.78692452382968,30.97345020257261,42.26101194710133,55.10788302650752,19.444677990319576,1.2207098446703326
2140,214.0,away,61.65162439774936,31.061380573095914,42.44608042452523,64.94492010803744,22.504228802672458,1.1142105356263226
2140,214.0,home,42.756650492264846,30.88845757119697,42.21751021082688,55.02494917928975,19.375066466838483,1.4113333884565906
2141,214.1,away,61.57721607613425,31.017731157569287,42.403953473417985,64.79788017667897,22.45531465770379,1.07191543730999
2141,214.1,home,42.66512127985156,30.823291955535943,42.120565238881014,54.87553560417733,19.33613291941924,1.4578643621020122
2142,214.2,away,61.553982156657895,31.010954810628583,42.525646975782,65.04039486232742,22.527587006169846,1.058234953203109
2142,214.2,home,42.64426004263042,30.788165920425595,42.06209783615311,54.95902136651713,19.3305006115108,1.2148890092723972
2143,214.3,away,61.53648582760727,30.983650236377187,42.35673471917854,65.03826897748816,22.52417488426059,0.9831944966466897
2143,214.3,home,42.6675705907485,30.80296341671076,42.077051174741506,54.88895431043797,19.341211113259863,1.1698532891530349
2144,214.4,away,64.09295139116463,29.671534867195884,42.17950614695482,64.93881628271892,21.73029084773166,1.2457163869064476
2144,214.4,home,43.80671379287325,31.61856823401977,42.111471412223565,54.98055524836298,19.780243326249696,1.2601699304391079
2145,214.5,away,61.48979466282285,30.89987219821323,41.98038568741897,64.93784551464104,22.514131474867416,1.044543547638854
2145,214.5,home,42.25631534266324,31.059848852878424,42.2935337920086,55.006564987871734,20.877541440618444,1.0698719649634165
2146,214.6,away,61.45740097914358,30.895865978163272,41.92171643962287,65.12904309291547,22.543629562765073,1.1059695085871433
2146,214.6,home,45.29983543768156,30.73127989300898,42.25111293553295,40.68381310093564,18.360061265697844,0.9689752854662039
2147,214.7,away,61.425890070355265,30.88598179506744,41.79544411752117,65.18624961160178,22.53231461033097,1.1574432207431427
2147,214.7,home,42.62749836294881,30.900786728238312,42.373879101766306,54.946921111870516,19.43887865228343,0.958068322033559
2148,214.8,away,59.717848305520725,30.034504041335786,41.54883299674756,65.0319254666782,22.682325920935227,1.2357222962540682
2148,214.8,home,42.628904345866395,30.898730021108307,42.07111479357748,54.88296388360803,19.399609544420272,1.0160053535123303
2149,214.9,away,61.3541634308057,30.87314478640077,41.469980114210436,65.1181533913304,22.541882090201998,1.1894563304908907
2149,214.9,home,42.57090876017099,30.946443520825323,42.15835100159559,54.75911517029147,19.43454338134554,0.9674171139361146
2150,215.0,away,59.587733863967514,31.58347228981399,41.507904004959485,65.3362460651119,22.810364431255753,0.9525413368793385
2150,215.0,home,42.45670083724107,29.589669690049924,42.29520387036791,54.898304988627416,19.8972673385409,1.0197575478586507
2151,215.1,away,61.28709016925868,30.854271913235355,41.43854951827835,65.23383247034342,22.583830830851944,1.069977573575304
2151,215.1,home,39.774485742081254,30.876517497969548,41.95003946526805,46.1531437329777,18.383927947018528,1.2685660551708966
2152,215.2,away,61.311881098590284,30.849864945998743,41.6635713009028,64.84646488534504,22.545208275608612,0.9073999168473105
2152,215.2,home,42.53548854398957,31.01161087202773,41.843126982597454,54.82702754516747,19.36093491196731,1.0790828023880814
2153,215.3,away,61.26199703776963,30.874015134566434,41.55353179865223,64.8404256845004,22.577628984093973,1.118259525250802
2153,215.3,home,42.51126225525338,30.999488080733624,41.7738039374442,55.039966467696196,19.368541938985278,1.0410223752640766
2154,215.4,away,61.19493227912078,30.918989280322194,41.82384540575642,64.98697892075162,22.646674199414893,1.0895778798190432
2154,215.4,home,42.42950915483041,30.897177507774924,41.698064545438825,54.91072794277552,19.342795708621598,1.0071814870784832
2155,215.5,away,61.23275685601377,30.884797577006143,41.803129367911104,64.59591047940063,22.62031380866805,1.0914480844180334
2155,215.5,home,42.41741474851527,30.91792571119713,41.7457421476454,54.877232551400354,19.336245291790465,1.3455162105257388
2156,215.6,away,59.49306211297151,32.95894217441269,37.72872292157823,64.76933625800582,22.14843278211887,1.2917025530872532
2156,215.6,home,42.35858029246953,30.96452747045337,41.51776078721872,54.827076953251876,19.244863062348365,1.26102151379804
2157,215.7,away,61.16661896929747,30.93385362011816,42.08563495336982,64.69226164914262,22.696639968480504,1.522952232799109
2157,215.7,home,42.32940014731221,30.960471024274238,41.61017009357614,54.62698622580383,19.244567260899817,1.0788540526652755
2158,215.8,away,61.09065893432273,30.90243163448848,42.12336734706667,64.54358837387977,22.681753338418716,1.0953056238854002
2158,215.8,home,42.32392102536381,30.915321225444742,41.51189988703564,54.47265471066056,19.204814899405015,1.0150500752767158
2159,215.9,away,61.135001204067834,30.87541864563201,42.23003671786856,64.69349192317866,22.749911223672086,0.9919242654074729
2159,215.9,home,42.313742767864284,30.9930028558347,41.33934839086712,54.279799114711224,19.177302974813582,1.015572512457692
2160,216.0,away,61.08041746545366,30.91880694826191,42.189198818378195,64.6630540651773,22.754552811126675,1.2970155666723089
2160,216.0,home,42.29574419092342,30.98556221880052,41.599446614217136,54.104508806894614,19.176719550799294,1.0136473223835611
2161,216.1,away,61.065457773281466,30.945047217638884,42.15300985452629,65.16885288148445,22.823813724516096,1.6348635638485802
2161,216.1,home,42.25705348219694,30.94264796344022,41.73528787255925,54.03281268878625,19.17492453974389,0.9642112439128538
2162,216.2,away,61.026530362036254,30.942603841202587,42.05073046457339,65.36187697459951,22.781300704796806,1.2344698823480076
2162,216.2,home,42.26040443642219,30.95073221596799,41.783485995572676,53.8878325628158,19.135123921748654,1.1439681578892757
2163,216.3,away,61.00756664727717,30.91849385101497,42.12250558472556,65.5154350721122,22.75709808840851,1.0801489536684774
2163,216.3,home,42.23000232769116,31.02240449805256,41.72670182396601,53.91247872891408,19.12404335338997,1.0869925776470586
2164,216.4,away,60.968813314732394,30.981060296853265,42.39553201025876,65.619817635889,22.817423762979185,1.058710744218262
2164,216.4,home,42.22617931633911,31.05640692288844,41.85113527180368,53.78684913844897,19.148292368217657,1.192033239121649
2165,216.5,away,61.19235436658064,32.515819488790335,42.338376692004545,65.59728192363875,23.411822588098197,1.1151344379730928
2165,216.5,home,42.1824265685405,31.07195262744301,42.383845823432345,53.88956912021868,19.242457913231178,1.1105381348976875
2166,216.6,away,59.216405835629054,30.16909001066627,42.24368645494207,65.89192201498601,22.998868908985457,1.344705359482945
2166,216.6,home,42.159146181724445,31.11331229540266,42.47445598414625,53.904695231022615,19.27693668390763,1.2406868123409358
2167,216.7,away,60.96636660410531,30.990585896472172,42.27580150706098,66.10859934979499,22.849256853950063,1.0258494317264077
2167,216.7,home,42.06029232015033,31.169316646970138,42.605170027705526,54.14879263296204,19.325222396005184,1.4903847014179754
2168,216.8,away,59.28756915228193,28.878735005919953,34.678821343925016,66.04532296650898,22.1946550386231,1.0970834515977492
2168,216.8,home,41.96075937698988,31.167402822806412,42.49062093374124,54.47743130317819,19.356694910909148,1.2854899313312644
2169,216.9,away,60.911938938227514,31.061877864384574,42.331125346038554,66.0375487183227,22.76968316679681,1.1897654239872806
2169,216.9,home,41.930930702283646,31.126903765223904,42.47928028701706,54.823196164758144,19.39295107500537,1.142186085832088
2170,217.0,away,60.86780927770603,31.076347834532193,41.8389659930247,65.74843900938113,22.741625695628787,1.189489194730248
2170,217.0,home,41.94131381997181,31.134970109396875,42.51372765143641,54.71137162462989,19.37640836421296,1.1826297436474815
2171,217.1,away,57.694095829292415,30.874520089197933,41.90700133574785,51.79254170650167,21.588779698170526,1.0754307081250705
2171,217.1,home,41.864019480152045,31.1325680333355,42.47938229200588,54.831964837887874,19.431507686708304,1.1051814913125115
2172,217.2,away,63.33547749879957,29.762529164275843,41.98407644686188,65.69964942107441,22.088375549530014,1.1294510385791372
2172,217.2,home,41.8554483110242,31.11944385611198,42.454976195411234,54.66271588924721,19.39988600801488,0.870958368793029
2173,217.3,away,60.78301783937061,31.009420435181042,42.0896393223712,65.45739149124921,22.765632972668612,1.0203733487418907
2173,217.3,home,41.804569933568665,31.083558649695796,42.23294082722927,54.81483012185472,19.35587532749921,1.3429102425838142
2174,217.4,away,60.7962835340033,30.99316924197534,42.128886710382474,65.41585620790227,22.724666179695564,0.8171496722231197
2174,217.4,home,41.8253684581252,30.972221387135537,41.99139184162738,54.57059117168458,19.298342078567003,1.1659509629405165
2175,217.5,away,60.74873092703057,31.001027355238957,42.197690287877194,65.48050526851625,22.746300654580214,1.1319236660180116
2175,217.5,home,41.77436536948974,30.945824936701026,41.95054516748702,54.62104159085168,19.265083980444672,1.1062317747598365
2176,217.6,away,59.06147833797776,28.907185145174445,34.93982176541045,65.37712202924101,22.1780998481826,0.8313890826121211
2176,217.6,home,41.57112944453234,31.072462203045042,41.79867550153705,54.239669261967904,20.86166672003558,1.0659009732682858
2177,217.7,away,60.635746960497364,31.029542783813543,42.100793149875805,65.53067257923124,22.77267619905444,1.0454665838006507
2177,217.7,home,41.8640366142294,30.904998489351055,42.02124654544687,54.13311243222171,19.230440045139236,1.0560319919277203
2178,217.8,away,60.64926699836733,31.081533129385026,42.47435606442297,65.47291141696229,22.821096018265017,1.184435075493951
2178,217.8,home,41.833997128057895,31.008194048212296,41.9268171253104,54.056673443230835,19.244801652559126,1.2168227949001185
2179,217.9,away,60.59282155916065,31.0627215350483,42.46799829796124,65.56828207063653,22.799233173807,1.072311572352943
2179,217.9,home,41.77632686262068,31.022488341622736,42.011116118448214,54.14899488789439,19.23552332185978,1.0607078443560845
2180,218.0,away,60.58890659969884,31.13316629015252,42.43840388684558,65.538885472407,22.799176253259144,1.2776847261476332
2180,218.0,home,41.73481590067486,30.962983320404103,41.87517918647546,54.1086603362775,19.21459745726036,0.8249217740864282
2181,218.1,away,63.98109878594808,31.003649416089935,42.26621765297606,56.50684599658295,21.537590008429785,1.0266575978807926
2181,218.1,home,41.70564669442835,31.01301775642817,41.849740672466595,54.13947447740121,19.226824795202845,0.8579733080831111
2182,218.2,away,60.54745595577014,31.094997237703012,42.27849135317451,65.5877770940595,22.76555769664086,1.1932748333339491
2182,218.2,home,41.70471696135065,31.02763212935415,41.832778015515665,54.00250947719415,19.180170087033755,0.9954349381783595
2183,218.3,away,60.89572625171043,32.797729664721864,42.02898589548723,65.66093440356325,23.277176879057873,1.3288289429723812
2183,218.3,home,41.66419517522882,31.084137522306552,41.843145705975175,54.216331963283366,19.191445939310384,0.8490752700371911
2184,218.4,away,61.0255960549657,31.31094517732306,41.9445002259462,65.67141407754187,24.487122177870425,1.3316943550049394
2184,218.4,home,41.65208916278421,31.094661687579677,41.96588034619602,54.22350746284156,19.232493655095485,0.9233668425301265
2185,218.5,away,60.478070716298454,31.221509602973512,42.01852732476086,65.64268408231754,22.798125462748366,0.9638509883677671
2185,218.5,home,42.69535470141577,33.23317375134336,36.43249701472414,54.43756149975093,18.76632066537332,0.9170273181190922
2186,218.6,away,60.47823432298098,31.17317744109573,42.028167339650764,65.40129990741991,22.75334993807275,1.3051783071906538
2186,218.6,home,41.56978881196863,31.134527490518362,42.12990704594779,54.43369995391606,19.23065169151138,0.8394316021136913
2187,218.7,away,60.41281839908099,31.12537479585814,41.751750022113086,65.26126823973517,22.724804678767043,1.1390956516744153
2187,218.7,home,41.56015817515367,31.072756886580304,41.947615087094455,54.34510181695791,19.215572675589097,0.8953467107616447
2188,218.8,away,60.41236163510707,31.043312169721233,41.75222307502149,65.48770973509652,22.769372654943265,0.9449817459227886
2188,218.8,home,44.05822287819121,30.92155091072903,41.89275615183476,42.97480076976143,18.535900704265313,0.7897502182493822
2189,218.9,away,60.40919128069367,31.035628380866857,41.843553487712114,65.41414676904515,22.734820939614487,0.8621410483114723
2189,218.9,home,41.55124339083272,31.068840078137626,42.01506737576955,54.60970050321592,19.277625769752486,0.9555106517237973
2190,219.0,away,58.64857732072513,31.91244177085659,41.71424120412745,65.25535135351095,22.888679836317475,0.8755969459547869
2190,219.0,home,41.55237333275866,31.05223291597225,42.08747804349786,54.703642999357164,19.30921989783565,0.9490734131840264
2191,219.1,away,60.35717468975602,31.093864177593105,41.82911896204074,65.18382370534457,22.730048908661033,1.078575209276565
2191,219.1,home,41.51184037456482,31.012416357310595,42.24818765530898,54.736515961115146,19.358126896645057,1.1441457160126756
2192,219.2,away,60.961920480611084,31.239621297599445,41.72187701644262,65.43204098689735,24.406776891674145,0.9189096592618153
2192,219.2,home,41.458578509524,30.98414650773999,42.21040974509532,54.87716190744705,19.37680211899905,1.4370665690514342
2193,219.3,away,60.36578688851825,31.08792338329472,41.72799597201325,65.2816573400143,22.6946566205651,1.4032798100323307
2193,219.3,home,41.44561839145031,30.976245332115845,42.40195702607631,55.172145252536794,19.4119757940705,1.177526078257369
2194,219.4,away,60.34402193659877,30.997454436530926,41.6922027757289,65.29240126595849,22.672018253676175,1.5278374839484208
2194,219.4,home,41.39081747445436,30.910504783415817,42.13762428275389,55.16914982796847,19.386896755765214,1.1013994865110919
2195,219.5,away,60.24931044697773,30.973193664537316,41.74671312445403,65.14693103639104,22.655210440612816,1.2501824128425805
2195,219.5,home,41.342530542001285,30.907689459686512,42.168926162718144,55.42760254704625,19.45185675446888,1.0449887677632037
2196,219.6,away,60.2485743695006,31.018860571783083,41.88651339875288,65.07450398955649,22.6206306988804,1.0032587099731012
2196,219.6,home,42.6465409563586,28.664245578715825,35.80762864696916,55.46993074602098,20.768509004438727,1.214218773495402
2197,219.7,away,60.1974627468686,31.06876252144369,42.03776425157917,64.75473031821922,22.585850367672947,1.0767647375735288
2197,219.7,home,41.27328473779126,30.968563579219563,42.713755317192266,55.56318318419876,19.495164831049,1.1948259792503304
2198,219.8,away,60.207505602262806,31.053740180623436,41.95038346231878,64.59492976934824,22.543456137643634,1.0365058996124619
2198,219.8,home,41.2334194194186,31.00724779405763,42.68490121927243,55.32504608250725,19.469871507024735,1.2327552657354526
2199,219.9,away,60.158973132041986,31.03958573117706,42.18429777885385,64.70688456761819,22.59903163526263,1.3536289230967335
2199,219.9,home,41.23188602560999,30.998188920241855,42.72015932778529,55.242964249804956,19.479345138019017,1.0181956872482767
2200,220.0,away,60.08021002001007,31.063801989709795,42.040669678630394,65.09154071828459,22.58215285805966,1.2715346645408805
2200,220.0,home,42.42029927992218,30.34749413476866,42.60485247592541,55.23961886505718,19.82762261521736,1.0778856435084638
2201,220.1,away,60.01366128085032,31.035839246071223,42.262679517930614,64.95831537049585,22.58775413331773,0.9714020135013507
2201,220.1,home,41.15769019185593,31.060970502622567,42.53878163562867,55.32441921421716,19.52645353635002,0.9190038248645969
2202,220.2,away,60.01724591504444,31.085984324926514,42.29613886266982,65.06256603001938,22.62286289005961,1.3336002260481086
2202,220.2,home,41.12233653810012,31.121852449752115,42.66747201369866,54.9820260253829,19.527320387246682,1.1845421513130345
2203,220.3,away,60.03048346595981,31.142855963765065,42.50408067295934,64.72900419965917,22.619689318809684,1.2807560082491127
2203,220.3,home,41.17566536881317,31.215127513777706,42.73342415560464,55.027129474658736,19.579990181444927,1.1659781935245943
2204,220.4,away,60.06141886780611,31.207405638588895,42.455957510430444,65.02768250314782,22.628579835841336,1.1334016322526728
2204,220.4,home,41.08787876910067,31.28854285688801,42.89124689167524,54.8512812814793,19.62734573883238,1.2755946138042702
2205,220.5,away,60.05129787111219,31.21861901939177,42.62350217374466,65.19355263012349,22.661229881005895,1.1610360073000023
2205,220.5,home,40.9191770707812,29.873478775876443,42.80183705115428,54.96250016732481,20.055214340108954,0.9165310585018009
2206,220.6,away,60.000410314707054,31.22988231091246,42.68573332875127,65.51476321888364,22.7163679463658,0.9769484316157689
2206,220.6,home,41.10149621184868,31.30630732224063,42.78807730015454,54.91750602186637,19.661625424970484,1.4582340290439768
2207,220.7,away,59.95466014534555,31.291914527887695,42.768298689343425,65.24374592949161,22.702960812406843,1.2444108783564902
2207,220.7,home,41.08266101665026,31.337413846610346,42.88686641969734,55.10654665944572,19.69638829784104,1.0060560015293705
2208,220.8,away,59.95247556504909,31.355125467828888,42.656207490305114,65.16141036741875,22.657277765806946,1.156264372563584
2208,220.8,home,41.01556984665622,31.36894244017511,42.90744028486917,55.03108077328983,19.737319153324,0.8670601836508467
2209,220.9,away,58.8549508940322,30.754166192978104,42.68782196937431,64.82206144857753,25.055829162625916,1.1808902374161885
2209,220.9,home,40.85784813395128,31.39330342729004,42.998931360315595,54.97591849030602,21.47977459973769,1.2117174474675358
2210,221.0,away,60.42567742405438,33.07031064671678,42.65570040993721,64.50551564073128,23.1073920428743,0.9373997733141918
2210,221.0,home,40.985723641546485,31.344505975988138,43.29629835073287,54.87100699537392,19.795585971364265,0.9464452430605639
2211,221.1,away,59.95002510628742,31.43389523425201,42.65962545792571,64.2490866006903,22.53253564330526,0.994471884561817
2211,221.1,home,40.99578474601782,31.370895338862564,43.330128962918735,55.08548021896408,19.803300180698116,1.2108888026322722
2212,221.2,away,59.92482670483114,31.496935875101222,42.586399792246006,64.55746741651106,22.53207781089883,1.409271391400558
2212,221.2,home,41.053159123304276,31.41564512356215,43.296462395046134,55.476018570272366,19.82187404589658,1.189808628197477
2213,221.3,away,59.976711464147144,31.527930616822754,42.59407987477034,64.25962347494952,22.482474606062326,1.275742823510788
2213,221.3,home,41.093259095745125,31.416820432565434,43.31758694724419,55.42457873316444,19.776483800720772,1.0473807042887233
2214,221.4,away,59.97157556246484,31.599003782403226,42.42519418314857,64.10151043649685,22.43293018255785,1.014366135458137
2214,221.4,home,41.135033226856216,31.443505234663245,43.474695435594384,55.64522604726554,19.82110476198823,1.3741105966210654
2215,221.5,away,60.03011378822868,31.634543991853945,42.51268006368472,63.972893206957735,22.441968832193144,1.0258402433318075
2215,221.5,home,41.042828230739254,31.52221014229599,43.324772232510824,55.786680169390884,19.839606499984782,1.5224034111002605
2216,221.6,away,60.011062999922096,31.646284180905123,42.65736265280228,64.35263536935389,22.46306290809218,0.9196200660039487
2216,221.6,home,41.02345281019617,31.554683156734164,43.56258733149378,55.998204744526106,19.90269308477076,1.3271907353057344
2217,221.7,away,60.039391032803316,31.684983087418207,42.77725966882124,64.4346772260943,22.49672464430964,1.1005446079074443
2217,221.7,home,41.004553204258066,31.655383849208462,43.41206462584339,56.36982261461477,19.941903796363437,1.2409784315416448
2218,221.8,away,60.02694654271684,31.693842904195602,42.579390890278006,64.30601249553528,22.455265736752946,1.085920454364122
2218,221.8,home,40.97631431297802,31.728207248194177,43.36324369955928,56.51001118158127,19.97548534705806,1.0805957432757454
2219,221.9,away,60.0421773691179,31.737496573090823,42.66437586400162,64.2791794489238,22.448266625306015,1.1382507791738155
2219,221.9,home,40.989623298136756,31.767234625022027,43.184759588153554,56.732100296706236,19.949903961423924,1.2262559473211754
2220,222.0,away,58.590098947742355,29.72752698699628,36.78195559509842,64.09997103593014,21.93954504609057,1.3934190584726225
2220,222.0,home,40.92711157931442,31.83046462812447,43.146791838695414,56.626370113820414,19.970565190098696,1.3262821858955307
2221,222.1,away,60.04027106968129,31.852915743036547,42.821229926924644,63.88509357298281,22.3772067507416,1.0089665861831882
2221,222.1,home,42.07036665162718,34.02512449791945,36.72973659756357,55.98886762015485,19.45060701510759,1.212507296989595
2222,222.2,away,58.179138778298736,34.07289318174474,36.443227877184725,63.928340539719414,21.63114576467895,1.0094967354089723
2222,222.2,home,40.713369188265595,31.931897266640505,43.01171095415107,55.90832181189954,21.735210852205352,1.1126697605350973
2223,222.3,away,59.897039966532795,31.8620025866815,43.02756562754328,63.87768819893408,22.42052991408365,1.1693944510910435
2223,222.3,home,37.80673721089586,31.764742133372476,43.015588439973705,45.04142528856626,18.660421433951818,0.899565828149383
2224,222.4,away,59.86536815157684,31.883686773047327,42.988656554224804,63.74905167596586,22.386886689501758,1.2878600666071962
2224,222.4,home,42.21303374971929,32.911991209960206,42.814832168271124,55.606033442932336,20.31043507128582,0.8823820244479684
2225,222.5,away,62.209890754691095,33.11410933476604,43.01815617407273,63.430265319522945,21.826155098286733,1.4083590701958257
2225,222.5,home,43.34359583205896,31.904287847385433,42.85071213094597,46.065016957526986,19.425819132852276,1.069285501536394
2226,222.6,away,59.796041585335956,31.925864203913704,42.870479457481515,63.20672190852309,22.211727413600013,1.4096730770540307
2226,222.6,home,40.92083425423667,32.0660068417028,42.5784335031447,55.39796376689644,19.908420560109764,1.4363887183381925
2227,222.7,away,58.01763645070455,34.22769713066108,36.3740251526536,63.225208389974924,21.37684615376191,1.3090248449683868
2227,222.7,home,40.897895236868926,32.11714821779474,42.73199945358528,55.20685536211508,19.86735734841844,1.1739322782416697
2228,222.8,away,56.5378266712019,32.006817103185085,43.09756237941548,48.77754308935281,20.864409807283124,1.1421467534313012
2228,222.8,home,38.845830330197366,33.389127643410774,42.75507364156135,55.321505003312744,19.466070239834153,1.3239868765891785
2229,222.9,away,58.13541599947264,32.89387246746326,43.24347966918861,63.33073327370069,22.42072836533172,1.518386907996607
2229,222.9,home,40.84832801942794,32.21289235364201,42.62329773735524,55.33610919729851,19.964330153361587,0.9081624353095713
2230,223.0,away,59.65012794638082,32.04842950364492,43.633245076803526,63.5525193935819,22.299083615372425,1.4156442829235842
2230,223.0,home,40.82130996167728,32.27490069501591,42.61952787528861,55.43756747337244,19.927542675688102,1.0620677907223233
2231,223.1,away,59.68325566417035,32.12080955410935,43.52722790919725,63.46742433845374,22.229146554848825,1.4083530944977267
2231,223.1,home,40.814013489616535,32.329783840174585,42.659926085371865,55.63319653793735,20.004628786752054,1.3963441934957141
2232,223.2,away,59.59603107667369,32.177290523571166,43.55412524659521,63.29411840814973,22.165536081019226,1.2537734155205387
2232,223.2,home,40.755665974056704,32.31679505895877,42.58961020978309,56.06404521302773,20.053062324029007,1.1852525836045547
2233,223.3,away,59.640384124846356,32.25710442271521,43.6633290283002,63.130410996033696,22.152203001660677,1.1246296691914839
2233,223.3,home,42.093964130073374,31.629837121877625,42.93577325030194,56.47611025121036,20.447859793855525,1.0457748204594643
2234,223.4,away,59.59853077487696,32.315975448418264,43.62922327437965,62.95485275966459,22.129121697320606,0.9252967631585824
2234,223.4,home,40.7818678711414,32.36761085853334,43.05088072593991,56.67096277351449,20.15414231549221,1.1552709851453296
2235,223.5,away,59.59624237805014,32.33331460811913,43.56433658646181,63.22525281179364,22.142961024196186,1.113462410170117
2235,223.5,home,38.61095783266929,30.889735498061476,43.150115179107324,56.771223556689264,19.44882146144386,1.2986983844806759
2236,223.6,away,62.69705385939619,32.12764520188118,43.648498670952534,55.9254031376433,21.150658465254285,1.3228808928512081
2236,223.6,home,40.50029966358353,34.020693733335996,43.13057658157862,56.736839634992585,20.61353059597864,1.2156066050788958
2237,223.7,away,59.61064391637383,32.40626363966808,43.5278138863662,62.96892396330654,22.083043851574335,1.2907653445340606
2237,223.7,home,40.79180127715739,32.424638396522646,43.175333117528496,56.991293366610485,20.317902457567058,1.2332498605834943
2238,223.8,away,59.57094354040703,32.43020896336555,43.66452139189533,62.874268924275725,22.079153276870873,1.103946689527576
2238,223.8,home,40.83585389448761,32.49866811094341,43.152670682511214,57.11395550717216,20.262294011981567,1.1624773675262807
2239,223.9,away,60.141532765757894,31.028918430178173,43.550813936738564,62.681786901839004,22.566842044875543,1.1679660057952388
2239,223.9,home,40.86293457974668,32.50156158349543,43.31588795072727,57.39448645029396,20.292704197885897,1.1455663878120985
2240,224.0,away,59.57468110540985,32.505954846788015,43.67343441580913,62.6295540924407,22.008537370424595,0.9658439828053982
2240,224.0,home,40.618657351156614,32.52938337168085,43.102448840185346,57.846092572619696,22.203519510458236,1.1836747116507478
2241,224.1,away,59.67576000325199,32.55343394249412,43.683841751159626,62.790223068137145,22.01028410360896,1.0606922725597039
2241,224.1,home,40.77549314767571,32.48795391571583,43.0942459207477,57.80312782777933,20.334029362180328,0.8179991414485854
2242,224.2,away,59.65043932827105,32.586572271085636,43.799395836387674,62.636501552217865,21.969917794744518,1.2247557107465161
2242,224.2,home,40.77759287811381,32.55381497754243,43.03885819200911,57.67113105644711,20.35653163045583,1.0546660815264304
2243,224.3,away,59.68091197304205,32.62697979616696,43.88447179122236,62.71472580281933,21.98248562718737,1.003806405298758
2243,224.3,home,40.781850021880665,32.549652123355756,43.0107222179762,57.574847655226876,20.370824662554853,0.9388833638543737
2244,224.4,away,59.6714463282268,32.721627362642046,43.9330656152138,62.572026221563036,21.96176132353303,1.2357249529293077
2244,224.4,home,40.769499293606735,32.53357171186079,42.937598160600615,57.81396698407034,20.390331359209387,1.0743416851267127
2245,224.5,away,59.622991348283975,32.777571972232096,43.927286832851884,62.49108556168057,21.97599680120196,1.0053774031027514
2245,224.5,home,40.78858741260268,32.575499039854805,42.84748066764132,58.00239947565273,20.41141201252665,1.183627456359443
2246,224.6,away,59.63569976106782,32.81356517223447,43.757426046950215,62.566639192874725,21.94792387956554,1.3046871551485486
2246,224.6,home,40.73363929187208,32.64223825894225,43.23974975677522,58.04162828885833,20.47409365450838,1.4293925638746754
2247,224.7,away,59.59448967955855,32.82921711065325,43.62346127968274,62.348682460734025,21.916264741229032,1.0368944450380821
2247,224.7,home,40.63601950899426,32.665132311109204,43.23360787372353,57.890672988014046,20.549984295057097,1.348034721994807
2248,224.8,away,59.62538938435664,32.838122073374095,43.58093479367667,62.213614469614065,21.907740337019547,1.1516465316036955
2248,224.8,home,40.64683538741501,32.719666337104265,43.130249749203024,57.66244647045955,20.60462571567625,1.3428045239048794
2249,224.9,away,59.660936398314945,32.84893489017558,43.32426531148209,62.08532341536375,21.825163571824007,1.0896350085525077
2249,224.9,home,38.4768219547928,31.312965258090895,43.374348440892916,57.516631338476174,19.823360508360246,1.289995178448212
2250,225.0,away,59.61656325048766,32.907738996017294,43.38855843446156,62.07504736814418,21.8117944349375,0.8546314182494856
2250,225.0,home,40.70089502122576,32.85783863595614,43.57501641533082,57.3015210471727,20.599151200767576,0.9077104478451177
2251,225.1,away,59.62303025788637,32.892038825247276,43.06788873163822,62.13356245559332,21.80966714363134,0.9508439499475653
2251,225.1,home,40.514629307636106,32.91906312727,43.44087706398671,57.560192231196545,22.499899901257557,1.0736584931401831
2252,225.2,away,59.566514643861595,32.88675688938026,43.0546903502504,62.06158657200544,21.78268537448429,1.1762685699958921
2252,225.2,home,40.67226997875936,32.968259875968016,43.513197413013344,57.6290610579438,20.656135842716512,1.4453991684581682
2253,225.3,away,61.86575615069878,34.08455907942101,43.10098675389898,61.91232442435843,21.30352219368051,1.2468244219351525
2253,225.3,home,40.6978115931147,33.08643512610611,43.4071030463722,57.41256671943728,20.643912759572682,1.0596672971410221
2254,225.4,away,59.64682808281861,32.96061140943251,43.26374365461092,61.92409910411558,21.771116612107882,1.1269701106021204
2254,225.4,home,40.70774344789441,33.09560180284248,43.4975023223208,57.592676839239346,20.65656203887083,0.9943825333175377
2255,225.5,away,59.61540933439332,33.020250133871976,43.70307944597245,61.73371508120047,21.790954387901966,1.3861025464707943
2255,225.5,home,40.72954356264413,33.106848504615236,43.312660076465924,57.5459366176058,20.603360652037477,1.0292498884276213
2256,225.6,away,59.625304544959505,33.05604456944347,43.91745753933989,61.501547384031724,21.74455125088948,1.4228027670345633
2256,225.6,home,40.74610083647185,33.1079207979658,43.42274493527467,57.60553407944597,20.622113833899736,1.2918013325863906
2257,225.7,away,59.624606324163786,33.13451205138013,43.91301474775418,61.61850203653718,21.72681411611225,1.3300869072731971
2257,225.7,home,40.75403975771369,33.124199463310894,43.72771253969423,57.808927011400996,20.64816909490544,1.131065105735733
2258,225.8,away,59.60577358438154,33.21359849790189,44.20570072550191,61.45768927265044,21.718045471319467,0.8450084212234882
2258,225.8,home,40.72858060427215,33.161365518243535,43.72515839836847,57.8917225341244,20.651564464668063,0.9420305900356939
2259,225.9,away,59.58718867622194,33.19214522433651,44.213542568351805,61.47243124805679,21.723134226953306,0.8441728548676821
2259,225.9,home,40.73980916727396,33.21822396972156,43.639055347671544,58.21622284728491,20.691881927703704,1.1142699811422394
2260,226.0,away,59.57074898106721,33.28143574653544,44.41851879098489,61.176392890094334,21.686619959521888,1.2015876616392829
2260,226.0,home,40.71957384573626,33.25370764864784,43.6592433661594,58.167064248962724,20.735736958650595,1.2967878165757993
2261,226.1,away,59.60038675377466,33.36102431445526,44.539055988413125,60.98331984919684,21.653650383764074,0.9731827585945141
2261,226.1,home,42.374891563407,31.182831429190344,37.9993040468201,58.420891313409946,20.182599982418516,1.1157724729712961
2262,226.2,away,59.579358481587676,33.379286370451204,44.59709173624947,60.99503086723311,21.64793851056677,0.890409817889385
2262,226.2,home,37.416408750726575,33.01042539509253,43.552735748024006,48.202158765191385,19.466470838032915,1.1517191717936464
2263,226.3,away,56.35145321203531,33.6076259841522,30.851852818057765,60.82840798021397,19.985683461061296,1.2060308668761257
2263,226.3,home,40.723746398009055,33.304590811997166,43.64645758279029,58.8014130303879,20.94597148214091,1.4190304132685163
2264,226.4,away,60.10341925918177,31.833240614146142,44.52036017546121,60.80816269498119,21.978681953742047,1.2376203909644115
2264,226.4,home,40.72508943714786,33.393700051026194,43.60026307178392,59.02531493124136,20.99253208153556,1.6149885169314002
2265,226.5,away,59.64140927370743,33.37417084894452,44.36662137450265,60.754992960765556,21.529978955159898,0.8531090606885665
2265,226.5,home,40.75668664819683,33.47939285556345,43.57835879279131,59.075499534188914,21.02847872734034,1.3464784367536027
2266,226.6,away,59.635667636362356,33.39806572106734,44.54404951944561,60.707564626316454,21.52850813451984,1.0856929872475638
2266,226.6,home,40.7300542379557,33.5364044243207,43.6101365679269,58.858026160506704,21.045409297542292,0.9989531836947265
2267,226.7,away,62.541127944277584,33.29687613183582,44.50359387997956,53.70486721214959,20.694504065868458,1.3822625503998642
2267,226.7,home,43.263917337701095,33.626557181572316,43.56379627480597,49.39879826413045,20.54080457428311,1.081644893341582
2268,226.8,away,61.823973456933835,34.70107891023311,44.296674824052744,60.35201737897778,21.001765741012754,1.0929264201062194
2268,226.8,home,42.012665274668564,35.91752470320783,36.382124319841026,58.95449136572677,20.646548470117665,1.2077290218657564
2269,226.9,away,59.575177950393346,33.59007862491312,44.30823650299173,60.389700613987664,21.49039362324135,0.8590881433648455
2269,226.9,home,40.71637906398096,33.70976693889759,43.8032729466842,58.92378013125899,21.088673469080742,1.1039658224615823
2270,227.0,away,59.56622791324674,33.62674349418095,44.278323525620216,60.214819362601325,21.46922683076656,0.9458479245624318
2270,227.0,home,40.376170908988286,32.229774150173725,43.858842146153535,58.96082604565779,21.483875823624437,1.2744551871024723
2271,227.1,away,59.589774175843154,33.66560814540626,44.07735857611402,60.07652747389896,21.429063246241125,0.9068782451688407
2271,227.1,home,40.6413753562056,33.761189780894476,43.8530585720924,58.931963090619035,21.035038167469544,1.1723637169292471
2272,227.2,away,60.124242395517435,33.665119606826934,44.18183938729418,59.84100929210581,22.961690754531954,1.1413412498987707
2272,227.2,home,40.604827515493405,33.80839615338538,44.246754324133995,59.02981249471041,21.087783336466245,1.0615057999589657
2273,227.3,away,59.58822490181442,33.73777502807778,44.196816922669925,59.67684181554446,21.404379075960296,1.118583119828795
2273,227.3,home,40.624367230438004,33.83170417603475,44.30183804561337,58.991410942691694,21.078568460294363,1.165619139821473
2274,227.4,away,59.61201592076365,33.80612480063639,44.15496677303716,59.44417739749887,21.346851638039166,1.061264304483591
2274,227.4,home,40.639139617203305,33.86921734890229,44.332500302222826,58.8991003829912,21.121750126637338,0.9736160637273678
2275,227.5,away,59.60775475574546,33.85734125247865,44.13387949054358,59.34174319143642,21.30456915802238,1.0501184816817257
2275,227.5,home,40.63227765668608,33.853172837996134,44.18199088723718,59.06742685208684,21.116891652062623,1.1972558294169249
2276,227.6,away,59.61378262616074,33.83685384378111,44.06155164278692,59.28965021873779,21.261259801748963,1.0878773880518158
2276,227.6,home,40.67990684015886,33.9231642245459,44.29031700130616,59.417014112915965,21.16340800489838,1.5241796621214982
2277,227.7,away,59.59433237690963,33.81290717052341,44.183852352919715,59.31981064528992,21.26708173255985,1.2113326238252156
2277,227.7,home,40.74726213420042,33.96222386460247,43.8154919008944,59.627213794213965,21.140988657206552,1.413987281145622
2278,227.8,away,56.587032295289205,33.92429648041268,44.0548135066746,44.452657367824784,19.920611514032803,1.1570254181090394
2278,227.8,home,40.73100176138628,34.01327877039359,43.85700627881558,59.49381326014965,21.181896281556046,1.2002118218728506
2279,227.9,away,59.65098698865143,33.90453304121432,44.291011864557746,59.16388598160322,21.22347399054274,1.2821170377365625
2279,227.9,home,40.76938473487773,34.012894703932844,43.89801931141737,59.917777916341784,21.272600018606795,1.4473854669780382
2280,228.0,away,59.663897678169285,33.97615103964055,44.35695936973307,58.961650380988075,21.128636691963763,1.2639802228765156
2280,228.0,home,40.76595989918486,34.108541242096244,44.11106648362154,60.14137560265013,21.415921167753144,1.406719210837423
2281,228.1,away,59.72422921016911,34.012344650414796,44.301597193494715,58.77396841953407,21.079342936343934,1.0320332547865503
2281,228.1,home,40.778187805777264,34.159326679369,43.95927865364788,60.151551760763326,21.434100839359022,1.102263595285941
2282,228.2,away,59.747264141549515,34.075330492383635,44.457335712746264,58.571531729937625,21.06205108315339,1.2402608677231834
2282,228.2,home,40.744266036304346,34.21393141231204,44.01644054740388,60.08448243476337,21.457690385560184,1.3250963218896528
2283,228.3,away,59.69202478844174,34.17138497602219,44.434660629167205,58.773777974948004,21.09591569750738,1.233263737593173
2283,228.3,home,40.73528548106652,34.28116204533612,44.16224513898261,60.366320014006234,21.4805035339449,1.1693913981239477
2284,228.4,away,59.70619160910894,34.239307093993965,44.11581083251214,58.68393794608426,21.05580492417166,1.3018124014645875
2284,228.4,home,40.72972224455487,34.325721069446395,44.414364528725685,60.545467521413876,21.512166615748846,1.3557905803491166
2285,228.5,away,59.766559166371124,34.372440724203855,44.41405686217547,58.5297428123632,21.017720104798336,1.4152923273146418
2285,228.5,home,40.72797027204055,34.3394640214095,44.30574438334788,60.61093269716871,21.57168882087845,1.5984805145057785
2286,228.6,away,59.75996645313062,34.386474057998946,44.49548377861832,58.24288244166918,21.007710916270362,1.1826422027450334
2286,228.6,home,40.71284821476589,34.3674511263259,45.00067577461438,60.75308291493746,21.696828021283896,1.4548666813483735
2287,228.7,away,58.41076397787731,33.81168702107691,44.74783965258145,58.273200730963836,21.40544371854938,1.3254395272267687
2287,228.7,home,40.71305278514383,34.35834696615432,45.060393278934626,61.362369308511724,21.799039976236234,0.9926790383448459
2288,228.8,away,60.189247882413326,32.94450107703312,44.636703867619396,58.282114594437985,21.284934447743588,0.8993666642142868
2288,228.8,home,40.747447187382214,34.424513123596626,45.237332491085304,61.163806940363244,21.826682429752072,1.0154907157713353
2289,228.9,away,59.70941368724818,34.54179261447941,44.71686153773743,58.43619698478982,20.941874246563504,1.0436903075046928
2289,228.9,home,40.75784088863697,34.45009381952143,45.24929444248093,61.106708707771325,21.764276128982516,0.7615882257716075
2290,229.0,away,61.67077274615178,33.14442940686139,44.739044740820006,58.533817238829585,20.453601342074204,1.3915106002608733
2290,229.0,home,40.76059622399832,34.44279384085929,45.09735627291702,61.20856568928023,21.77086962046478,1.1635734210148512
2291,229.1,away,59.66040200194047,34.689515549154564,44.667113884589476,58.6404725357108,20.852083160355637,0.958462869636304
2291,229.1,home,40.83353449937334,34.448458374881014,44.93238578917355,61.6772453797955,21.85633002366548,1.2850015278564344
2292,229.2,away,58.33927543544081,32.6142114406612,39.08630763524336,58.459068554080176,20.283011207100156,1.0324359484006518
2292,229.2,home,40.811195379984824,34.482517530606,44.94023671577571,61.602352565750344,21.876230337966284,1.2482161153614308
2293,229.3,away,58.074417352245135,37.05075539270931,36.668442263590805,58.26696226749013,19.865949313800748,0.8433349476062441
2293,229.3,home,40.79949029925513,34.528673726345275,44.829674739970706,61.639955459960014,21.92162589127153,1.0938666282907
2294,229.4,away,59.592937990593924,34.7240278363582,45.14844114188113,58.51794585202961,20.850897075164706,1.191978743320748
2294,229.4,home,40.867106999379025,34.54614563408248,44.89562443274049,61.67355420252452,21.90594335301247,1.3350547250167315
2295,229.5,away,59.64154364039725,34.77065366063833,45.07191290787582,58.56962384508124,20.78740725305766,1.0162264261222846
2295,229.5,home,40.8321823532216,34.59204698086638,44.45313973796377,61.62677921247804,21.875677551083296,1.2693168693962698
2296,229.6,away,59.63189705115399,34.81410821547309,45.21027261998964,58.310434791222065,20.78601862766828,0.59129061064297
2296,229.6,home,40.84422304724057,34.643047468089804,44.37133758782607,61.46574366311078,21.88226668753886,0.9547367889484888
2297,229.7,away,59.661424280771776,34.78864209581206,45.11252644341952,58.219295456277095,20.745912318754325,0.8533892860354377
2297,229.7,home,40.862536050871526,34.70892932229919,44.07639490440199,61.53924285361461,21.839873043819075,1.1718307722654968
2298,229.8,away,59.69512284493326,34.776447307757344,45.06847086764461,57.76250225437839,20.703230996053314,0.8849427408065439
2298,229.8,home,42.3823279777758,35.70545807229864,44.01883806471551,61.631700300247076,22.055099407983892,1.229634578697085
2299,229.9,away,61.66047225801297,33.34741003475942,45.141315881136684,57.60806816252514,20.204304619565676,0.8696968095191524
2299,229.9,home,40.589576717880114,34.72831017046461,44.20464669012049,61.743637007949914,23.780360582452904,1.0783617872442632
2300,230.0,away,59.67059985184533,34.85010373355926,45.1733767518666,57.44203115439573,20.688066883256635,1.1673506432007297
2300,230.0,home,40.84781370031597,34.87710400559474,43.999511918846,61.660121255308006,21.862044154256093,1.2033015069994641
2301,230.1,away,56.85781726687437,33.1636948296933,45.13580752351607,42.158482664455555,19.706030086398002,1.2324012567290639
2301,230.1,home,40.82343461398008,34.942701998413646,44.077860020878525,61.675179978808465,21.9361850837856,1.4499421217272697
2302,230.2,away,59.74811264544062,34.928348982293166,45.11783903201666,57.34041776324713,20.60350367210954,1.1246514391630424
2302,230.2,home,40.540022873343744,33.37684753218859,44.194306504042,61.95561567708654,22.478371748498915,1.2014411525825732
2303,230.3,away,59.79553562792114,34.966340966797524,44.87868847653666,57.272585978833334,20.58006568853102,1.2061148345216257
2303,230.3,home,40.77768216027947,35.02635561852972,44.25037724466462,62.048652995155244,22.03419721608208,1.1728824826777113
2304,230.4,away,59.729898107265896,34.994526606851714,45.01159389568461,57.384901737452104,20.605829077334178,1.0170476702003795
2304,230.4,home,40.77887695905329,35.031415332629926,44.479577238216805,62.147595449605824,22.05352266725059,1.4747507483623856
2305,230.5,away,58.470675058858774,36.052234510897144,44.606968770961586,57.44975415810232,20.702672285899492,1.0435423707340952
2305,230.5,home,40.80791134714314,35.09896690919657,44.603715226455684,62.24153916497464,22.094376515839386,1.3977858458266146
2306,230.6,away,59.76042719745128,35.12373247436217,44.59404747413996,57.54296948124907,20.552985631633902,1.2807911825662466
2306,230.6,home,40.832079404336646,35.14740826132766,44.963082440202406,62.423973620667326,22.19197349143222,1.375755538898938
2307,230.7,away,59.79260041787314,35.22501427512488,44.43031521744179,57.50017597757056,20.539426101257956,1.3066443296298766
2307,230.7,home,38.39463927330876,33.68292201471585,45.18594522312433,62.59344171251664,21.452280257941002,1.3118970119768396
2308,230.8,away,59.79609624082204,35.293077461745675,44.46192887775993,57.48912661040021,20.51037619780933,1.0210284937415472
2308,230.8,home,40.68469037748066,36.789479628949344,45.25253544162926,62.47805154948106,22.88896050266165,1.3229892564354873
2309,230.9,away,59.834576345971826,35.330255615777965,44.58420248815041,57.75021337545922,20.556456884290572,1.2612211807853713
2309,230.9,home,40.83924415421898,35.328686964912556,45.00638268941893,62.45972131188632,22.31049715352321,1.3160516755513072
2310,231.0,away,60.20172579737232,33.757387854414326,44.56723154680762,57.20287438821967,20.877336899678106,1.2296002767789374
2310,231.0,home,40.90876533840576,35.37119955118772,44.92935804109651,62.716267185722096,22.336012642111495,1.1638991720291847
2311,231.1,away,59.83660698640235,35.41648637365594,44.51973160829724,57.04906321410462,20.49973265707773,0.9876519809212982
2311,231.1,home,40.90902777727678,35.40204574569404,44.91861416921233,62.748612683193564,22.3751910370059,1.1422837771789
2312,231.2,away,59.84927894260041,35.44140820476609,44.65101516832814,57.08199625602343,20.502015992738805,0.9763116828764378
2312,231.2,home,40.92108210134611,35.46805412328977,44.878056519352995,62.88367641015363,22.39866795572631,1.1823673689883378
2313,231.3,away,59.83412651498828,35.462185497376076,44.51769250789398,56.761755355514694,20.440993256748694,1.0508277209281183
2313,231.3,home,42.557562899926005,34.80536135615729,44.90362389952011,62.99260536060952,22.681543322540872,1.1688274799521114
2314,231.4,away,59.82774005492895,35.53877469960625,44.83089263446831,56.494308636522184,20.433095167550754,1.3909703905623958
2314,231.4,home,40.90547223943896,35.59017029100364,45.08024782891597,62.995137002033516,22.472643377891618,1.0140325322366737
2315,231.5,away,59.84727288489784,35.55453818909979,44.931126011913264,56.26408120530398,20.393872270277384,1.249335175082989
2315,231.5,home,40.86564310481675,35.60021629720991,44.887415653657726,63.03666334635847,22.470221136847066,0.8432487234510749
2316,231.6,away,58.514354391954654,33.469284711868724,40.03074324531656,56.40225101722655,19.888045911230968,1.3120037507909594
2316,231.6,home,40.87057800418066,35.61924532356284,44.977222277486106,63.020099928736585,22.496140652085437,1.081652838093387
2317,231.7,away,59.78896779680105,35.62414706366025,45.400933922597225,56.555252696053344,20.474875985309314,0.9346656183893746
2317,231.7,home,40.86308985983362,35.6180431857031,45.073072727807414,63.28320754698807,22.535944671734367,1.019112808057487
2318,231.8,away,59.870277241060016,35.68291384371523,45.04510541249657,56.35891965857002,20.402633860977186,0.940187807937814
2318,231.8,home,40.87065112856471,35.676962147344796,45.651366929127775,63.435997142371114,22.596039362559786,1.1727776786874071
2319,231.9,away,59.847322067492904,35.716438234291516,45.24871990517209,56.45186060522539,20.380575746764098,1.0990736216783732
2319,231.9,home,40.82083293741849,35.68323602409095,45.6758990829243,63.44451975295069,22.611251097438775,0.9984104630087213
2320,232.0,away,59.853690645285184,35.73120838476507,45.22196206949431,56.77873795930276,20.373274476135467,1.266490396402101
2320,232.0,home,42.272058985169686,36.78346384559238,45.82259824772628,63.20037909255159,24.98549661917953,0.9617989437187722
2321,232.1,away,59.85253924861976,35.780238122760565,45.20729055855778,56.47706562922448,20.332543018194745,1.3372537582708262
2321,232.1,home,40.68205859753617,37.232332799068715,45.852337967820105,63.18508824656015,23.258065607851915,1.0815297284924397
2322,232.2,away,59.8421924865873,35.813662480166386,45.36186712385252,56.34432298369075,20.28451540400808,1.3350410045139447
2322,232.2,home,40.981284819957914,35.79765492543217,45.920530354776076,63.40489983707384,22.617268396155428,1.0557156529685658
2323,232.3,away,59.94433894421597,35.81172680778695,45.61769804985529,56.42282619442453,20.319795112176642,1.268675229677503
2323,232.3,home,41.014973480701364,35.76991370228027,45.9206914266904,63.475708071607215,22.64776698385379,0.9582576532166892
2324,232.4,away,61.92531853740461,34.36337336927416,45.784974173680375,56.50563120701226,19.887565152990202,1.3581374977159253
2324,232.4,home,41.019156104523695,35.74221070851026,45.98203444183649,63.54082797584229,22.62533385604471,0.9407866015034897
2325,232.5,away,58.72696377418415,36.92304459471929,45.8298661899619,56.20127919788351,20.423288509060317,1.493038029285339
2325,232.5,home,42.69714729349031,35.10034782949984,45.73747038782933,63.429421868863365,22.8397197300389,1.0306343394362973
2326,232.6,away,60.01877810177197,35.94468508915492,45.743926760666895,56.29776989322675,20.218897024889653,1.0432143216693255
2326,232.6,home,41.01309227097824,35.827883636428545,45.62104826028698,63.452836358338885,22.597872251964894,1.0951706055460735
2327,232.7,away,59.99756523499405,35.91355179241685,45.96794523473935,56.21579718495158,20.239124184304828,0.7538738673721447
2327,232.7,home,41.060405312631204,35.83071391546269,45.42271925131878,63.524582367798104,22.555973635214094,1.0349720880232758
2328,232.8,away,58.81165351466107,33.820037082933304,40.30062176200975,56.09820279797495,19.641128006121875,1.2879289941039191
2328,232.8,home,40.63487278465083,34.310023735912566,45.66490121261091,63.57529424946998,23.1462063279723,1.051061595097802
2329,232.9,away,60.11016852057106,35.9620518856472,45.73252908734667,55.70801444198026,20.163197545635242,0.8671074240179869
2329,232.9,home,41.07530745979988,35.91052678497049,45.212139832661876,63.82397145328808,22.62960917253599,0.9039794562203444
2330,233.0,away,60.15591992978546,35.994858119475516,45.755059024714484,55.61299706375977,20.135218809724584,1.043088276931485
2330,233.0,home,41.05715422848762,35.9264489771343,45.37401084728404,64.08652340903004,22.666102586658788,0.97239653775496
2331,233.1,away,60.1494875673275,36.06173242130195,45.692322845596806,55.70072341454942,20.154993844459618,1.2976332181385273
2331,233.1,home,41.05508500590311,35.97140196155752,45.3238196342466,63.94723386629148,22.729162446238647,0.8819986852978814
2332,233.2,away,60.125270137570986,36.106252322940904,45.746351321333435,55.54019510792081,20.150210277866204,1.0287661939293555
2332,233.2,home,40.99800748856873,36.0066167056065,45.31789740425042,64.1246637709267,22.69754557059086,1.0250479851316643
2333,233.3,away,60.12511999201732,36.16324740819436,45.57266427276816,55.659435451419185,20.15745882236823,1.1559805436210562
2333,233.3,home,41.05775016728654,36.053021329667494,45.32858803106032,64.08218979087418,22.711760811355536,1.183313295440293
2334,233.4,away,60.145169406018816,36.198755427845086,45.50500847245462,55.723376226251226,20.139136408162567,1.0266159710086595
2334,233.4,home,41.075761519647045,36.148722767956976,45.4634236954653,64.33113826860604,22.805419805812313,1.1658485619139929
2335,233.5,away,60.188014077611186,36.229786042281425,45.64796993283541,55.37910375598088,20.144437108192104,1.303313627814509
2335,233.5,home,41.082007813371696,36.18951975782405,45.64362668778511,64.3089790370468,22.82499784535587,1.3007162208734677
2336,233.6,away,60.23109439579673,36.31358265272882,45.21287770759577,55.32861072517258,20.077696220813372,1.4886729212411216
2336,233.6,home,41.13547614811577,36.245585331333956,46.07950748927293,64.18601204983239,22.83964313122806,1.2185406125878424
2337,233.7,away,60.169655122004585,36.355305013150776,45.11648702024184,55.34937821422898,20.046569594751197,1.0840048425000617
2337,233.7,home,41.154663798903876,36.232528042762844,46.01194171506333,64.30189260856687,22.856946909042176,1.1418339507717756
2338,233.8,away,60.135296783714985,36.3725878144363,45.30390001764198,55.35881699761212,20.002224260514392,1.0960895377672097
2338,233.8,home,41.16553705909215,36.32862335645004,46.300414085177465,64.49132196385966,22.885478014641674,1.2227360234846072
2339,233.9,away,60.52271023726125,36.348658967873476,45.52391496278348,55.49411869116498,21.61742648163183,1.3575071118382724
2339,233.9,home,41.21444466269557,36.43020901734159,46.11987538699346,64.3927221518453,22.86719453905906,1.274177061124841
2340,234.0,away,60.150263573303285,36.48597230625841,45.54717536738288,55.42725262404096,20.058492396350957,1.1083552745163179
2340,234.0,home,41.27502833254373,36.520575280472535,46.100992364088995,64.61503757729794,22.84550143988929,1.172121243323005
2341,234.1,away,60.138297231436304,36.55538870989216,45.36350682729282,55.390414258783295,19.994046173043476,1.358381261261484
2341,234.1,home,41.3214239765302,36.57438148532819,46.114201071942794,64.67317742368556,22.878794001438216,1.061334643302531
2342,234.2,away,60.15297707174034,36.6179835357826,45.63613206072376,55.06925873140168,19.935938118514784,1.1520970899234027
2342,234.2,home,41.31412689646338,36.6319719950125,46.03383911040025,64.73371215767474,22.900636148171593,0.9059389561876909
2343,234.3,away,60.15490220839308,36.63827619203303,45.97845513822835,55.05863454022548,19.94535442468021,1.1094839947753699
2343,234.3,home,37.85498010349893,36.53140076921129,46.07226749583575,55.13713286048576,21.52935116771821,1.145481673502934
2344,234.4,away,58.935876623187504,34.52032569432128,40.19284633112653,55.06227545367868,19.301559324656317,1.3163932300438421
2344,234.4,home,38.99415937842982,37.90817448688476,45.861344339354225,64.67711593120751,22.32459855838801,1.3095982794274226
2345,234.5,away,60.32760086632224,36.687733402697695,46.1667875669382,54.96875471048839,19.949206296391292,1.1059154251079149
2345,234.5,home,41.40103808347797,36.812293817147506,45.45458077346524,64.96444254714507,22.92768745639688,1.2159875893436
2346,234.6,away,60.549669655599985,35.127319386616406,46.52607851819981,54.97239241275434,20.279042664989937,1.3330530235068545
2346,234.6,home,41.445709251327145,36.834882558957325,45.24324872185848,65.01141140381263,22.924199953983106,1.0226345632206124
2347,234.7,away,60.34367465171758,36.76602059042324,46.542178792790004,54.95047611482246,19.955041430583464,1.3362630231041568
2347,234.7,home,43.19735963684297,37.82412034666587,45.47803109326854,64.82581799862359,22.993174943028418,1.055071071674624
2348,234.8,away,60.28956546684349,36.83733647800013,46.47224855215869,54.901001232537666,19.91885083464707,1.188686007261576
2348,234.8,home,41.49255692311102,36.847036534740944,45.66755132667027,64.78581038144364,22.91865266525434,1.1042984877609674
2349,234.9,away,60.31445807112805,36.92725982252145,46.26865679771534,54.87413801730816,19.892834897205002,1.1296714001534505
2349,234.9,home,41.523903247211045,36.88813158693003,45.79587917705665,64.60289156343296,22.929858713879632,1.2278799445990332
2350,235.0,away,60.37741393383124,36.91296319723113,46.430471529526145,54.7617933099991,19.903366113613743,0.9401182781190068
2350,235.0,home,41.556971665048515,36.93406335827794,45.621236809456086,64.46252290625031,22.9544422831165,0.93983743693984
2351,235.1,away,60.32758651014521,36.933946462771736,46.48948197315637,54.770473213163264,19.885305341485854,0.7879211246757891
2351,235.1,home,41.57908390193979,36.999821795879114,45.79582427916072,64.4924742898941,22.960126781679005,0.9922134001837157
2352,235.2,away,60.35162018682458,36.937347455304796,46.22980875094511,54.702337912646676,19.88889866703941,1.134530247573588
2352,235.2,home,41.57121610039249,37.04556366977531,45.8474323463468,64.56430801534384,22.954374305898277,0.9607987999397419
2353,235.3,away,60.34102742004674,36.92173716041646,45.918603243426844,54.61633839941761,19.84822430242656,1.1202093286096086
2353,235.3,home,41.55762214028687,37.00629394450121,45.99640438968397,64.6367886252437,22.936786948726528,1.2677096498662115
2354,235.4,away,60.25083965397047,36.931360088172816,45.56307315350755,54.60732916629857,19.800448115717845,0.7231933682715678
2354,235.4,home,41.252558314551564,38.4341223734276,46.25083745779027,64.71620591101984,23.640506526700644,0.9975400924956684
2355,235.5,away,60.32690222822776,36.95294648868121,45.615472808600316,54.7785456853765,19.849058227001965,1.0311131819808603
2355,235.5,home,41.65520623347075,37.07613475034451,46.447615240467044,64.69869065784675,22.943103011369075,1.1539026645825752
2356,235.6,away,60.42060535983335,36.95493260889921,45.5256508292381,54.535342179766296,19.82951070756613,1.0609642105011472
2356,235.6,home,41.71500820825011,37.13645781602902,46.27240433898238,64.68378176622181,22.993853188341884,1.151947523666311
2357,235.7,away,60.44933744014288,36.93871546599423,45.485999363135804,54.59356841764423,19.8229172115058,0.944099806896704
2357,235.7,home,41.71643957260333,37.10391773091406,46.472968037665275,64.86036275975339,23.04141503775244,1.175488894844216
2358,235.8,away,60.491204995296656,36.904780932207096,45.70597432316259,54.68127938446551,19.848237648138763,1.0212961070273179
2358,235.8,home,41.74947201849023,37.06565791376806,46.37532740706932,64.98907052023193,23.033808263395283,1.0271359488893728
2359,235.9,away,60.50911564414766,36.95103075344207,45.67215620397183,54.60875910811965,19.838945886180106,1.2960414750230465
2359,235.9,home,41.73564284818755,37.07800462326184,46.56031484277279,65.20023519432436,23.074986620953712,0.8994376297040713
2360,236.0,away,60.616484324315714,36.92690092115858,45.75927437288082,54.76931299848293,19.871728386522815,0.9728713743445969
2360,236.0,home,41.740807795972906,37.07221390701404,46.56909985412628,65.31246850642776,23.10309260791543,0.8151941279876453
2361,236.1,away,60.54748013828268,36.956200435305355,45.74104404995913,54.73956894489637,19.84174091742979,1.0066069856725088
2361,236.1,home,43.48893973779894,36.36276927983424,46.366157254586305,65.15983138317479,23.338553098067088,1.0708800098601123
2362,236.2,away,60.56348334310939,36.95254940047658,46.115377342297414,54.867832462200695,19.851650553175514,1.4143022693385572
2362,236.2,home,43.53309914554477,38.10808153518658,46.36746543697205,65.23744015619519,23.176329854890508,1.1241769124494685
2363,236.3,away,60.643386599418925,36.94117019073261,46.117943246013304,55.04819076242201,19.84727070766078,1.2084971773048656
2363,236.3,home,41.85616998488053,37.09884630496107,46.35861020184905,65.19811639403738,23.139497259709024,1.2174060484229636
2364,236.4,away,60.63454386416254,36.95772758314622,46.025931255052406,55.00654344987446,19.81931757390072,1.0630332567799465
2364,236.4,home,39.30654359394366,38.206854829598726,46.5190890589525,65.44149678426237,22.60340475487407,1.3566914875635379
2365,236.5,away,60.60026364834477,36.98964813650719,46.148178031359194,55.14063699661207,19.815535814428962,0.8569054228842748
2365,236.5,home,41.392255160764606,38.462899680446355,46.47880696138764,65.46575984963042,23.90670305555562,0.8687089078434177
2366,236.6,away,60.66788277370507,36.994138611971884,46.36049462570012,55.00096503765303,19.865927652795484,1.0861846407341742
2366,236.6,home,41.785163214622706,37.133697790892086,46.298635516046396,65.371848201539,23.087477908876014,0.9117814194967528
2367,236.7,away,60.65785881131955,37.06118778048997,46.15552225349637,54.79056199636674,19.808955335734165,0.9657143867616447
2367,236.7,home,41.813963306814806,37.106100413234074,46.260233062645824,65.18270181909274,23.064413325131156,0.8928594270126857
2368,236.8,away,60.69130743597079,37.07417337771654,46.30331732862794,54.80233761643261,19.815618126252073,0.974170353562613
2368,236.8,home,41.815071589829365,37.10660429541365,46.268143997479115,65.24289202147443,23.09922086871788,1.0257306406266915
2369,236.9,away,60.654869369137465,37.09735952193974,46.213979758749794,54.51869194241528,19.776339251555182,1.05886381680032
2369,236.9,home,41.78022113444966,37.0970105034311,46.38984101547846,65.30677036942562,23.097237561895806,1.1149506039198025
2370,237.0,away,62.62301703081688,35.62948020446693,46.34962859635674,54.646818947625455,19.378863140535877,1.0146195647241034
2370,237.0,home,41.82648361531069,37.13267709196669,46.73973801674084,65.4226715554367,23.16261850582999,1.402563843449476
2371,237.1,away,60.745067081924496,37.0957163547086,45.96568333119092,54.40170424473945,19.80360292452688,0.8698892851789689
2371,237.1,home,43.554184821406295,36.388716823099415,46.92012663004573,65.49871304782832,23.496135652365172,1.130170230403773
2372,237.2,away,60.743860838974484,37.11763561543129,46.13477792845505,54.35930015308125,19.808496062112805,1.3352082780851695
2372,237.2,home,41.830623582584934,37.11761277145931,46.76802304259696,65.5820302769486,23.184154814106137,1.3930192148704224
2373,237.3,away,60.79023693894879,37.160733556005944,46.18155465178077,54.23640647265244,19.773193507812724,1.1447546663096426
2373,237.3,home,41.872263556606235,37.172755526986485,46.65367522384316,65.54223151718483,23.170861809762247,0.9811903245873542
2374,237.4,away,60.84866920497739,37.14436492163208,46.06420467146158,54.47473988738446,19.768316773959707,0.8828969843524302
2374,237.4,home,41.40221840279758,37.140165708393795,46.79260914785118,65.82341375345713,25.063296244792838,1.1770173536588644
2375,237.5,away,60.86740771388864,37.153423921076644,45.95574683904923,54.5369491172098,19.715791654652435,0.8903744942539695
2375,237.5,home,41.88611106628671,37.18156254020185,46.95598147121969,65.8877609118736,23.287614314877533,0.8805178303584577
2376,237.6,away,60.835101340980344,37.112074714628584,46.20578230306749,54.57043490645432,19.717300409402664,1.2028544314076557
2376,237.6,home,41.86729837299374,37.196872102354284,46.95462164119468,66.08494226289778,23.343744208016357,0.7940690339745659
2377,237.7,away,60.88748534386739,37.147456453872216,46.15943294938378,54.781548946092435,19.679625185217102,0.8240094534922647
2377,237.7,home,41.56968149943863,38.59238479651549,46.86049216524235,66.18319480536783,24.070324572031463,1.0664397826633307
2378,237.8,away,60.92270425573481,37.13590194911354,46.223507156935256,54.83667376617498,19.70860130460345,0.9973550703322139
2378,237.8,home,41.53488935398822,37.089417712175546,46.9274617829336,65.91615292295467,25.1011439947617,1.193313891014244
2379,237.9,away,59.78607039868568,38.17144318134332,46.14442382837311,54.830707769059515,19.9221947556944,0.9081075389009566
2379,237.9,home,42.01849328934933,37.20989451809191,46.724835724067475,65.80563038327115,23.20687362937052,1.099032689141246
2380,238.0,away,60.953373778634116,37.168064830171055,46.11120066141538,54.78814945296642,19.652011818264754,0.7778896567745417
2380,238.0,home,38.670654874689035,37.2072608362035,46.55140759422882,57.14658294417492,22.030891469608974,1.0622319506277749
2381,238.1,away,60.966097518326244,37.19868536135411,46.06988909991271,54.64782237458149,19.691559358182328,0.9237789217548642
2381,238.1,home,42.11257977238689,37.21461351795894,46.63795790312229,65.65239068947214,23.213895474052915,0.8608549228156762
2382,238.2,away,60.99056831328099,37.14986400549994,45.97289843681164,54.89143894361628,19.710402063521794,1.0792291477251068
2382,238.2,home,42.130266762020106,37.22750972274587,46.61773007383619,65.70022173000675,23.18423329272546,0.8084188548760113
2383,238.3,away,60.98901912355673,37.169911410791705,46.30499866172712,54.80171169716727,19.730135233431287,1.4278443746911842
2383,238.3,home,42.16883175957358,37.20534570961075,46.51659900178909,65.5387073778655,23.146592138407254,1.2128009660328583
2384,238.4,away,61.0151890842323,37.22474734364623,46.44934915959971,54.65716295417828,19.763292337098587,1.1973942301564409
2384,238.4,home,42.241279325740564,37.23666638677421,46.459527546816396,65.34407772328689,23.111464389635476,1.1575011786991274
2385,238.5,away,63.030931433884994,35.859787975452846,46.37608797768232,54.84714242514556,19.309769208927097,0.9661326638492055
2385,238.5,home,42.212359951184325,37.21839481383732,46.337451295786025,65.30821615783358,23.058783085354243,1.1258003954838303
2386,238.6,away,61.034096885070156,37.25167485389743,46.25016292773738,54.86330740429202,19.756183130498616,1.2819172362510651
2386,238.6,home,39.04558257443235,37.25738331098461,46.31245624361873,64.90594800905232,23.145374342270628,0.8140927386320508
2387,238.7,away,61.03444328603341,37.24558766844354,46.24539241305689,54.88235604052326,19.819371373940495,1.1494052935616474
2387,238.7,home,42.23800632898606,37.19988234175862,46.267686214622834,65.08250787358264,23.0332495529743,0.8747818526848801
2388,238.8,away,60.01493346576274,38.203798236524676,46.35571476537809,54.76364249724486,22.038744957903123,1.20081349060154
2388,238.8,home,41.650079708400334,35.66255264167905,46.227877997864454,65.08760756338724,23.541844048674072,1.0815089802800382
2389,238.9,away,59.79838120499704,36.51551973951502,46.811064332520814,54.854839379715855,20.250640075948738,1.248984878868578
2389,238.9,home,42.21739717761682,37.26148087112725,46.26894206023546,65.36846782302398,23.045668559817656,0.9179429296390507
2390,239.0,away,61.05353763284627,37.32301645438661,46.90416300100536,54.947725055495525,19.851923593320894,1.1124941044001604
2390,239.0,home,42.21060204144781,37.22122318045311,46.27212656458305,65.15203512586746,22.958672539572277,1.143640673367795
2391,239.1,away,59.69483022390286,35.05605931913069,40.62607362648447,54.7268734289288,19.098978152159923,0.7325402568889954
2391,239.1,home,41.68295636124949,37.05013736142633,46.077176348796065,64.67179747888585,24.686942251581094,1.052248260760893
2392,239.2,away,61.02934789365591,37.34564544565872,46.867450051590225,54.624997384924924,19.772753620818175,1.151282483771237
2392,239.2,home,45.3277347695051,37.47915254426736,46.09098614434868,51.01121175848408,21.72255308235281,1.1978398921905749
2393,239.3,away,61.06798283982857,37.33128120622468,46.631934566517614,54.69213825793369,19.80286410331603,1.075880990301583
2393,239.3,home,42.222892187080895,37.27383683772857,45.98465170392067,64.644658669869,22.895883203367966,1.2280467673120772
2394,239.4,away,61.100631377844884,37.35632593523201,46.60617361827857,54.7120888391474,19.79667967972532,0.9085263282960969
2394,239.4,home,42.253774055910064,37.29711306264962,46.157382533628784,65.11452976166854,22.893697480723787,1.1040492220338167
2395,239.5,away,61.10012141528823,37.360043256840974,46.718116507608755,54.64185665183312,19.782065604742776,0.7423410012837292
2395,239.5,home,42.27144338171544,37.34977757259346,46.21351560025296,65.35956189769831,22.92609051502778,1.0133482729469172
2396,239.6,away,61.15853405521832,37.33055855074606,46.85413676078183,54.88252365732215,19.818353070720818,1.0455325494471128
2396,239.6,home,42.27098366384621,37.36103318202134,45.98731196370178,65.24531103688811,22.92543351242246,1.0625287785940656
2397,239.7,away,61.2046019219144,37.33099242218835,47.10460915957077,55.06272614444099,19.84628930410602,1.1091288842543081
2397,239.7,home,42.2584610285565,37.328169320730474,46.228743478710186,64.88036074584146,22.90597565022387,0.9957314035257488
2398,239.8,away,61.19316403470239,37.37773419956085,47.02373564122458,55.00183993006348,19.838705228468314,0.7872282155434764
2398,239.8,home,42.30752772849715,37.35333452503348,46.00775468519479,65.00528889929589,22.914597086608225,1.0537063360685337
2399,239.9,away,61.188068042616194,37.32006780215552,46.95680863442438,55.23065051104801,19.849781622657037,0.9877574073535638
2399,239.9,home,41.78994651543774,37.20532264063665,45.83753841777752,64.85348162771973,24.631809947472195,0.9579492915270981
2400,240.0,away,59.802583747655135,35.02922486718795,40.053518176029876,55.269205820768114,19.137757079727344,1.376357786114658
2400,240.0,home,39.926938137111435,36.016550849062256,45.954455757293736,64.92940265262905,22.37529363689735,1.1180591245511433
2401,240.1,away,61.272503692745474,37.329016616962306,46.633962852592646,55.43830061155448,19.893686406438498,1.2250265690840019
2401,240.1,home,41.7464208269059,37.2150502931916,46.072790883000586,65.26909873724853,24.641106964503514,1.3858622923987183
2402,240.2,away,61.27840671779134,37.28042535039716,46.83665254040661,55.573271379437145,19.900211484504187,0.9467448669068671
2402,240.2,home,42.330828450739496,37.39556085839886,46.050787205437466,65.1722720399279,22.932623871914632,1.118750837902052
2403,240.3,away,61.277795714022915,37.26519561660993,46.73307451033467,55.45110633843981,19.891825217114906,1.1119674376008046
2403,240.3,home,39.01448387042804,37.35445689568531,46.01507710642726,56.394333150472015,21.865365539105742,0.8464354407463419
2404,240.4,away,61.30795377461909,37.235370147860486,46.304879018087135,55.44822273835918,19.85638157374243,1.120935081808148
2404,240.4,home,42.371351784775634,37.34998545574873,46.08227077296161,64.9509059380433,22.98054512975604,1.1562533518059028
2405,240.5,away,61.312561059831474,37.26820735268464,46.12104460201822,55.254235485955206,19.7955810670156,1.0020024663959366
2405,240.5,home,42.319097216978086,37.42101062724219,46.006097821034245,64.7846506022095,22.92443866857436,1.2555977186292797
2406,240.6,away,60.117566291689215,38.23328835028063,46.110903824296905,55.282579897677664,20.07476702909829,0.9644832672255006
2406,240.6,home,35.88727606718373,38.85680694881724,45.62979359738689,56.188643445602935,20.65793760709872,1.1642454653886514
2407,240.7,away,61.38463300802398,37.29460077667296,45.94966548122719,55.40232012559305,19.796771283553785,1.0322807831811514
2407,240.7,home,42.24432345149661,37.462568830599054,45.90607362185086,64.90421247998833,22.93466635387297,1.1295327176742138
2408,240.8,away,61.43732432376998,37.27537084892364,45.928786691598226,55.09238702795588,19.759816831075227,0.8799327712113527
2408,240.8,home,42.273652979828896,37.43968090037741,46.01989525550371,64.97732662877497,22.894778512131985,1.014765309900294
2409,240.9,away,60.009596597690916,34.999988880586855,39.25064845422288,55.04773257622023,18.99589087247503,1.127778836307378
2409,240.9,home,42.30247341356262,37.43445799605188,46.046463949974395,64.809278524554,22.8624345491575,0.9867074805102412
2410,241.0,away,61.39873059602633,37.279052788592956,46.233045999551024,55.01652454930756,19.737547986269718,1.2481374056007881
2410,241.0,home,42.33865191829731,37.45408712879473,46.216554292809704,64.86361992941588,22.867729761861806,1.0056640797842957
2411,241.1,away,61.324571340078485,37.30821910505098,46.11392285485749,55.087115903029385,19.73263546685952,1.0922765205609413
2411,241.1,home,42.32990929340863,37.4683291532497,46.31659388562916,65.00054188241847,22.907092565193775,0.992725249726809
2412,241.2,away,61.28858209495964,37.33018690800478,46.25212859985699,54.97629828585055,19.73096673632527,1.0926398076284847
2412,241.2,home,42.36263063224424,37.48043997470989,46.36655383402788,64.80999474698663,22.856794011815637,1.0390300896678037
2413,241.3,away,61.286135489508645,37.37768997694868,46.58968632288138,54.95627033674947,19.790716606933614,1.1388034670798854
2413,241.3,home,42.33697051125586,37.470353897890554,46.49925475495021,64.51564582128313,22.81945474558365,1.130819401598478
2414,241.4,away,61.310097892725715,37.42367627559046,46.34552905921076,54.86908674120018,19.778733435731155,0.8657800819159416
2414,241.4,home,42.30461135207927,37.455343251519274,46.47800198407853,64.2906126653174,22.813841614103488,1.0567127785873731
2415,241.5,away,61.328172204790896,37.431124574211644,46.19707045328619,54.816361861874114,19.763838918252063,0.8931965465564602
2415,241.5,home,42.31614232173438,37.44603962901651,46.52974094051566,64.28633300551655,22.78820327491051,1.0200012300008092
2416,241.6,away,61.26511370495266,37.44618816791788,46.24965372371679,55.04886424943605,19.806611955816035,1.0836597849132512
2416,241.6,home,42.39850763929008,37.42272098056987,46.66607287537863,64.41878909163411,22.778872072767335,1.0070398902160758
2417,241.7,away,63.18250592936723,38.68595992418854,46.10598755256441,55.19568998582405,19.380834948988745,1.1752600000618698
2417,241.7,home,42.321715228975016,37.474825213501965,46.66657029507472,64.50740874079813,22.79619940302631,1.4114407789628878
2418,241.8,away,61.26050375039374,37.490336933025986,46.208159995610245,55.37722834013496,19.872958226937275,1.169092579069847
2418,241.8,home,42.31278664987831,37.49743710278495,46.773693747547306,64.30657703073186,22.79581028621541,1.1749548160271852
2419,241.9,away,61.31431109105052,37.437190068040955,46.03483503173764,55.386766828148666,19.843776575231175,1.0954029417572142
2419,241.9,home,42.36415976460534,37.51465545637235,46.685534388141086,64.10298680827822,22.733128940828138,1.041457059425284
2420,242.0,away,61.31487964115116,37.467557512840735,46.04821178576036,55.316904252869236,19.844186838516553,0.9880544916502422
2420,242.0,home,42.36655438993419,37.46175670925726,46.59978774362703,64.10737016282359,22.750136967029302,0.8527827196158032
2421,242.1,away,61.351995396463046,37.41456112722685,46.15391063023709,55.436841781707514,19.86817865268492,0.8563893543767129
2421,242.1,home,42.369363565875375,37.4681663422748,46.55385269243404,64.03454538906746,22.6980643206038,0.9688866459904939
2422,242.2,away,61.31265784222276,37.36886420929337,45.97266998279517,55.608732272460784,19.847345370660328,1.1372055653540334
2422,242.2,home,42.43573243006848,37.45512225621613,46.4861294029071,64.40415702817083,22.70893160042365,1.38758776247225
2423,242.3,away,61.3127622452327,37.3553127573131,46.24591222118531,55.79805462728405,19.90792830674263,1.0750132372662333
2423,242.3,home,42.49933813728278,37.432697894570815,46.64867731590671,64.49388653705233,22.69751526423573,1.0996443871631614
2424,242.4,away,61.25814251282652,37.35545726796311,46.37631902215979,55.91083054653134,19.979046846314144,0.7216929405121649
2424,242.4,home,42.51078376412027,37.43858473730551,46.782653863539714,64.20509379035768,22.689392363399026,1.4445677414142308
2425,242.5,away,61.56785483934139,38.69312507931521,46.45359645077232,55.73819580479088,20.451938533188375,0.9512188526081676
2425,242.5,home,42.48291867488271,37.46711746324965,46.38920205375882,64.06334852637185,22.66696476962645,1.0240097028234354
2426,242.6,away,61.5002872571157,35.78525642269621,46.47420079855246,55.81510205025647,20.335740529479732,1.1264476131780659
2426,242.6,home,42.4890819664683,37.480176821032,46.59530197304683,63.92411141009564,22.656897835114385,1.208152911758592
2427,242.7,away,61.299253094939225,37.38095674433488,46.45110693814261,55.743513139266796,19.93892841177635,1.0977020916057993
2427,242.7,home,42.470851145933295,37.46771454926034,46.65319671938399,63.95582882363458,22.629046106919432,1.0348186782294189
2428,242.8,away,61.21683377522832,37.3595195711212,46.25592184826121,55.86547052085121,19.968358663751616,1.1504598248416629
2428,242.8,home,42.470710513004626,37.44096678287339,46.473838060382214,64.04114890946137,22.642897328998288,1.0355525321453674
2429,242.9,away,61.2681859613034,37.403819832394696,46.15584272154572,56.062817065908995,19.989154058613806,1.0707748287820675
2429,242.9,home,42.42190071699048,37.49897024841795,46.42839216697915,63.70797872050056,22.600899102384272,0.9084321200643657
2430,243.0,away,61.28545245363885,37.431413470166255,46.060083343641125,56.28549334633347,19.9911434551706,0.9306066048693095
2430,243.0,home,39.95799926281269,38.80913657779884,46.45719151324094,63.838855647071085,22.035885903789836,1.036514284070351
2431,243.1,away,61.352778436366854,37.444666781342036,46.15344606525142,56.225584078718114,20.033065449828204,1.2539589718451765
2431,243.1,home,42.39984482241369,37.55674687665814,46.3539110220911,63.58851448526488,22.531299188715494,1.003999457219342
2432,243.2,away,63.24410505774173,36.57353478664092,46.23888091122674,46.01918556066202,19.268972394792737,0.9688794977653336
2432,243.2,home,42.35196339806493,37.58827436262116,46.162500711878614,63.61259306085331,22.471551445180687,1.3726332519794757
2433,243.3,away,61.38432051539956,37.46098431788049,46.16019641873358,56.24284435211108,20.09415403567673,0.9599515133917944
2433,243.3,home,42.32927998836272,37.5936144021398,45.840791642651666,63.664511110919925,22.424673518393888,1.0192161640474806
2434,243.4,away,61.374102659781016,37.421190457188814,46.0271193061792,56.28751104839678,20.14050197494469,1.1325604156606066
2434,243.4,home,42.29733573723097,37.6026074949983,46.05812159363439,63.630126225702995,22.452748500893783,1.2137518203356656
2435,243.5,away,61.39107045679368,37.41551726966053,45.74936493703621,56.48625781321604,20.153732494367897,1.112507300852988
2435,243.5,home,42.40442956686991,37.53725607666741,46.154624342895886,63.63547146100215,22.43261885087487,1.0201964605042293
2436,243.6,away,61.37641857996032,37.41768416474476,45.71946159811565,56.80462115869926,20.197363428061763,1.0203365228892998
2436,243.6,home,42.41319811901558,37.53700175831912,45.8722346435094,63.57375390965666,22.40352953619106,0.9206777537624512
2437,243.7,away,59.96565162626841,36.515936409352925,45.85065520181466,57.03498167966829,20.546484947064855,1.1041067718241055
2437,243.7,home,43.88887198669984,36.70021702001098,45.87054351292532,63.312256867166994,22.638659200352876,0.922407076718908
2438,243.8,away,61.39508142997931,37.40114216011182,45.77535443679514,57.06347280827286,20.266158982407102,0.9397954374465207
2438,243.8,home,42.432747498842666,37.541796830325936,45.91480854321972,63.2166681630291,22.308510869888735,1.3675228698294755
2439,243.9,away,61.372160482729505,37.36257191348039,45.65333415415361,56.907611796780685,20.24203057348615,1.1468626277271419
2439,243.9,home,42.53184319328489,37.44363332993563,45.98531294110242,63.068315824902044,22.29243787380481,1.08001927225391
2440,244.0,away,61.393176987795414,37.40675915188053,45.35796730925131,56.66302377830689,20.18812377765644,1.347596215626388
2440,244.0,home,42.506737436728606,37.45229808970901,45.97441772312585,62.84663282174228,22.301494655061514,1.1081512733599932
2441,244.1,away,61.39756180644424,37.388488080020515,45.09490926624992,56.85015244688529,20.196475436707935,0.8910756115571999
2441,244.1,home,42.54349586173042,37.43413984292307,46.29013315155182,62.62405982036191,22.32009949888679,1.0202922023491885
2442,244.2,away,61.38861151886843,37.35228554730813,45.22468370723095,57.006458108249305,20.21426772776816,0.9492456249010653
2442,244.2,home,42.55619089865827,37.44314367667541,46.57083647586902,62.852846583529,22.313701604174938,1.1414741284429875
2443,244.3,away,61.42337722287934,37.40179935603704,45.2956573793701,56.86093044914159,20.160354110111697,1.0847412537841619
2443,244.3,home,42.63426252668774,37.40999951977835,46.76942320903837,62.76613375253868,22.27043232753317,1.3033805434323686
2444,244.4,away,59.863347298440736,35.107087805338395,38.28368114067006,56.83171313402215,19.465806001742482,1.241469377668372
2444,244.4,home,42.586121681429965,37.4596713713326,46.45401793144067,62.76851567224693,22.2597793911532,1.200754596580179
2445,244.5,away,63.527152880054814,36.176334645240885,45.52460462119156,56.518427513751504,19.633056363748345,0.8574801104432076
2445,244.5,home,40.334288177263865,36.19661945255426,46.463733897488616,62.75017428020534,21.798266940877408,1.0885579367228249
2446,244.6,away,61.454747426285195,37.383429635292465,45.344090552589215,56.64198167980676,20.163075791735007,1.0548901907614823
2446,244.6,home,42.615609882979655,37.45578544257007,46.41621612263981,62.807785857282376,22.210735054434256,1.0182984183358272
2447,244.7,away,61.490190623217565,37.36819283983627,45.56711873181811,56.72407251806645,20.19872381178173,1.0129738847393346
2447,244.7,home,42.61959628007104,37.49965822912671,46.31029128357536,62.97276305410861,22.175954330263224,1.298544005354522
2448,244.8,away,61.497603393457105,37.42660322253474,45.35014870161072,57.07197742396943,20.292236123853822,0.9119136096027617
2448,244.8,home,42.54969529252759,37.59471952979083,46.15500140430487,62.86613703115672,22.140036555634858,1.0751539098447487
2449,244.9,away,61.497894523454555,37.410789849214154,45.694270065101314,57.20060580593295,20.324648432373696,1.1046255143150652
2449,244.9,home,42.5130373697762,37.510881404340346,46.04217414644805,62.791204373379934,22.111454826326337,1.1044766597835585
2450,245.0,away,61.513138364320895,37.39030093510885,45.68596855758848,57.14727233484999,20.323049855090932,0.8392820939699619
2450,245.0,home,45.760592858748545,37.655028256089466,45.876872844607306,48.089295423806234,20.643502372970396,1.2006171480955943
2451,245.1,away,61.52526024595602,37.47808187784607,45.5176857851934,57.258197888634406,20.301372356864366,1.170222422241331
2451,245.1,home,42.58593640806719,37.495067337444205,45.957207658908146,62.66184906554655,22.040748526519003,1.209586181940801
2452,245.2,away,61.52697305526286,37.48661736140296,45.32261139924259,57.44107983755896,20.308109098574214,1.4729284011882875
2452,245.2,home,42.61209978070632,37.535379843056965,45.82207278746955,62.23375716431339,21.985009978318008,1.182747180268571
2453,245.3,away,61.545681512898575,37.474375838599286,45.52794243157944,57.627830030384644,20.381306727949003,1.4237280305803592
2453,245.3,home,42.658624769390094,37.56047795592582,45.977601536371054,62.159415312730886,21.96965675225262,1.073076779639082
2454,245.4,away,61.573907351973844,37.47022152203643,45.587463244835334,57.53577825218257,20.360752117541292,1.0931685649175982
2454,245.4,home,42.635256187468826,37.56471457991668,45.86497789755211,62.09701856341325,21.94583898588971,0.9658583108981961
2455,245.5,away,61.59450232894463,37.52169330241613,45.53676475633551,57.48708048295505,20.37181981754963,0.9087147554604182
2455,245.5,home,42.65681308472187,37.51920844710348,45.950876670943295,62.08449712115531,21.948006526526388,1.3152713211798095
2456,245.6,away,61.55940571093306,37.53363895911356,45.22617664596826,57.51380567717408,20.407016147342407,0.864582743230331
2456,245.6,home,40.41384391386993,36.26057667155441,45.93953759260854,61.78665782529932,21.519246471386218,0.9714567774250351
2457,245.7,away,61.603616655669995,37.52192714861517,45.38634864246615,57.40644333751534,20.379561934350022,1.1413990674115977
2457,245.7,home,42.66504004977131,37.42652824629292,45.75958581445917,61.864013151638716,21.891807873098124,1.08185240133088
2458,245.8,away,61.574331832951906,37.52868584607989,45.34165658926358,57.645007260841055,20.43598365462423,1.0814150945453622
2458,245.8,home,42.695745450678096,37.52353245703019,45.92781018434589,61.686095501652645,21.868470233018993,0.7774399917383629
2459,245.9,away,61.57918913245719,37.501927593006414,45.45753779795068,57.709339271074455,20.50779714206919,1.2149262232345637
2459,245.9,home,42.69436949109911,37.48813428435202,45.83819508886193,61.73793952132386,21.86996715710892,1.0931847946109308
2460,246.0,away,61.56575570539405,37.44744695413062,45.469287272813816,57.75482092344488,20.54818493474805,1.3596507475394652
2460,246.0,home,42.60203896927101,37.55058775822244,45.66051598516556,61.75354613213324,21.88305817017472,1.3997897613393055
2461,246.1,away,61.56713509036677,37.44565303204791,45.48922003003764,57.990851251175265,20.582787685875466,1.0778575795088432
2461,246.1,home,42.02166925433574,37.410013763772916,45.436910015108204,61.62705898541124,23.378169981265955,1.0978977135948047
2462,246.2,away,61.80642436049844,37.32318646745183,45.640810947591575,57.822966300488275,22.349288762608673,1.225682902634777
2462,246.2,home,42.59438532334506,37.52122581534765,45.17647461053931,61.47657348934027,21.78146574250201,1.1053097736377036
2463,246.3,away,61.56668056981241,37.42235644139972,45.61026879022295,58.09845644809039,20.62786661377673,1.0488273507766068
2463,246.3,home,42.603366117447706,37.5230065772957,45.32065254647147,61.521286311332496,21.774097966021465,1.168957179296129
2464,246.4,away,61.59270626655032,37.39950006401457,45.609350728103934,58.02739025090136,20.625366414362237,1.14730472626679
2464,246.4,home,42.68567977641168,37.45808828781702,45.19445959521827,61.30705400132862,21.715671156317644,1.1617341066317721
2465,246.5,away,61.57050714809229,37.36008844763574,45.96739928115057,57.971802286462065,20.65257903502687,1.403788124739934
2465,246.5,home,42.075278253603294,37.424545063871435,45.20437850329014,61.62165403381203,23.30769336790838,0.9323702203904609
2466,246.6,away,63.85016661561707,36.15382163415784,46.101028754534596,57.818807786244214,20.057600575837593,1.3569276060688436
2466,246.6,home,42.07162314272297,37.38279203815277,45.22259522326448,61.495492465071635,23.297428942369844,1.0882938753392781
2467,246.7,away,61.836131519087964,37.16887131276699,45.99403929451046,57.81506494318406,22.44423954706265,1.024008557662406
2467,246.7,home,42.66269161629633,37.51074423733298,45.290536932707056,61.49847318066965,21.69005307652018,1.198031058266225
2468,246.8,away,61.63721996648883,37.32636475358254,46.00609605042133,57.774509388889285,20.603808968590613,0.7745830332165456
2468,246.8,home,42.60225784909496,37.563279246019526,45.218480382824126,61.19118247202131,21.635185975391114,0.9206813731125297
2469,246.9,away,61.63972395964395,37.38586556612296,45.96230111153719,57.93591020128856,20.641890049588365,1.006485509333924
2469,246.9,home,42.660821274320696,37.49430666835644,45.14566003023489,61.082687228553475,21.57125658672231,1.4217674697538956
2470,247.0,away,61.65669291657141,37.41099005715412,46.17318876407303,57.92378929574327,20.627087177150337,1.0473357382314294
2470,247.0,home,42.66051201937073,37.4689426572693,45.288066088525916,61.068352304447004,21.55862005395231,1.0785253414203666
2471,247.1,away,61.669310382831696,37.39020577028129,45.82954855047905,58.33505291524954,20.658662822206473,1.4071879332585748
2471,247.1,home,42.69347602206857,37.45881286039907,45.23046045308166,60.98799857000825,21.510230161589305,1.0801894392174238
2472,247.2,away,60.378611300056455,39.672966405509506,36.56117625329911,58.47960375175305,20.03072400845004,1.3616567241616433
2472,247.2,home,42.73451751616443,37.42586864384957,45.13636001726167,60.82452251774226,21.431490328263312,1.106775108330378
2473,247.3,away,61.63594445409356,37.44446678266086,46.02454376199024,58.723754925034804,20.71924915714652,1.2095707948205932
2473,247.3,home,42.682492051574584,37.420043627639544,45.10117593342421,60.9358427917007,21.379958429484493,1.1737309492639416
2474,247.4,away,61.71083165704599,37.460550887835616,45.72600487257628,58.73109590137084,20.685095622049566,1.2517830159123118
2474,247.4,home,42.131935367225104,35.9473857072559,45.14080916223522,60.58329808949388,21.855745565425323,1.0994925764947285
2475,247.5,away,61.681605004942504,37.48327184997807,45.648280785859015,59.204453336938634,20.769909210343606,1.2974170173435475
2475,247.5,home,42.66112820614262,37.46517087807611,45.28852748728673,60.59059666691544,21.26155958396822,1.0049720943157077
2476,247.6,away,60.265437170114204,38.20902575024125,45.60637827418569,59.45338274566961,21.13939682554979,0.9760553730805304
2476,247.6,home,44.23454009672239,38.172621176792084,45.19761920506079,60.47099344662846,21.41511622853307,1.085156822330305
2477,247.7,away,61.71583324199814,37.46942980282111,45.54186385973537,59.74241408193496,20.831283308230645,1.1964858911586091
2477,247.7,home,42.738891815325196,37.48227956986698,45.421234786182,60.48469697137452,21.20417820985403,1.1077739051741942
2478,247.8,away,61.76874719864938,37.47907491323867,45.61360417935724,59.80730210215301,20.841420529122196,0.7836115882291531
2478,247.8,home,42.73368554200951,37.47482217403752,45.47653836650241,60.45616056332607,21.167105763120116,1.1107347075214398
2479,247.9,away,61.74440070253661,37.495893179187235,45.382907131039914,59.85986232633686,20.886764928463737,1.1491045054661042
2479,247.9,home,42.72020170605387,37.49284880053827,45.35470398079706,60.67165356121087,21.169961613371946,0.9417376850301712
2480,248.0,away,61.720057525670384,37.56639698921021,45.29556032618532,59.8596947573588,20.88864597450255,0.7557190938656924
2480,248.0,home,40.57941438877482,36.33534472453114,45.628778867061136,60.47765990474772,20.880907803870816,0.9273849025585843
2481,248.1,away,61.726210444758756,37.52810018966545,45.25576954678831,59.856936054807235,20.892148951965833,1.0790498131918949
2481,248.1,home,42.71268936517538,37.480605706945674,45.75520793961269,60.327779760543734,21.156422245634058,0.8635843696824139
2482,248.2,away,61.69920899384349,37.503261618398255,45.12868486328476,59.93633458798654,20.880306784799448,1.1668295497070507
2482,248.2,home,42.678814454073624,37.467087645637925,45.627724769744304,60.34943602582215,21.16030216269502,1.3092132399371796
2483,248.3,away,61.65467881450943,37.44968168505588,45.38982421620851,60.07391159429501,20.952482308513336,0.9208815456796475
2483,248.3,home,44.21171630375737,38.2170808973044,45.75687190345562,60.438787012313824,21.41334389005485,1.1554117497445906
2484,248.4,away,61.647314313300576,37.41701408982254,45.21052437428552,60.08626389934647,20.94020313542747,0.86042951772615
2484,248.4,home,42.71855708180792,37.42021103432555,45.568073504124094,60.314871532605814,21.142599019326383,0.8266784855328108
2485,248.5,away,61.61326028076979,37.442002208248645,45.071184019630785,60.089357492306306,20.963949864716945,1.0140033573978
2485,248.5,home,42.2472128267001,35.91565686314143,45.41479649097019,60.27128871229912,21.60401200600763,1.1024445008825343
2486,248.6,away,61.57159898700945,37.43858931994976,45.21916147213529,60.20876767818568,21.049182087790914,1.0116534668830583
2486,248.6,home,42.73760312595062,37.32690647669236,45.10708606804515,60.24734838427123,21.07340869555385,1.178664330005059
2487,248.7,away,61.54735723933325,37.413454453493195,45.30963962820019,60.16133590934294,21.09610683365315,1.0587460650740312
2487,248.7,home,42.83816427721806,37.33029101631222,45.24649197679756,60.05847639838524,21.069282096677703,1.479962965670879
2488,248.8,away,61.57051605625699,37.4058031360531,45.45313659841498,60.19756329913132,21.13962903837954,1.3079406558282
2488,248.8,home,42.8192663973168,37.30327766153447,45.03437103994175,59.742982669773575,21.02782014960816,0.9034645728715287
2489,248.9,away,61.63086118562994,37.387995951385534,45.64331858696423,60.20774057535313,21.21327715912284,1.1896643974478982
2489,248.9,home,42.85155638575721,37.32619868740404,44.709000071515746,59.774287583557125,20.972676633378715,0.9434263907377493
2490,249.0,away,61.64975076010612,37.442097285175876,45.56562014633434,60.43742415252525,21.307440287827276,1.3196577636382445
2490,249.0,home,42.80611270249393,37.3198389252681,44.70023595252617,59.85530583761788,20.95341480733765,0.9728824813523946
2491,249.1,away,61.72184696275592,37.43101160933309,45.589719723909035,60.51532363764227,21.369915348275594,1.2626271066362273
2491,249.1,home,42.81404110419928,37.31374352275857,44.83980068725151,59.6698733988028,20.894711434041234,1.3544359467613192
2492,249.2,away,65.14581546364758,37.67621817752571,45.3971731562053,50.39800818319918,20.039590087229108,1.1232750465962007
2492,249.2,home,42.815208405731006,37.36073527656806,44.52459589606163,59.441933365557276,20.84807220231127,1.0843741274169296
2493,249.3,away,61.792385015664145,37.46721620052621,45.49709567782815,60.67498623140716,21.45428578029144,1.1389108849276512
2493,249.3,home,42.80397894356866,37.32367653872729,44.66510655291839,59.26244505789556,20.835209039170113,0.8064440302153874
2494,249.4,away,59.13632511155477,37.51839466182538,45.5935659439287,50.65334977007376,20.784818423673862,1.32307257925202
2494,249.4,home,42.78385201845362,37.35681440157463,44.624751735154064,59.316172764278555,20.86060268830094,0.912848764386985
2495,249.5,away,61.780637836077815,37.48349038126628,45.33597514735854,60.70120508526106,21.48937503862988,1.4157312723579116
2495,249.5,home,42.74368574302521,37.38833262423067,44.74865704373981,59.21870357683258,20.860869438507123,0.8739214091983872
2496,249.6,away,61.79552798886288,37.46641917118393,45.37133024200016,60.790100091839335,21.49757100906783,1.0616139884527587
2496,249.6,home,42.663091471364346,37.353941185292854,44.78741011220079,59.24531480857364,20.850729832186218,1.120498152968923
2497,249.7,away,61.76618597254287,37.47654249410694,45.292420922812425,60.99668267724623,21.53995338256542,1.2200400754682899
2497,249.7,home,42.62910656239954,37.313324633444886,44.940354197686034,59.11424124362162,20.81646469740829,0.8350609753624609
2498,249.8,away,61.72103804318442,37.447693374669285,45.164831695161915,61.18406116071834,21.535809539755864,1.219987335438008
2498,249.8,home,42.61397572410358,37.34995802299954,45.07790184784253,59.041258548276524,20.786831134432358,1.158041581355267
2499,249.9,away,61.66538467662195,37.368482937476074,45.22313605313857,61.38480352161788,21.538146937855327,1.1309711654912897
2499,249.9,home,42.621618817229866,37.324288532505584,44.98598868367961,58.7404125019046,20.753623241375653,0.8404613806963691
2500,250.0,away,61.64953579715288,37.34074380621348,45.48429080025046,61.43008796185657,21.590538864227767,0.8584591785453675
2500,250.0,home,42.547898214912564,37.364099325837884,45.01670090107733,58.48386501761788,20.714287325013444,1.0527216857632895
2501,250.1,away,61.66230323729292,37.37925935010194,45.35052523574757,61.48478722265838,21.53295097865467,1.054739328694888
2501,250.1,home,42.562209160212305,37.37400913261984,45.25047260642048,58.360043801547725,20.722533684296764,0.9733143847948729
2502,250.2,away,61.67339793092587,37.390255331157576,45.12193984785661,61.43431761781822,21.540017137673956,1.2687578254118728
2502,250.2,home,42.602224502481,37.387739748885856,45.131496706018616,58.1846021391172,20.646376814733316,1.1638650089534766
2503,250.3,away,61.65888646954934,37.32688731661288,44.922412334233925,61.62039687785267,21.544000166414403,1.0753683162093244
2503,250.3,home,42.64832258244535,37.36488725848833,45.07976065847694,58.12419324036827,20.58291977595871,1.305687915414799
2504,250.4,away,61.71761488814645,37.33448893187337,44.99001863784993,61.548748262957574,21.537354335205155,1.1612914975884527
2504,250.4,home,42.70955278757994,37.30109120027469,44.97635565641626,58.10996469051021,20.53854199752661,1.1366638053396283
2505,250.5,away,61.657898018146334,37.25790615987697,44.728436607128536,61.69583520673274,21.56070131281201,1.3790886950605614
2505,250.5,home,42.73220559834635,37.35130718489106,44.760425282684736,57.97700877186047,20.45281182309952,1.367908717013349
2506,250.6,away,59.93823919022215,34.87534609774394,35.63044070788334,61.77430637476404,20.734156669974176,0.844697628968586
2506,250.6,home,42.72912950687902,37.362944801013946,44.61005861679166,58.009702199145835,20.423259361635335,0.8905088477950838
2507,250.7,away,61.57550270592765,37.20861247988458,44.71305528282908,61.66929075215179,21.593066331275494,1.395187716073689
2507,250.7,home,42.72563293170111,37.35964801456371,44.87475090489862,57.985779679636735,20.45772420118149,0.9383603372213986
2508,250.8,away,61.518170733471855,37.2244426866789,44.69185320596109,61.560076633211494,21.58134105891708,1.357910055513293
2508,250.8,home,42.7503454078805,37.36254364588951,44.91142816106626,57.88740225848565,20.458247717710695,0.9481146026222618
2509,250.9,away,61.536083586518274,37.220274393045194,44.39305217644912,61.599430937069826,21.56331813469901,1.184161054849164
2509,250.9,home,42.7601868568987,37.34096310888615,44.7303431052087,57.841381055774605,20.460657354929864,0.8518703557142931
2510,251.0,away,61.922922210885005,35.76730002027811,44.505522269292186,61.70974219980991,22.22549275656821,1.1763429788179234
2510,251.0,home,42.772804738848215,37.30458905977138,44.56736094363756,57.73524251133817,20.402208452397385,0.8564638192324673
2511,251.1,away,61.53225730572524,37.16543757391468,44.60623620327995,62.00615167934967,21.659701254687516,1.0417825234104008
2511,251.1,home,42.76373704655069,37.30994908972066,44.76868475955104,57.77216079415908,20.42227606907144,1.0667512524535108
2512,251.2,away,61.51280790871972,37.19399508442708,44.66387856857401,62.126089845151625,21.662444169259405,0.9949341613437636
2512,251.2,home,42.73021439284943,37.27555517464457,44.669434737555825,57.55389255340326,20.352635416407317,1.0241983921885678
2513,251.3,away,61.490835943790756,37.23171323434715,44.794290227154406,62.389308211446085,21.747763965693995,0.8546584093971081
2513,251.3,home,39.931924300718755,37.52176499894438,44.714063061642115,50.585690486120946,19.58141664931906,1.2313187770417997
2514,251.4,away,61.46253715649366,37.23682967957529,44.729462573472716,62.30819698394254,21.73310767038907,1.1163143604400205
2514,251.4,home,42.68745365072478,37.23994623307147,44.823598272769416,57.13904439929927,20.300851288288296,1.2153950882983655
2515,251.5,away,61.498384876551135,37.27410671111397,44.99832788361894,62.44548870502054,21.764194228230192,1.112831662447451
2515,251.5,home,42.681698806037225,37.244195016290625,45.17989320402074,56.87031948165884,20.26202348772032,1.3694820500653566
2516,251.6,away,58.80812142691087,37.150691005696174,45.04054279371868,51.36191582196103,20.98356561415296,1.2417969728626326
2516,251.6,home,42.66645164823512,37.20463849799439,44.93057759581739,56.545245549026184,20.126504940336023,1.0459917790567792
2517,251.7,away,61.61447707518077,37.23758638520263,44.90269427933966,62.60976177856574,21.83345490929918,1.0663156068505835
2517,251.7,home,42.615478345891724,37.19765138038352,44.87342501326263,56.74712424408048,20.141477866871845,0.8773919992822976
2518,251.8,away,61.592219156234776,37.22183229723831,44.991757301627096,62.8041311537381,21.899712801537273,1.2307782588700684
2518,251.8,home,42.77774681392264,37.463444131691325,44.81156525344019,35.22643836126751,18.20775491671112,0.8549861347649331
2519,251.9,away,61.47654542200621,37.22459838083782,44.8085198776707,62.95384905987903,21.932289946294645,1.163423738138902
2519,251.9,home,42.54543599027931,37.22501672242592,44.7587271346614,56.6673421574026,20.0477588056935,0.8480328787051932
2520,252.0,away,61.44770261851554,37.22577864809026,45.01927431958727,63.08871550918481,21.965599330500552,1.0708880295020637
2520,252.0,home,42.533458467565815,37.2324349461967,44.46669727636157,56.603965947796766,19.998466548013695,1.1208814016213802
2521,252.1,away,61.431858622791204,37.208398925343914,44.9080737974147,62.8548273560571,21.926095254043187,0.882777882023328
2521,252.1,home,42.50145646785477,37.238846338450884,44.571420560172385,56.81874061070946,20.029821760464962,1.137829929327243
2522,252.2,away,61.43554055507175,37.17146076806131,45.054066091774466,62.99909399682206,21.956139915546732,0.7400228143939462
2522,252.2,home,42.46841514214682,37.26631678277782,44.562786580570815,56.90581079731966,20.032380880558428,1.0310382738613042
2523,252.3,away,61.4093356765706,37.19695226805076,44.759251712344835,62.78349146961237,21.954763325412934,1.0822878653108339
2523,252.3,home,42.48614094802253,37.316039407036776,44.63920354900791,56.8516552862912,20.09193133370621,1.0854463273091983
2524,252.4,away,61.39032796498123,37.16274156066287,44.59558531745296,62.71536447322484,21.972285356527333,0.9300982013399786
2524,252.4,home,42.51346017112571,37.300617345550684,44.39840730886642,56.83969499532942,20.08094245796285,0.9631286443049187
2525,252.5,away,61.34591010446761,37.16435031665582,44.43216876884056,62.75510779961684,21.96977984977734,0.70681854726462
2525,252.5,home,42.514977736408035,37.330114239721574,44.115495712925096,57.14413399693728,20.068952636836386,1.1607079520418389
2526,252.6,away,61.348795419896845,37.160826988448974,44.50789801088517,63.09356457042268,22.000203830948223,1.0684176019298979
2526,252.6,home,42.49391733936223,37.30471821259724,44.292534646725045,57.24986080973371,20.05597825928464,1.0214594274153532
2527,252.7,away,61.328656123715405,37.18243398380539,44.384132883943764,63.317348536578436,22.024448049791463,1.0267034791104834
2527,252.7,home,43.78766365482071,38.019534932431384,44.419730521156225,56.910523053245306,20.38298579872225,1.037059803800895
2528,252.8,away,61.786944936027226,35.7011603194578,44.54519117329027,63.34176464124296,22.6781208779066,1.0118563861214573
2528,252.8,home,42.465208621780356,37.271222774824075,44.474619358467336,56.77922437170687,20.02637404281336,0.9768794633974202
2529,252.9,away,61.354551264586235,37.12473835170966,44.724441420368876,63.117719564581776,22.03178364918289,1.081478311285375
2529,252.9,home,42.43847657915119,37.200440553325755,44.585435994848766,56.72262831982051,20.0505934764452,1.1421025561211116
2530,253.0,away,61.351025747410525,37.12841034919124,44.72498717885547,63.1246493350294,22.06659093224893,1.1941460815252765
2530,253.0,home,42.46573002688024,37.156942299331675,44.601020337263144,56.33488866612423,20.015596035797902,0.9999049332766474
2531,253.1,away,61.32065679440968,37.166991632616515,44.64382219831701,63.25623848228446,22.09168092259225,0.9159362823869551
2531,253.1,home,40.01210685032931,34.30028612407383,44.61113990427339,56.33462432530877,19.979000669703964,1.379366896080132
2532,253.2,away,59.67276510871975,36.074021680433155,44.8678548187102,63.31965595791367,22.17222082876293,0.9118325856664814
2532,253.2,home,42.52825581239511,37.151813778427474,44.35701646573327,56.25921317344983,19.86186814289928,1.107466787936138
2533,253.3,away,61.27291298046448,37.13208856472459,44.64885643273989,63.58530377648847,22.13017774832608,1.157461998982849
2533,253.3,home,42.475468435669576,37.2052895055814,44.117682940530955,56.237342425494674,19.830321141509327,1.316839808051026
2534,253.4,away,61.226599776959986,37.15890699772404,44.60457744407299,63.369788847983244,22.125888242941425,1.0948388928690387
2534,253.4,home,42.14690278360632,35.79998923483028,44.32776640130106,56.02722287561206,20.34463976392677,1.0744650259045294
2535,253.5,away,61.20977869895084,37.12139154876196,44.43672043907385,63.347135413838146,22.128116969557592,0.9457373217070568
2535,253.5,home,42.48995038607118,37.207015246676356,44.074017603282854,55.78361881912856,19.833809300533265,1.1123707342062592
2536,253.6,away,61.19484347069776,37.13326849048853,44.61509187677059,63.22838022260852,22.168936627768147,1.140946505806772
2536,253.6,home,42.47358706577335,37.16544692974704,44.02501835809605,56.050105859046745,19.793148632352697,1.387226619939891
2537,253.7,away,61.16126863051829,37.08906074881516,44.38732291125106,63.35490825929209,22.18470799938389,1.6534682527266875
2537,253.7,home,42.44323357455477,37.17608756610456,43.91655621630807,55.893254487748656,19.740354801520244,1.3158215001339548
2538,253.8,away,61.1459466652594,37.07035118805005,43.792243434324064,63.74325685621985,22.193355680023767,1.5139078441439742
2538,253.8,home,42.431452513291354,37.15398593220559,43.889625944860605,55.68605770030285,19.687018595816003,1.0680073751075359
2539,253.9,away,64.66616747686842,37.30294335232993,43.75460986138839,53.83683754507796,20.851839574084874,1.162764910454975
2539,253.9,home,42.4003080084008,37.14788323910801,43.896075735650115,55.70916753813067,19.66998008457757,0.9808202276105308
2540,254.0,away,59.5543957523033,39.09644192096913,37.536869087956944,63.89395669289935,21.72353251249046,0.9640988791755053
2540,254.0,home,43.62286132795902,34.837326664008444,34.14034794078273,55.43730120457509,18.815651950146048,1.2446076613423251
2541,254.1,away,61.15346303864134,37.01642840506521,43.65386608203673,63.820862987294035,22.282110547541397,0.9380166392936512
2541,254.1,home,43.66925136238673,39.20468179222812,37.41317544009762,55.38084056348829,18.96646727332203,0.9649810871800769
2542,254.2,away,61.16581869019256,36.99018234529094,43.65793872602858,63.98913641364666,22.304222773434677,0.9957630549733956
2542,254.2,home,42.32252563927738,37.119734485680574,43.68535118108797,55.09084089976294,19.615649080466316,1.394635711367744
2543,254.3,away,61.23696597381606,37.03592130904178,43.7701694300976,64.27287549274666,22.375571121201336,1.0506091899729446
2543,254.3,home,42.322175003611726,37.09035763049169,43.92189288731903,54.780892935903324,19.564192388784274,1.2024530224434409
2544,254.4,away,61.21672259841505,37.062838220425455,43.9507105825578,64.27155384405731,22.391618473049036,0.7934706698759298
2544,254.4,home,44.972899682276854,36.99003819430338,43.754917024090474,40.829126022468934,18.482804868594513,1.3078885812681358
2545,254.5,away,61.20646639129333,37.07199550412852,43.815692145121915,64.389074138085,22.388942113345287,0.8792558296025326
2545,254.5,home,42.30159962329851,37.02566169113384,43.60834124295725,54.67074331234997,19.520669263563956,1.3094371770147704
2546,254.6,away,61.20991166740518,37.11221332523548,44.022201065144436,64.40676792624149,22.364459121208142,0.956100982225509
2546,254.6,home,42.32953806969601,37.08919516314168,43.48642072423219,54.715305784836886,19.470092570282436,1.146012772320715
2547,254.7,away,61.23838670452523,37.1274531462689,44.12207874434294,64.41909143865567,22.374165105385625,0.7904674978241651
2547,254.7,home,42.349845297680815,37.15384058285276,43.55615966824199,54.46593124756169,19.48958838998552,1.0128151138649046
2548,254.8,away,61.71167624842811,35.790392189395135,44.282487114368564,64.52863832939616,23.123516334839866,1.3915873944607193
2548,254.8,home,42.32957219101379,37.180960546078225,43.746586175925984,54.72069827628404,19.53949440587577,0.777477574114815
2549,254.9,away,61.226707264384,37.138632987597525,44.43821001075531,64.50682054799503,22.41209928858992,1.2203575448586053
2549,254.9,home,42.3443999335668,37.15733460806729,43.73997401209904,54.70984673484173,19.483165879231652,1.057333127438217
2550,255.0,away,61.20724503462614,37.171963372621754,44.501433179280625,64.74973144743713,22.454412976034863,1.0730392472067072
2550,255.0,home,42.290157988988085,37.11244909899338,43.574556707653734,54.577266406113,19.465046769875787,1.044386260524056
2551,255.1,away,61.25278252742837,37.20169535382947,44.48415101595902,64.57438563883332,22.3803327861454,1.0835961307731117
2551,255.1,home,40.32471256730064,38.52912117268492,43.71652670636837,54.7768537806813,18.943665299739394,0.7940172609283427
2552,255.2,away,61.184125310696544,37.17266568424548,44.55428975964455,64.38744190612441,22.392114727731112,0.9803620151210044
2552,255.2,home,42.24505310817423,37.05301642528196,43.60838619824291,55.03111340016248,19.516556802128033,0.9096146583447279
2553,255.3,away,61.15886768470473,37.152335995810496,44.56699284105751,64.40236427455692,22.38965235460361,0.8702122260128704
2553,255.3,home,42.24588034345568,37.006727775372816,43.682406684779686,55.37721170594614,19.535965686347875,1.0845772123953257
2554,255.4,away,61.15647102247167,37.110785630809445,44.5511183081879,64.43504071375008,22.361786404061295,0.9875175932923106
2554,255.4,home,40.23366654820971,38.47227092828756,43.61825021010703,55.23951281876434,18.917878314051045,1.1967981872195224
2555,255.5,away,62.01154428630343,37.614701378227565,44.32575890211919,64.69676084643501,22.016895130648777,1.157376455452334
2555,255.5,home,42.15496660201738,36.965662258887455,43.59270237895718,55.1917996272891,19.455535525627724,1.2725291344142475
2556,255.6,away,61.151580169257656,37.11021551255923,44.185168749496725,64.81104686723606,22.396125042587222,1.0076150977088094
2556,255.6,home,42.13256583949549,36.92463168820097,43.48383862038848,55.05795115781999,19.434045378942546,1.3442865189896531
2557,255.7,away,61.09262642064541,37.085891076446316,43.96438607938698,64.75367202012268,22.401592448586054,1.182017277844878
2557,255.7,home,42.189588824209615,36.86219436252517,43.34030122559045,54.996678932548,19.45501870807028,1.1785598911652397
2558,255.8,away,61.036647654143536,37.06375498162281,43.62617313769417,64.91067240842928,22.404101868270377,1.1162885489789063
2558,255.8,home,42.153758138453874,36.849201694175775,43.04851250189872,54.743558845256146,19.429994000632913,0.7965966196374066
2559,255.9,away,61.01260807581814,36.9956794150801,43.36022217682082,64.85196995337472,22.387792855619995,1.2296490754005391
2559,255.9,home,42.13554261558423,36.88131839542983,43.371857019827516,54.83686957379726,19.42918506083157,0.9056363514735679
2560,256.0,away,60.98292370725073,36.98418672342894,43.14175875438667,65.2491918601589,22.395900241310446,1.129690973313995
2560,256.0,home,42.123313050759734,36.916177055400276,43.2776956115075,54.67641422782539,19.410109947040162,0.7278981366902593
2561,256.1,away,60.951713022248036,36.94857940450688,42.99451142019485,65.44326635218927,22.411203836601626,1.0456813351234482
2561,256.1,home,42.10130116207792,36.90200862089899,43.4192045462308,54.281324309105834,19.36972435422341,1.200118774842444
2562,256.2,away,59.23308957450511,35.93828335606113,42.90360351487911,65.63741871529764,22.55388197125585,1.2198263492963175
2562,256.2,home,41.541403931704636,38.354144553677344,43.33477540366476,53.994105499942506,19.644226614085717,1.1040954901654314
2563,256.3,away,60.948319283593236,36.941984834452775,43.07067566917746,65.64559123061741,22.50142988078421,1.2728368842390354
2563,256.3,home,41.99114101667158,36.89178968863072,43.50266761709912,54.02609843076598,19.335215742043736,1.0093962131535663
2564,256.4,away,60.902682627218795,37.01115085153461,42.92190971620435,65.68421242350993,22.541413572957143,1.4066322706599497
2564,256.4,home,41.981457438630514,36.904580377565196,43.49670792579452,53.92223488814288,19.304074369997274,1.07053886028846
2565,256.5,away,60.88139631191851,36.996836427189514,43.03801930083877,65.60196169722087,22.566069332068825,0.8659930018774161
2565,256.5,home,41.97364498481865,36.89060459298973,43.40793118158741,54.21066154333573,19.29555876517756,1.5941603887662668
2566,256.6,away,60.92790037548647,37.00036505994541,43.05787592973411,65.69277404483128,22.611226705147608,1.2483206556330748
2566,256.6,home,41.88147057351414,36.951563178285205,43.26004501545085,54.37415530687415,19.20254574697255,1.2022891170112742
2567,256.7,away,61.68368921797825,38.68948823142717,43.133635249049824,65.6497975996043,25.28358737654458,0.954926564122876
2567,256.7,home,41.908091550917646,36.935751663998445,43.483902035194276,54.62014041354555,19.210808343621196,0.9191673439673338
2568,256.8,away,61.18901629375047,38.45333815148067,43.15172182445095,65.77609881414725,23.318687010756907,0.9480074339478766
2568,256.8,home,41.87362283179033,36.91773142803857,43.13596910353561,54.45332603952848,19.17611031462621,1.043908779758767
2569,256.9,away,60.93460453985806,37.00736719582864,43.24619183239041,65.57590841493706,22.661331407805786,1.105926997455535
2569,256.9,home,41.72408401042586,35.59114432226531,43.08487125887015,54.57709021626571,19.65295440819994,0.8791785057629925
2570,257.0,away,60.932897253590106,37.061893069967475,43.27763236439953,65.74022060871745,22.684479062790817,0.7263301277822762
2570,257.0,home,41.89063318740052,36.884758638374635,43.009364946851996,54.89522311757674,19.17711675671761,1.1152801887517259
2571,257.1,away,60.92103255151164,37.02962869190471,43.107143436792725,65.62339674083276,22.62329221723421,1.284577998506167
2571,257.1,home,41.9798670915741,36.90915137778356,43.051782548933396,55.01315966674158,19.222853269583503,0.9780597690700614
2572,257.2,away,60.88072719812886,36.94655053844398,42.922503004565385,65.6841185297711,22.65786877045239,1.4381572236195843
2572,257.2,home,41.98020470762389,36.909552084807196,42.97252927292008,55.0206002715529,19.223878590685334,0.7013541326919556
2573,257.3,away,61.43183894758151,35.52307246984327,43.28221206083709,65.54344913119824,23.39071738412959,1.594572772434382
2573,257.3,home,41.93682860151685,36.924512651487476,43.09321370122032,54.92946316133888,19.236966006784918,0.8780256408229011
2574,257.4,away,60.78626357919007,36.78238716041883,43.10125305491543,65.50023907098102,22.625408323398005,1.172751043181152
2574,257.4,home,41.960218921613595,36.93039904207323,43.20028253811217,54.742497076850604,19.221293948267878,0.8965127622762484
2575,257.5,away,60.80199249445757,36.78044970854122,43.168973613983695,65.54752739469915,22.608298241651543,0.7562814169765247
2575,257.5,home,41.970421383512694,36.86453894061188,43.2128447230004,54.586972902640376,19.275818036415117,0.9827332562931481
2576,257.6,away,60.77350640588372,36.74907402836166,43.04222095862556,65.4957564773485,22.589038022762864,0.8831317952442688
2576,257.6,home,41.94616450550148,36.874071084894695,43.05180948217272,54.414059502241614,19.23386147844325,1.0054078199619285
2577,257.7,away,60.72644607078469,36.75466530687477,43.12494030431701,65.35680591118263,22.56422773173237,1.0711849695080367
2577,257.7,home,41.92952442550151,36.82563267028598,43.26473455241063,54.35504783886352,19.249195979233676,1.1838707314765387
2578,257.8,away,58.98598331344135,38.765063903341954,37.72292465201153,65.53106054801782,21.969329233519183,1.2119253240833185
2578,257.8,home,43.266637604710844,34.4940047050686,33.65245367321002,54.23438727507181,18.425008293009405,1.0955174438078235
2579,257.9,away,60.70731131894701,36.725744599433305,42.99935874233067,65.28264273680958,22.507654109056705,0.8262227488021786
2579,257.9,home,41.9206390284678,36.72321079802385,43.142191240220555,54.02870261543727,19.21667442781217,0.9847389127670385
2580,258.0,away,60.68703037685448,36.71218197763279,43.16969158488118,65.39478718138935,22.522178018512122,1.3011335397477914
2580,258.0,home,41.82148873243222,36.718030736988766,42.96679950978844,53.9546466767412,19.19119636634235,0.8059507977595938
2581,258.1,away,58.94936845974105,37.350367514345564,43.274622795991306,65.1950543935028,22.733909640427264,1.1846800154060961
2581,258.1,home,41.835795709929144,36.6934054656048,42.8203946032222,53.90619237114413,19.200998148407216,0.7345066709325536
2582,258.2,away,61.24805362026494,35.4127740152067,43.112576999856714,65.34997765844383,23.238803814391666,1.2058205604166137
2582,258.2,home,39.06872997616333,36.83793832056162,42.99140836932408,45.25171149006481,18.26681558042166,0.937824816177835
2583,258.3,away,60.717171304811856,36.76214145350299,42.94838484786579,65.46570835634267,22.499578997899082,0.9121338232642511
2583,258.3,home,39.08575917807645,36.79975810176722,42.97271624644257,45.373555358908064,18.269345085346384,1.0296191798434253
2584,258.4,away,60.707976608838116,36.74118801619723,43.10858465322285,65.50366857667849,22.552238431211876,0.8023179003269263
2584,258.4,home,39.91381723583354,35.51156547450664,42.77934946575522,54.0629349377908,18.76598492312032,1.2079832617466386
2585,258.5,away,60.707687674139265,36.74929611962985,42.96636284574853,65.81829168503926,22.57775738187864,1.166815233470989
2585,258.5,home,41.7703458249285,36.54561377797838,42.81642149819348,54.12988241815269,19.16211662004816,1.1864641806885914
2586,258.6,away,60.73009926002141,36.70298025972346,42.99764664078649,65.89322760882217,22.606193473660213,1.1110436372380215
2586,258.6,home,41.66966817980706,36.54535946009156,42.934641582526595,54.11306152448601,19.147684977779218,1.1568329023161708
2587,258.7,away,60.63257629663585,36.72428723384735,42.72691905727454,65.78733491665406,22.587459916116963,1.1816180145209159
2587,258.7,home,41.656177123573606,36.52764973982073,42.88997131999763,54.353729782037924,19.19889726017677,0.9390116319473495
2588,258.8,away,60.6119681776837,36.659133108650984,42.8828415788002,66.0119590672076,22.644590289507647,0.7874306973058282
2588,258.8,home,41.591320019341076,36.56755883184753,42.84606375030065,54.37215831843605,19.219512267592574,1.027554322410255
2589,258.9,away,60.64538072742915,36.66955392629739,42.737094041010316,65.92300846159138,22.660110543755764,1.3665094871443826
2589,258.9,home,42.79750236644835,35.603597616911536,42.8763286208505,54.21294075531171,19.34633772511185,0.8866115490122126
2590,259.0,away,60.64866080911676,36.73430157104187,42.599800141352375,65.88917852466274,22.720854089424876,1.1139996896252502
2590,259.0,home,42.84846967986982,34.33019003268198,33.393677231109386,54.31912668101321,18.299533543486927,0.987199242458536
2591,259.1,away,58.982504024059594,35.71748730205337,42.48190771038509,65.75168070877646,22.796248792065448,1.025004774988335
2591,259.1,home,41.466721950757375,36.63488628217049,43.02221059278811,54.452395599366426,19.194086007350812,1.039656792562811
2592,259.2,away,60.58506390373505,36.75832011186629,42.72722291427556,65.80099386984938,22.743916254022846,0.8996799832243826
2592,259.2,home,41.426431471598015,36.60109133303618,42.933165449720505,54.62141325000153,19.23541667804251,1.2621354280868622
2593,259.3,away,60.58501479228259,36.78484691846111,42.5410350693872,65.56010745414213,22.695736536054266,1.0568106385862532
2593,259.3,home,41.43108927591972,36.6241310812846,42.70830087232072,54.68365952289509,19.260829770562513,1.3733934497793767
2594,259.4,away,58.87702321829185,35.76378153689693,42.59701633020764,65.36429975674096,22.77929755981726,0.9731960809678253
2594,259.4,home,41.445966546180536,36.62422216927164,42.47027266449717,54.4910120821285,19.254919293242757,0.8530711571498094
2595,259.5,away,60.520482369678874,36.780985918572156,42.850136807069646,65.37294007787119,22.65099047724094,0.8494558568537282
2595,259.5,home,41.16807402231556,38.138017187934025,42.46189961434,54.58833105709754,19.60990971914233,0.8249789788131514
2596,259.6,away,60.54778636660096,36.761296733506846,42.95623028659402,65.1677976878477,22.66905375959903,1.0903621478080332
2596,259.6,home,42.84551644813282,34.47613572379545,33.611374860678964,54.285533120627264,18.360214793563852,0.8835679286182752
2597,259.7,away,60.51123264895802,36.80875962387285,43.060666012280976,65.14225232438643,22.67811311518705,0.8650742702954837
2597,259.7,home,41.50628652233953,36.720586814578866,42.49515534283226,54.483704212111476,19.223004215612853,0.8517731416255664
2598,259.8,away,62.95607123901698,38.24979625693066,42.979391326989564,65.06652510201387,21.98453500204844,1.1651534188719732
2598,259.8,home,41.463524765142395,36.651562449575856,42.58900506246014,54.41234322935361,19.205544044188567,0.933336727142343
2599,259.9,away,60.38244193535264,36.66026204035392,43.08595424722756,65.3065745758131,22.704202055333337,1.1851338088115435
2599,259.9,home,41.10969253254852,38.118806813198205,42.63987164907508,54.41907152733445,19.53779004696706,0.6847801870612917
2600,260.0,away,60.34723599472318,36.641571631017676,43.18310955217345,65.14780153357496,22.691044292647412,1.1617665774090478
2600,260.0,home,41.42653374644834,36.63084740041782,42.61008967617775,54.27180413458943,19.132926837324636,0.9025804912820935
2601,260.1,away,60.38259553420267,36.55379724333942,42.99189976074345,64.91369639465384,22.636305035291528,1.1825153471751169
2601,260.1,home,41.371845780521376,36.59693762621982,42.32582621844905,54.30851358810163,19.17156956508434,1.2523706710010531
2602,260.2,away,60.37515221465671,36.5192920417589,42.73100717288597,64.96722770396194,22.638113880454327,0.9603020473743538
2602,260.2,home,39.42679666037331,35.42860495408138,42.367480828934575,54.15151116211237,18.747765965403467,0.818790809430965
2603,260.3,away,60.33325188745119,36.4789091334638,42.62303159230652,64.82348932553539,22.642561476243312,1.0431677691917673
2603,260.3,home,41.329495354092295,36.566460168559495,42.53514382019884,54.41455275730411,19.182249769198542,1.0499258950182362
2604,260.4,away,60.28041347560066,36.4335981354967,42.38466048580427,64.79816389873385,22.647197260217702,1.137359240118945
2604,260.4,home,41.272422154465374,36.543156171797506,42.48599885424156,54.332775817737044,19.169928928513084,0.8884710637258322
2605,260.5,away,60.22048352434865,36.375251497396796,42.08042501522253,64.78179921069857,22.586087768411815,1.3772684566587572
2605,260.5,home,41.27020921462164,36.54555450274819,42.62105145810108,54.61681344615523,19.16371486704857,1.1291830714894375
2606,260.6,away,60.24560568893462,36.29317520090419,41.78368740477825,64.7412340844716,22.50748764696142,0.8822615943167912
2606,260.6,home,41.20738830736475,36.499246775435886,42.7581913347374,54.66025635158847,19.180582249325695,1.2941680104417255
2607,260.7,away,60.2575265905635,36.281308972366276,41.79890474483307,64.55372622741763,22.487769556539515,0.8475145598077904
2607,260.7,home,41.30660153604778,36.467137881519484,42.907501535272836,54.88849777761362,19.257657950612842,1.3157537207911636
2608,260.8,away,60.29775218843538,36.233036640728336,41.76935774633505,64.45150318495932,22.429019162558905,1.2110102113111443
2608,260.8,home,41.306559326504775,36.49207590838237,42.620252417212726,54.76295265194196,19.274450876362327,1.2275355823395584
2609,260.9,away,60.33381758861355,36.185849227478705,41.73667461055095,64.38205465764132,22.38520188277892,1.2310346035223045
2609,260.9,home,41.3518883548135,36.44001576745359,42.472728880177186,54.61288199504413,19.289091184446313,1.2283804925191293
2610,261.0,away,60.28253445600328,36.13208543652849,41.596377058121504,64.20689298756372,22.395141683332795,1.3157674139516815
2610,261.0,home,38.38028363170862,36.54536424454145,42.300089365877895,44.61822574046458,18.096593126201377,0.9867029781765375
2611,261.1,away,60.21547258841134,36.057784471577975,41.85533211094617,64.18564056003166,22.42292977162625,1.013172920082929
2611,261.1,home,41.30091408501739,36.38573894962371,42.23378740953564,54.50104430155734,19.239323758359866,0.8373127714983802
2612,261.2,away,60.749516116028985,36.22356060824145,41.8690956761951,64.23249065664781,24.06107362892958,0.9317675993225638
2612,261.2,home,41.31865167932452,36.39156446841876,42.103836970974285,54.55545298599655,19.248625732917336,1.059426334734007
2613,261.3,away,60.22930081627401,36.04044054726392,42.00164819054973,64.38081997861008,22.353343129060725,1.1145973272739054
2613,261.3,home,41.300428621665496,36.32143413118595,42.26131535149375,54.550469086513985,19.25512856784787,1.337705439868613
2614,261.4,away,60.75122577971473,36.133297297992556,42.35348212633224,64.64228877906709,24.085528348457494,1.0601579048639835
2614,261.4,home,41.0826451477841,36.30990126933155,42.23751781700449,54.35778273443617,20.96506087347391,1.1902054850714723
2615,261.5,away,60.29299429400762,35.973582448091996,42.506718808240635,64.49891649459076,22.426779315945165,1.2356375519426714
2615,261.5,home,41.28490681172703,36.15368905077615,42.26866741999932,54.322369337396,19.265743581872417,1.051775312042499
2616,261.6,away,60.22959846651214,35.926589660836186,42.5245237668915,64.55420573874206,22.42969430202406,1.3843582746141738
2616,261.6,home,41.061001184227635,34.79886862698727,42.030293188475966,54.40970463733808,19.70948677527333,1.139848591186998
2617,261.7,away,60.19615363422252,35.91478348955589,42.49790602665263,64.65311577115571,22.447500142046195,1.1475584531472185
2617,261.7,home,41.15364123272057,36.12572032267397,42.31591618826086,54.37811640808678,19.27825531144489,1.0231170365424882
2618,261.8,away,60.10301994525796,35.855598722475925,42.27656460928765,64.7576312435215,22.435228041063944,1.4396471581808412
2618,261.8,home,42.30819201083897,38.10039741277102,37.460378480528036,54.34175279896937,18.892878690942428,1.248932507558968
2619,261.9,away,60.10919832432801,35.79505082175915,42.13710180473939,65.17404441684434,22.449727831699033,1.3095214725315032
2619,261.9,home,41.15100930166834,36.077012343927976,42.298873057801345,54.62515910508124,19.276966164946067,1.1584902464736766
2620,262.0,away,60.12128613265557,35.73731182981437,42.10291267553939,65.13037084848152,22.42064753812176,1.397433794435662
2620,262.0,home,41.13180572571837,36.014536028858764,42.30316287399448,54.59826172252639,19.27580781923709,1.2494812215757536
2621,262.1,away,60.090207610124544,35.69136732608117,42.18323987986146,65.27484237167575,22.479458141631277,1.2891079260182752
2621,262.1,home,41.09437863936551,35.96301345283045,42.41001737764701,54.59978951036294,19.26992632680675,1.1737258206769072
2622,262.2,away,60.10423811044163,35.66919296254051,42.13820238007506,65.13445446651586,22.471470943261142,1.052712093185766
2622,262.2,home,41.01842703903296,35.89386004743701,42.45163246106174,54.70318413334185,19.26818316310296,1.1295746231843617
2623,262.3,away,58.54570691104318,33.44979355898105,33.073649110734706,64.97838704368621,21.822325497120755,1.0084716522524213
2623,262.3,home,41.041917100620395,35.89717564201717,42.37759170513957,54.915819933734994,19.259555423215858,1.3025082093555758
2624,262.4,away,59.98196241640141,35.67501427482653,41.72202691448238,64.81221870378897,22.408758037454994,1.0072118470716134
2624,262.4,home,40.999851469663355,35.84996189686927,42.28017372370955,55.12104737255294,19.31992100260104,1.0788486018592136
2625,262.5,away,59.99516751628744,35.58222163267632,41.86496276611224,64.92953671253905,22.40306342309504,1.0662180052425259
2625,262.5,home,40.99445075122171,35.79210772846162,42.32803812835536,55.12572438486711,19.332160787816907,1.3680566298680066
2626,262.6,away,59.96814967299943,35.55282438630259,41.729796886986264,64.44892205384855,22.383318652816595,1.0060541633673261
2626,262.6,home,41.03604793325337,35.7072760750697,42.38466986742371,55.18872604728951,19.350285755160762,1.3081996508129112
2627,262.7,away,58.334727061078105,34.56615048297159,41.75754656443434,64.46394730950792,22.519174793462344,1.0419915632894545
2627,262.7,home,41.006712131331035,35.61910305815855,42.41349440329234,55.530641382782804,19.37429755810465,1.2233170408832914
2628,262.8,away,59.96191056640687,35.47630332817147,41.802115615936096,64.17319445646409,22.385339231408043,0.9292348956364752
2628,262.8,home,42.40424392125625,33.30349204817522,32.77592304423646,55.49579769392679,18.494823937420385,1.168020464452622
2629,262.9,away,59.93727216269691,35.50639977350207,41.996105211232056,64.14644452552115,22.377304850113475,1.1080650358425344
2629,262.9,home,42.26242325928952,34.668229578998236,42.65627957831128,55.5379791679655,19.584484331354012,1.1656004382316518
2630,263.0,away,60.38348172309132,37.07545170820166,42.098908109569535,63.905385089109714,22.90196709058341,1.2581791307074839
2630,263.0,home,40.94510083628739,35.455590347426806,42.723741386905196,55.59636446113047,19.436213917904166,0.894805588316315
2631,263.1,away,59.859203036417654,35.48986044757058,42.1850712896116,64.0031002281953,22.401779314217528,1.0034428967442375
2631,263.1,home,40.929265681798135,35.49298374455125,42.674666237816076,55.56121480534249,19.464959278040876,0.9190968833227349
2632,263.2,away,59.900937759644286,35.47979644738398,42.264035706556925,63.95050600862989,22.31324377412075,0.9552047214622317
2632,263.2,home,40.98634332978605,35.46434610365116,42.539282084731276,55.53953178630972,19.45121175694301,0.7446524426103219
2633,263.3,away,59.88024930278523,35.413550739959405,42.378678044505165,64.04165325568276,22.335604653209714,0.8248045485519534
2633,263.3,home,40.99517944781285,35.46737173437591,42.59903506060466,55.61947069890027,19.47354685262715,0.6022929780191596
2634,263.4,away,59.897954919634614,35.40964870964034,42.15052874609418,64.16514833050945,22.331708557847808,1.2461821315868677
2634,263.4,home,40.99725439846945,35.45342296127263,42.583318906020914,55.74496775511373,19.500082899014306,1.0934459339490923
2635,263.5,away,59.88764553504449,35.37232419594008,42.10004925284535,64.20810745931988,22.3135618890505,0.9728266335053842
2635,263.5,home,42.08241248172603,37.40043244498554,37.73545194030494,55.910191110621554,19.169590481578055,0.9480746655278759
2636,263.6,away,59.87604546251109,35.34466442967287,41.99461472183329,63.98840612389985,22.255913134148635,1.2105971048810626
2636,263.6,home,40.93535065617534,35.42929567380084,42.24933365323629,55.77061640087192,19.468743844831113,1.0825938599067215
2637,263.7,away,60.36625890532328,36.90272308302663,42.303915710013115,63.94586567954774,22.76605732979103,1.2878536255902264
2637,263.7,home,40.9507347099459,35.348969840993426,42.05162959173973,55.69992851263959,19.535715650779096,1.222020034982931
2638,263.8,away,59.94400255948948,35.25907108441691,42.40464166575786,63.918324026552995,22.19040932107473,1.2948062352795604
2638,263.8,home,40.93901001142623,35.28482011164838,42.15601955450989,55.83952290152889,19.562941614895994,1.0781001142286177
2639,263.9,away,59.957651513192374,35.226556211356176,42.15270196811001,64.01418900774733,22.137775474106306,1.3349203664507068
2639,263.9,home,40.91677792845746,35.265910376161166,42.15001086364499,55.877407293990395,19.57712988275261,1.1543930027972984
2640,264.0,away,62.402399048773965,36.55364499468466,41.92823926028825,63.73079406167521,21.438687228056764,1.140560435856929
2640,264.0,home,40.92802679508529,35.15648570583607,42.01323372974048,56.005374288090906,19.62303814464351,1.250099701620144
2641,264.1,away,59.93563473163851,35.14651008541887,42.025461354991705,63.73688090053646,22.08239373059879,0.8428253180059698
2641,264.1,home,40.90957943487146,35.1391223844423,42.07945423278081,56.22113715902417,19.69642156008088,1.0667088895536625
2642,264.2,away,59.95206942944578,35.15316524970278,41.98657768963884,63.71787535187666,22.028570802659456,1.2408449802454828
2642,264.2,home,42.15367996771181,35.807059905913874,42.124078192237484,56.16540911073302,20.265455235519532,1.2695429204745388
2643,264.3,away,59.8592820405635,35.103396152134934,42.142192469799184,63.65725994517271,22.008663565500726,1.3173746162757582
2643,264.3,home,40.89148063666807,35.05728299167179,42.07728389541235,56.08742605297964,19.76817156923053,1.1333546354406416
2644,264.4,away,59.852818513560166,35.106378617829655,42.268921056561304,63.82247077953442,22.001639248494484,1.1945294168712695
2644,264.4,home,40.84321704416187,35.07450418423825,42.229220554214635,55.77746646838628,19.799886703732735,0.9868210564060277
2645,264.5,away,59.808125727660396,35.137156824841895,42.171663559587536,63.77741246525113,21.964078281091616,0.7851044637584621
2645,264.5,home,40.70590433642099,33.675073759315204,42.117008062611696,55.802384669008845,20.304369809410414,0.9570246858645852
2646,264.6,away,59.846383363845035,35.06966970207381,42.17063064257262,63.81298582580624,21.976498230347556,1.00557947723995
2646,264.6,home,40.94319902116745,35.0123329213096,42.360122475387115,55.94795606072162,19.888530863806846,0.927531934284154
2647,264.7,away,59.77953972603461,35.06122952177418,42.09436732857428,63.505708706076135,21.955251587563573,1.3449790887036748
2647,264.7,home,40.92055463010515,35.02421254490647,42.261757414437945,55.90977202032134,19.908617382188677,1.0896277662472622
2648,264.8,away,59.75761113660082,35.059509185295816,42.14092234956346,63.36003612997885,21.95006796962372,1.1234682742693576
2648,264.8,home,40.94454145665873,35.001618079038685,42.19910989587224,56.14468695772555,19.93087036822469,0.9617015668724583
2649,264.9,away,58.363196660518575,32.865743414135956,34.349374116815035,63.15295129566969,21.400319860854694,1.1012499515312582
2649,264.9,home,40.90386275610479,35.00932785444772,42.037991994963434,56.08825966469647,19.888229221956305,1.0495320429247428
2650,265.0,away,62.86343090161349,35.022719456046914,42.22038446377992,55.848423277990996,21.033214400919064,1.139916077472525
2650,265.0,home,40.870338489027574,34.947777073025726,42.19610995655424,56.14901821806649,19.932114645963573,1.0233367739775587
2651,265.1,away,58.09645453012545,35.64580718142989,42.05520185321454,62.891617126812406,22.229930172497617,1.2776696554311595
2651,265.1,home,42.08579656004126,36.92392394512149,37.567944395801035,56.243485775333426,19.594475860293237,1.1153131473055506
2652,265.2,away,60.34752207002489,35.085781123388934,42.03656999114304,62.63796942709085,23.482646599550772,1.3054290191108415
2652,265.2,home,40.86079769587032,34.90178730709193,41.707665856189244,56.40860796894127,19.86603279915813,0.9181014065782478
2653,265.3,away,59.76144629651996,34.84926475512679,42.05040369771145,62.42196579155447,21.87117029660837,1.4048479913682994
2653,265.3,home,40.883566863561605,34.82127158190146,41.7604655899267,56.66650562362845,19.905139244359102,1.054627540307362
2654,265.4,away,59.77445005386696,34.80771065535903,42.37993437615921,62.427455667328175,21.921968452493562,1.248917471589338
2654,265.4,home,40.794128537258615,34.84578244884174,41.59365071941586,56.86889795562678,19.91949867754056,1.245814940829675
2655,265.5,away,59.70551963851796,34.79880808972883,42.447928262542526,62.31209487075603,21.93658485666159,1.124535789341894
2655,265.5,home,40.75213586342579,34.782191210503775,41.59354182681621,57.000397260061824,19.93442262069702,1.369787414036954
2656,265.6,away,59.660495363869856,34.74648990408611,42.25963689404169,62.3613819322502,21.903142478701394,1.2449963809619087
2656,265.6,home,40.76935477616498,34.70812086468225,41.41949605794943,57.21768265451297,19.957238764191263,1.321996288167352
2657,265.7,away,59.64612059898559,34.71068380363818,42.327128131971435,62.30279446652345,21.88824925969843,0.9614706984839603
2657,265.7,home,40.72795392134329,34.67117586374341,41.39085557182711,57.35958732146362,20.02811706513816,1.3286762080292873
2658,265.8,away,59.67140654752391,34.676050916025446,42.316803164543394,62.218345058643386,21.831984105582873,1.372408015026687
2658,265.8,home,40.737156830576644,34.61687860457019,41.35216654832874,57.42064539110176,20.079791947349758,1.1990606518431848
2659,265.9,away,59.67907283006889,34.51520432241867,42.30752033978381,62.063337450499645,21.760914525937665,1.5886988733517848
2659,265.9,home,40.74996710728778,34.61471549896118,40.84333883468901,57.34768825770911,20.06497108176042,1.2018079303041806
2660,266.0,away,59.668540680253265,34.451814281295064,42.33380603980362,62.01994161872844,21.706856283246474,1.0148230359749626
2660,266.0,home,40.700568972190936,34.62866135359507,40.85080688884984,57.250889847302986,20.093689357898963,1.1005293508668872
2661,266.1,away,59.59516320521583,34.43398144482001,42.358318376580016,62.10115568228584,21.753059559681613,0.9067407883283451
2661,266.1,home,40.67317161125974,34.54030095036625,41.054406607196896,57.365938537100035,20.172721212642518,0.8921494562328232
2662,266.2,away,59.65599848443741,34.394923950451954,42.30414909210011,62.07500368092419,21.77817351946734,1.265677152729296
2662,266.2,home,42.155977379503426,30.707954626286877,32.78856595556177,57.50385037913529,19.858386620479425,0.8581506001933558
2663,266.3,away,59.64833645710501,34.371788082038826,42.22366122371043,62.00399378604229,21.7427327747106,1.2031466944936844
2663,266.3,home,40.63751963840498,34.51657005360558,41.44628212039206,57.46081644336321,20.231822043941676,0.967335111541701
2664,266.4,away,59.6455530719249,34.31368201215218,42.15812352941103,61.865368835374504,21.629554571413568,1.258974634576021
2664,266.4,home,40.6063848586782,34.49322442397039,41.46494877651891,57.57306690407125,20.276670314890904,0.9033100412444477
2665,266.5,away,59.6529332259969,34.286369533881796,42.302445145967894,61.82179882207174,21.63938594348381,0.9257112801815524
2665,266.5,home,40.62366267980836,34.43860252807252,41.18082524695813,57.6010279307954,20.282172794023822,0.9793140282232922
2666,266.6,away,59.63826942666133,34.263057948702,42.31200280158592,61.89633334605863,21.628903118852254,1.077322916263386
2666,266.6,home,40.59530002820709,34.46228682296416,41.51641334218786,57.61768742990094,20.326183370642546,1.221977759115351
2667,266.7,away,59.551709021440494,34.23926708891423,42.03481740367492,62.020046086416755,21.62474361526444,1.0474268040622075
2667,266.7,home,40.608917975427204,34.41958285027491,41.66835246335742,57.59807306209339,20.351985253800787,1.2928296758593996
2668,266.8,away,59.511580916459884,34.27608193143465,42.03470494897254,61.89318844119296,21.597328171935875,1.3830191033554429
2668,266.8,home,40.611738578256926,34.34727367928965,42.124095047133736,57.859011030676776,20.378662740680937,1.3712870478511265
2669,266.9,away,59.47726063354773,34.25010509850353,42.19803442505366,61.84679725053333,21.65124449503933,0.9363378825265943
2669,266.9,home,42.187806989380114,32.11862716053121,34.51506360465494,58.36085949601186,19.605940966634414,1.1911584255965693
2670,267.0,away,59.519969270355155,34.22774008148447,42.28917676837764,61.73877899366465,21.604466797523635,0.8374543735126102
2670,267.0,home,40.65475580902817,34.24423765321854,42.43087413529195,58.431852079986975,20.46958775607696,1.1215790144262763
2671,267.1,away,56.32567447963995,33.94880059838308,42.427309907221854,47.01318790838923,20.236400316483945,1.080283823638002
2671,267.1,home,40.58126834752315,34.15726699993734,41.935307926607805,58.500135694384326,20.47249758150454,1.197529773456827
2672,267.2,away,59.497257385271546,34.145199454029914,42.061945672734836,61.63486557102462,21.53154636739694,1.3562227139113772
2672,267.2,home,40.59754390793781,34.10241862114624,41.98018823734504,58.805085601743855,20.513869446330503,1.0149344374464884
2673,267.3,away,59.50227283637093,34.128597177860655,41.88765672592389,61.576519370449105,21.52032743136197,1.2646868884887892
2673,267.3,home,40.57776734370936,34.04399785521138,41.646020373989124,58.563114264496555,20.45284679383159,1.1002531303253384
2674,267.4,away,59.529207829613604,34.134080756645375,41.817790828693106,61.546811330711854,21.475671064554223,1.0054837694683647
2674,267.4,home,40.5053566944205,34.03023729274378,41.89038513517532,58.5779967804735,20.525344659561043,1.1692646494745853
2675,267.5,away,59.54131752460714,34.10179772666202,41.84516955586555,61.453864489074476,21.455871181911593,1.2298252382649948
2675,267.5,home,40.48650452805172,33.99600550262863,41.993615254947564,58.57291773784737,20.540246633950275,1.3003958765682417
2676,267.6,away,59.64938174177374,34.038043859330635,41.87199244109483,61.437263738001676,21.446725285096708,1.2066633215853184
2676,267.6,home,40.44034654566001,33.88718685727731,41.70417443528166,58.616371156192216,20.55825176992263,1.1355973812265192
2677,267.7,away,59.644623736585714,33.99217654557552,41.97144560291069,61.3524082244358,21.426209261094144,1.0815665027870578
2677,267.7,home,40.44356096950828,33.87479117235231,41.686973446808054,58.66802817267002,20.589096023669935,1.058456924235396
2678,267.8,away,59.64569834629338,33.962480633627216,41.64014726510358,61.395881679974295,21.358930515643824,1.249830898957519
2678,267.8,home,40.463844338132056,33.8609747925181,41.88116608198046,58.526065548280776,20.583300159007123,1.0211938742157127
2679,267.9,away,59.66654536762008,33.94058524683495,41.461928345973305,61.18251342506841,21.324678038101528,1.1195064799289307
2679,267.9,home,40.48960753475661,33.86858935318442,41.81339811905909,58.60047210823372,20.602718470280475,1.14764842411326
2680,268.0,away,59.69179873198947,33.892243418373226,41.37103235155375,60.87947493589141,21.261386276416857,1.1577380537371278
2680,268.0,home,40.53674409463384,33.88914445317141,42.26687025805914,58.380357136106554,20.63360392699182,1.0992736902661664
2681,268.1,away,59.64120965493855,33.88697242586306,41.553595288076934,60.74022698516912,21.254638855074663,1.1627754877371463
2681,268.1,home,40.55747270407027,33.89956862761408,42.132155015117704,58.44389233881018,20.654437022846057,1.0550975831468585
2682,268.2,away,59.5804398962362,33.791351821790286,41.61327839544957,60.87011508082304,21.26014460510388,1.123259258785007
2682,268.2,home,40.56969829177321,33.85977992669318,42.1515948853457,58.79831172927648,20.74550013457628,1.2663180444290523
2683,268.3,away,59.51988577451186,33.732335727214604,41.69131412733272,60.732719407370695,21.25500656591075,1.246274131356586
2683,268.3,home,40.63905209696101,33.8137975118392,42.21119056826443,58.84300052981455,20.705013359521406,1.2211620192237085
2684,268.4,away,59.49818967732329,33.716014246602896,41.42428537581305,60.54507134886593,21.19819461471043,1.1096101030851326
2684,268.4,home,40.668028143689845,33.78120100997317,42.18190295418162,58.96034121814891,20.714083212584345,1.098440176743335
2685,268.5,away,59.43814582825705,33.65666083882952,41.512705463089176,60.4054684485868,21.179305699904628,1.0428191432980338
2685,268.5,home,40.69597247942523,33.772645260847916,42.17382241746896,59.253255583506615,20.786140703186103,1.127208478306547
2686,268.6,away,59.392410469381645,33.6823343953408,41.56897538437438,60.297483366427684,21.126353413962075,0.9301098365994975
2686,268.6,home,40.67161372612828,33.717034382258696,42.128262040800394,59.11544668994871,20.79688157185977,1.2696910057967798
2687,268.7,away,57.93925352909878,34.45095575973877,42.000108266956985,60.490636973302344,21.379620222189747,1.1663798384599473
2687,268.7,home,40.645226752597196,33.6803132814747,41.96248072251253,59.20936975774906,20.8290475916165,1.2727231502790386
2688,268.8,away,59.90247805197051,32.32129371014323,42.117222532711374,60.48410634774361,21.76748006672308,1.218896000184283
2688,268.8,home,40.455535749958024,35.24694501447762,41.916697071634,59.21521224455091,21.24253711794416,1.0256613326127018
2689,268.9,away,59.3819126374058,33.65251452775661,42.030503142193616,60.556646220837365,21.14644351378322,1.020069002159798
2689,268.9,home,40.6821102365374,33.675100780630224,41.71547990507764,59.446496473030145,20.83338986778387,0.8924523150246372
2690,269.0,away,59.3799434262053,33.574757481849886,41.92556667700975,60.342534056244574,21.12232500583789,1.2562550454799402
2690,269.0,home,40.6678928439666,33.60667036826516,41.93140306173792,59.37850151921361,20.866659969549143,1.240890069612634
2691,269.1,away,59.43141882202851,33.61034161900271,42.07341135863275,60.12686055634978,21.116142390976336,1.227989099327434
2691,269.1,home,40.37945921311878,32.19859355147573,41.98238935432339,59.28141630711283,21.449870765305313,1.3051295415400233
2692,269.2,away,59.446551075808834,33.59253808893745,42.074092181583495,59.918012891396216,21.1009423994264,1.4933873339124049
2692,269.2,home,40.698286644944886,33.57133268400907,41.5875071368249,59.28986740423469,20.876669564935426,1.4093557503953944
2693,269.3,away,59.43969569996355,33.474821878264635,42.34860241470094,59.882937417140184,21.075767856796304,1.3776019990109285
2693,269.3,home,37.34073966803952,33.39022019288596,41.74346243577624,49.12737789080027,19.551131864183958,1.2985130215832184
2694,269.4,away,59.4183311984242,33.505411176113945,42.21987044925794,59.6512161849948,21.05273397614586,1.1645339523074199
2694,269.4,home,40.698444868034464,33.49948182151613,41.85926087575751,59.079204941896194,20.939578197129208,1.1930969034218664
2695,269.5,away,59.381118633171354,33.42682925671157,41.991394694112586,59.465153534175585,21.012388882387654,1.5293240710103928
2695,269.5,home,40.7160126518251,33.46671420319725,41.776277488368805,59.004638006052815,20.940546081605056,1.189800497844306
2696,269.6,away,57.87648505585156,34.1745129001935,41.745418698442464,59.33237240208878,21.201590268377586,1.499067016661282
2696,269.6,home,40.716537912891674,33.53418039125068,41.88466742414267,59.19963222822328,20.98312762574011,1.2693548084871327
2697,269.7,away,59.34554416430869,33.38205909284249,41.75543019503715,59.070972591767365,20.9513701828524,1.2510140292645104
2697,269.7,home,40.672453337359755,33.46745701470513,42.026234990783536,59.567795523928005,21.073239208627413,1.477833326294
2698,269.8,away,59.356277748631754,33.339372664950474,41.89001088179856,58.70767655309892,20.88199844155159,1.2001368391864478
2698,269.8,home,40.59973461897727,33.36058888791674,42.22698275453604,59.631432063463905,21.10748667566985,1.1361426096341622
2699,269.9,away,59.43241415974797,33.34410475350655,41.8998666826932,58.71418570622015,20.820077207391083,1.1310657186995152
2699,269.9,home,38.33574146481498,34.588043005381465,42.26902084891575,59.55187732593241,20.524286132539128,0.9958324275475171
2700,270.0,away,59.417799809330724,33.29602153349186,41.74129869639639,58.68614496252768,20.779228658821452,1.3359734627611102
2700,270.0,home,40.57671158305619,33.32270876073767,42.36059039349245,59.93203693793701,21.123254184501377,1.4793822477569842
2701,270.1,away,59.436128958694184,33.27965144762772,41.5797888680018,58.90527664160996,20.747608439321628,1.110949651234896
2701,270.1,home,40.495268764510165,33.27437970075417,42.47304558659981,60.478156705950674,21.15289277761343,1.2708063912873624
2702,270.2,away,59.49528137527954,33.3097854296683,41.60254629393578,58.67695122226965,20.698750199448146,1.1852537071261753
2702,270.2,home,40.455343258764984,33.27316976925993,42.223533331831625,60.47141781534409,21.161675159750267,1.1681820054301453
2703,270.3,away,60.02126859467529,34.90280569889683,42.04411873797158,58.57663759232203,20.93994722045181,1.3839208586244676
2703,270.3,home,40.42064177777258,33.18544809873976,42.19554718979244,60.85215293182274,21.2230361922215,1.47701224770167
2704,270.4,away,58.26855114745371,31.094026345221017,34.631672706731294,58.671467544728486,20.119430568464132,1.3546587942847432
2704,270.4,home,40.41839425995068,33.15256094649956,42.377169031984266,61.06589869147774,21.28664407064347,0.8787367033420342
2705,270.5,away,58.199320816863896,33.943811309148714,42.71503229741851,58.51512952871649,21.05322386583638,1.3055138089450156
2705,270.5,home,40.22401994282555,34.700941938713086,42.359140824956626,60.919400093214776,21.767276140853333,0.8928547111426454
2706,270.6,away,59.626954453638604,33.119642685448646,42.64314488125306,58.691827407642435,20.726452482779937,1.2446293220621345
2706,270.6,home,40.461697927116454,33.108972176156165,42.365910701705204,60.65727072752037,21.256889598422337,1.1186044455349615
2707,270.7,away,59.64116400081985,33.08323937955998,42.59501793190803,58.93593779140676,20.670249323934435,1.3084677017349966
2707,270.7,home,41.955386243757246,35.22184966625732,37.05718337281964,60.79444566991879,20.91954342767916,1.2870822219342195
2708,270.8,away,59.582410569414215,33.019526134691134,42.60798597316594,58.637320772826854,20.641671828739558,1.3599201588873375
2708,270.8,home,40.55885151010984,33.11753512060508,42.203528745118895,61.08379401471949,21.340302533288817,1.2145288777192589
2709,270.9,away,59.60127973798312,32.94206073284012,42.66799450760468,58.484075743102835,20.663156344760917,1.2492866892287804
2709,270.9,home,40.65923495183363,33.0605515801269,42.17148484624557,60.908471454820734,21.37480883348672,1.339300641115388
2710,271.0,away,59.57999632924668,32.92970174674831,42.77749653055222,58.38501186258516,20.65336762652548,1.0675559848517933
2710,271.0,home,40.69274587695544,33.03351543936361,42.21547647411029,60.714405073392044,21.430515012171135,1.0723664915134044
2711,271.1,away,59.5199383606458,32.926586697939186,42.99937385369794,58.39427756450173,20.66562384596655,1.0668868865467471
2711,271.1,home,40.74649475202908,32.999666484799604,42.556292201471834,60.85183466150634,21.462734037302933,0.9752532005181298
2712,271.2,away,59.524245388517144,32.8960563705314,42.88487422446931,58.47680331147944,20.638542095877142,1.3454526546513765
2712,271.2,home,40.70900359015704,33.04337769295299,42.59189649837437,60.72419289080825,21.502012221968286,1.0343315758966358
2713,271.3,away,59.57326339488616,32.83677292298587,42.668757582041145,58.32964810458271,20.57952456118227,1.4126670253909113
2713,271.3,home,40.683605790578646,33.015971852815916,42.368010112298904,60.504662486631275,21.47614052127012,1.0422757581476747
2714,271.4,away,59.539123618071336,32.79637047399087,42.48183215971107,58.41868894200368,20.541644875503007,1.0988719330238668
2714,271.4,home,43.378685888492626,32.818636597029624,42.39621860651154,51.067946985373325,20.88600898098716,1.230027364139787
2715,271.5,away,59.56180851848822,32.84975566312216,42.49906417128313,58.42533796257365,20.528622835071385,0.9225792280383984
2715,271.5,home,38.284138672160296,31.56064401422582,42.32346049344204,61.010345463533625,20.80045655299778,1.4845285711203569
2716,271.6,away,59.548205329146825,32.84470323137558,42.44454445140263,58.386177360657996,20.590637084699388,0.9072185527736792
2716,271.6,home,42.20330680883034,33.680391606038846,42.31311807108527,61.3762802462812,21.965201276332415,1.0174980844148553
2717,271.7,away,59.6110489011723,32.836507697151276,42.47563510090117,58.44510931989228,20.569631960492785,1.1505605212647916
2717,271.7,home,40.62990433603414,32.84007323658482,42.56038576891358,61.1446808941008,21.652478239382464,1.0067044244431091
2718,271.8,away,59.65008341985911,32.80306033367208,42.69420408940333,58.499944574245475,20.537511434734288,0.9529589880273057
2718,271.8,home,40.53875359705009,32.848256298009,42.59477739300385,61.33533003714711,21.665129469563745,1.195843469029209
2719,271.9,away,59.68628104752577,32.81546950116643,42.58543829784074,58.311921388771026,20.485581098529362,0.9403471666563246
2719,271.9,home,40.49560287829095,32.892157430362374,42.50888314973708,61.72013064902218,21.713116445604722,1.1581207979120682
2720,272.0,away,59.763833533080174,32.75789701595392,42.45537552313062,58.151174774960104,20.435017315283336,1.0718447916594376
2720,272.0,home,40.5069840892464,32.895253032648476,42.49534253167868,61.90395867783355,21.71962570000126,0.9889420976957499
2721,272.1,away,59.74392255019805,32.757880786572315,42.293315101837365,58.051127664155,20.422044446708295,1.0637351649830529
2721,272.1,home,40.58157093074184,32.83105220204219,42.47362323561231,62.15260780060486,21.75345500441843,1.223308443735615
2722,272.2,away,59.68785037937173,32.78009563140966,42.364141022106864,57.962024340468766,20.404623458090484,1.1463436617186644
2722,272.2,home,40.5871986251738,32.755184374392634,42.67890661016152,62.41388494107669,21.825527680002445,1.264732184678862
2723,272.3,away,59.72849743514491,32.83401525137451,42.363136499440195,57.838285151663676,20.376167836523955,1.0613586018625139
2723,272.3,home,40.520649465794094,32.739015612629686,42.810018785043496,62.22557760246405,21.828221523111495,1.4401049634198098
2724,272.4,away,59.70662143640632,32.73707068032392,42.41341486698123,57.562020914062344,20.386448613491147,1.1040781303063272
2724,272.4,home,40.5334349746497,32.72831080699104,42.965050565575424,62.35511129718251,21.889238211853225,1.0032682851196026
2725,272.5,away,59.66274136509502,32.771021345548405,42.373565584743076,57.45987742627384,20.325743479175078,1.2002734727780389
2725,272.5,home,42.241465809167316,30.62915985256086,35.75411763365386,62.128015705754095,21.21138413250079,1.195320963373175
2726,272.6,away,59.61561995526772,32.76201795119812,42.28510832970164,57.192785957561384,20.29048624726053,1.3176681614373527
2726,272.6,home,40.55024971006754,32.74604058665586,42.726420437251384,62.64104988393718,21.976362748523457,1.3429298705099855
2727,272.7,away,59.558225836240176,32.83859980462219,42.12867615618724,57.12708684390675,20.29560529786429,1.267030777109742
2727,272.7,home,40.60029335128874,32.70297424331386,42.74031438057748,62.72116856674298,21.978655557773006,1.1301905073246887
2728,272.8,away,59.46993674989768,32.763098499517156,42.35993152344102,56.83365470377383,20.29909144867961,1.2815945515612546
2728,272.8,home,40.59312057087547,32.609904467013,42.74735564618404,62.62801730374277,21.955508894652752,0.9673562727999282
2729,272.9,away,59.47903679331755,32.735295505413234,42.485427108502385,56.779998514268925,20.29594911392146,1.2491752491824146
2729,272.9,home,40.632167165818494,32.56898874840627,42.842412451286734,62.45755795169841,21.934615769495476,1.0294651722285666
2730,273.0,away,60.025483830132316,34.35326825354646,42.56995525250195,56.76731047377247,20.4863172779746,1.0639200334283347
2730,273.0,home,40.585769596504974,32.55233566046931,42.577461884547816,62.33560977796107,21.893812861495068,1.061731677847006
2731,273.1,away,59.438970392363444,32.66585663435981,42.506596148736215,56.672821876449554,20.253124583830154,1.1103955861011547
2731,273.1,home,42.20578550230293,33.39601312592706,42.522880304990665,62.517320313300395,22.200776392714545,1.1727453736799942
2732,273.2,away,59.41307239269579,32.58767915616738,42.49606922374002,56.45308941485191,20.231045105521325,1.1658210579078203
2732,273.2,home,40.62093367325783,32.524962674176265,42.6184238655437,62.852994540798036,21.93855466556396,1.4120583335856944
2733,273.3,away,59.41643436405325,32.5517874234279,42.338779537055544,56.50929864214895,20.153286443184918,1.421449788772467
2733,273.3,home,40.6101832199268,32.447839312137404,42.82434546797247,62.98954946574164,21.93208483220906,1.3611484235174833
2734,273.4,away,59.487177963128396,32.44526743812851,42.53418082548831,56.43187713205716,20.132434365168482,1.258843369797081
2734,273.4,home,37.03308324421409,32.24828090422758,42.97520377759202,52.87307101452268,20.47525340795668,1.2220695842263214
2735,273.5,away,59.46692603379747,32.39326060079961,42.536052606260604,56.55780303769693,20.132335514720197,1.0972022182713723
2735,273.5,home,40.569309629596766,32.37157215073094,42.971582267783,63.383217593113635,21.989721479155957,1.2358610168186748
2736,273.6,away,59.43630745137225,32.2793230123027,42.53037533274274,56.363612562966985,20.06568970646367,1.289229008454789
2736,273.6,home,40.570956919738,32.36297553453184,43.06535116853418,63.3240704067903,22.084579620513946,1.0617117182038966
2737,273.7,away,59.49533748020804,32.252981368189694,42.436413601025144,56.276531887716246,20.00387555080116,1.1170823926241573
2737,273.7,home,40.596410577035485,32.367065765530924,42.773644473385104,63.493401517837604,22.132037283962987,1.0758275604336645
2738,273.8,away,59.541990226193,32.26316958911671,42.505605782627605,56.315085398064284,20.010182032503522,1.1832545363964238
2738,273.8,home,40.5937087175397,32.376865237457565,42.82125133563919,63.576954488020625,22.14140427031057,1.1866514066174123
2739,273.9,away,59.55321870343405,32.254717515586115,42.53094511995251,55.98363594955303,19.990827850248163,1.0463287458946924
2739,273.9,home,40.58872615831758,32.277875515900334,43.01724080865687,63.496993677827945,22.219841581270387,1.23599517388764
2740,274.0,away,59.62839327117317,32.273798483324576,42.78802351440726,56.02489831077527,20.02053022920303,1.0452879632279988
2740,274.0,home,40.64736804571632,32.30735696467946,43.22842295621259,63.74946661570313,22.288058495699357,1.2210442390737868
2741,274.1,away,59.635287366576875,32.245987931221585,42.90623104835159,56.0400746064462,20.013761628228494,1.1481170813798918
2741,274.1,home,40.67927873897893,32.280181875335025,43.09153582133794,63.81193568290188,22.293201781524928,1.2221076454294055
2742,274.2,away,59.97605580557954,30.84178745735749,42.95649127002973,55.81728194460627,20.393544826505526,0.9107786150677839
2742,274.2,home,40.48628712978616,33.832554040143066,42.94183896113156,63.7939767203244,22.82051186699799,1.8192659234075887
2743,274.3,away,59.593706979967926,32.26078822128729,42.911865629113315,55.535429028122195,19.93161071502164,1.175691703479465
2743,274.3,home,40.831269037412454,32.20399552147446,42.66551140457396,63.51979552948262,22.24465458381187,1.5796619240685195
2744,274.4,away,59.68706727321697,32.219244949531685,43.09660766252337,55.275336173407005,19.909096751413458,1.302877988005234
2744,274.4,home,40.873665960864194,32.20819234049654,42.71229107399362,63.30595203668109,22.22881883649813,1.0136741973384897
2745,274.5,away,59.74607224905553,32.23775462340699,43.17962064354031,55.47640416066319,19.893222704545895,1.0351928615364285
2745,274.5,home,40.926337324851644,32.1783865830762,42.419585561642734,63.38280791462348,22.17074618399661,0.9123497396451139
2746,274.6,away,58.477092451104525,33.13317509936739,43.32695117991939,55.47858814686725,20.26826465037155,1.3277322081784169
2746,274.6,home,40.912950921869154,32.19936015692253,42.51319276966272,63.234471002221795,22.178054559193345,1.2831820033314942
2747,274.7,away,58.394345171515965,34.413294728552515,36.533161866481905,55.2293347302971,19.13200844036185,1.242373776150669
2747,274.7,home,40.95738630283227,32.133018811982744,42.50341346038886,63.650134590837645,22.26662909434538,1.1588809546351655
2748,274.8,away,59.72460520461436,32.18094407086457,42.981786695094975,55.349115213751205,19.83920258869243,1.1606630876982396
2748,274.8,home,41.00258944073241,32.13041241358518,42.696639492316535,63.58593051969311,22.245021076488793,0.9153440024484166
2749,274.9,away,59.72459863173427,32.13846948830021,42.85420537925765,55.11583887140956,19.786105450981882,1.257158606336315
2749,274.9,home,40.97492628860025,32.07503284177095,42.687881390839905,63.46957475424162,22.223507555869663,0.8766637868295472
2750,275.0,away,59.773289652994755,32.12178068714808,42.808383566048086,54.99686968793721,19.761453311106482,1.0954848155892465
2750,275.0,home,40.99450048072602,32.09872985030757,42.69383690771653,63.613547646702735,22.286674762843987,0.7322018874649315
2751,275.1,away,59.783638678440596,32.02595108486786,42.77966180004902,55.05431604658125,19.761043862770848,1.222844746140259
2751,275.1,home,40.98290686171175,32.0982498154178,42.68008301739569,63.67572533322411,22.307486897433208,1.0189641743349755
2752,275.2,away,59.785106028237784,32.03793992443873,43.05204128104582,55.27130902031957,19.828982514283414,1.313943221594515
2752,275.2,home,41.01914522683537,32.02426769241566,42.9583913585684,63.73103249290822,22.390484466088598,1.3194717616693588
2753,275.3,away,59.79453832382221,32.02737313412378,43.30875601857837,55.38538782961344,19.90995382542025,1.3772172905900186
2753,275.3,home,41.04066150732544,31.998722148963427,42.96040484339071,63.89480078848895,22.416652349690878,1.2028254435888133
2754,275.4,away,59.77757649919465,32.01510941344539,43.189630488855435,54.965475073314174,19.887737180711852,1.2269939804900696
2754,275.4,home,41.01457757711944,31.99405825166521,43.032665261502814,63.85469275594219,22.47062145542811,1.3313570738176261
2755,275.5,away,59.70560840607636,32.01566021820788,43.15936790703985,54.96812312692899,19.817869065199485,1.0671129959512395
2755,275.5,home,41.003851734614166,31.95033062044497,43.1479289727536,64.01822529649382,22.45965454193345,0.8966290547107252
2756,275.6,away,59.7684047088688,31.97201627252101,43.49278492347373,55.196792419099395,19.87313167942259,1.090239488042575
2756,275.6,home,41.03008939894895,31.934597784671094,43.06881996341802,63.747149592712105,22.421637552026645,1.0379931013951753
2757,275.7,away,61.82745982430471,33.15177456410134,43.403160942509786,55.177061168028324,19.41167769318045,1.3847513855727767
2757,275.7,home,40.54765873728311,30.472282178848115,43.04153019278218,64.15571568987474,23.092610480431595,1.2559301437672765
2758,275.8,away,59.892450875695005,31.86101852058474,43.68690150803344,55.1269100480703,19.87382401070233,1.2551671582179293
2758,275.8,home,41.079556275628995,31.91502404518764,42.94027633567756,64.16882821482942,22.517315159271096,1.1305767468664298
2759,275.9,away,59.90783209257615,31.799700553790885,43.56147272321036,54.96397857475743,19.821417459126074,1.2177528008188128
2759,275.9,home,41.06398118449949,31.92665048907297,42.65958748681281,64.42537186454769,22.528706642247695,0.9884028892736222
2760,276.0,away,59.91884538541756,31.778169104369955,43.67979121241318,55.00078057454276,19.82031359327463,1.256956996727062
2760,276.0,home,41.04035263625986,31.90819669346657,42.68481875593824,64.62700973719879,22.529802354181616,1.2001460222419855
2761,276.1,away,59.957995530221865,31.788219423103886,43.736145372546495,54.918260226961436,19.74277294603268,1.253931678228794
2761,276.1,home,40.98735666208649,31.92424612373118,42.729449931516164,64.99168225889643,22.526713223804567,1.2176464030424192
2762,276.2,away,59.983336331199204,31.805088915276926,43.61128350598222,54.925910830386165,19.754638871038154,1.278490074866696
2762,276.2,home,41.03180046698834,31.901095019799126,42.970991264323125,65.11667664496562,22.555024252587067,1.4607378279471204
2763,276.3,away,59.17117498676711,32.801586821713556,43.407904872699916,54.95302371466778,20.58413431494536,1.103300125654541
2763,276.3,home,41.057169867220054,31.809804171844146,43.16314944138608,65.34204368885416,22.576456792634144,1.3889402288675248
2764,276.4,away,62.86320627202232,31.5167078738525,43.35518946745323,47.06203897929192,18.872858410471757,1.4868724295635896
2764,276.4,home,42.80983441531255,31.091492879474224,43.35688644007559,64.98103005372283,22.81633298883948,1.093862521710966
2765,276.5,away,60.170165357038314,31.723674211736412,43.11180938040765,54.67454677278688,19.65307272381117,1.04071832384271
2765,276.5,home,41.12493428273602,31.724761021186442,43.49977344856438,65.07540337216307,22.576203255989956,0.9344350884815987
2766,276.6,away,60.126896876039176,31.68798076836096,43.05840838595448,54.68816004778529,19.664193754488558,1.01858714050434
2766,276.6,home,41.13516097023398,31.653011029666267,43.56081961031836,65.15578010682502,22.63270084950582,0.8719811080448149
2767,276.7,away,60.097391019637485,31.65805133646834,42.676667983421424,54.729294457827244,19.62408828956381,0.9518836555986692
2767,276.7,home,41.14508865607502,31.656067362553824,43.54537010201792,65.35690854921835,22.66393931721458,0.9994370072154601
2768,276.8,away,60.091122693910826,31.675874726742475,42.82054902079065,54.8703808577303,19.719110217805916,1.05771546265578
2768,276.8,home,41.17687387846327,31.5871219005783,43.8279776539831,65.13386634248081,22.719353867491705,1.510339237596221
2769,276.9,away,60.15788753845312,31.686069595888377,42.77769270714637,54.77978527221207,19.678718420960127,1.107188930885316
2769,276.9,home,41.226337083792366,31.56359794145669,43.872061662850484,65.00319388734181,22.761873812477656,1.293161695958871
2770,277.0,away,60.14056320353639,31.665464193200215,42.60269329500541,54.694985229197826,19.665385653094674,1.1611864200184936
2770,277.0,home,41.25401334541866,31.561177955824903,43.830970170361084,64.90556529827191,22.763232519444,1.249906872571272
2771,277.1,away,60.20649490309939,31.572087946002167,42.59681035515398,54.57492256007446,19.579887915585218,1.23237592523249
2771,277.1,home,37.738346537535904,31.317597853687868,43.77097865046617,55.74444426297303,21.467033558663847,0.9338065667003896
2772,277.2,away,60.667604794499425,33.130427179096635,42.95343804761374,54.60959833381388,19.857415398880644,1.0470395302768603
2772,277.2,home,41.25565600725461,31.552519833121323,43.79151156413965,65.13714272371675,22.843126675624056,1.004522217809647
2773,277.3,away,60.19881292603455,31.54381785266708,42.97725211425975,54.51318927179669,19.595645083704767,0.9933597915304496
2773,277.3,home,38.78058130068018,32.68205512374662,43.67537964374295,65.41779818428245,22.332182172869935,1.0008664929521156
2774,277.4,away,60.16921258949614,31.516707460455972,43.26817955085201,54.63260947236142,19.658367533506418,0.7476897699902634
2774,277.4,home,41.22363428528286,31.57262671767014,43.623667788844365,65.63954700924084,22.86595684122379,0.9716007684831074
2775,277.5,away,60.15546344141562,31.49391268686725,43.123435274989944,54.401809667563185,19.663142932000568,0.9223943380871721
2775,277.5,home,40.674510828728735,30.139923691328807,43.59056264525619,65.63860075331841,23.477582128270424,0.9401064114555673
2776,277.6,away,60.16472559410981,31.52531511581109,43.323449999835596,54.242580902920736,19.67512794963623,1.020737350987573
2776,277.6,home,41.246924114299034,31.57965052215297,43.6395483877006,65.33195976139999,22.892630501004714,1.0134988669114984
2777,277.7,away,60.19153549756525,31.485392608214624,43.36253169688725,54.10676272120863,19.620799751607425,1.1038325189094635
2777,277.7,home,41.22800965085879,31.562097612092284,43.78136778444481,65.21523417247799,22.89242712823193,1.0057104278383724
2778,277.8,away,60.200502432283336,31.516218958940772,43.348532657371884,54.05198090579233,19.575566657840167,0.9431267263472485
2778,277.8,home,41.23718809128551,31.528748950700912,43.78458705457828,65.34593929960683,22.90012730764164,1.1048346653765282
2779,277.9,away,59.065107243597296,32.43554471749574,43.82842420203072,53.98400834311875,19.935369097770533,0.718387093342769
2779,277.9,home,41.30726939352032,31.48883235741107,44.00304911084931,65.37812718123594,22.964949148047882,1.058965212997058
2780,278.0,away,60.21877296020902,31.459658782737492,43.88309876314565,53.926210703628854,19.666113513890533,0.6034641642604777
2780,278.0,home,41.317634502387804,31.44208088530462,44.065198672710366,65.20261787629231,22.92262738177666,0.8672628586672277
2781,278.1,away,60.260577916994706,31.448738469315913,43.68949704519091,53.86158266439295,19.629667222609708,0.7989197434580035
2781,278.1,home,41.366073559336655,31.394371967217673,44.383445539390806,64.99812973933322,22.979641759659838,0.9057046522229878
2782,278.2,away,60.279705520596984,31.39880751698448,43.609729450407755,53.856277139792,19.605904010511434,1.03686563028212
2782,278.2,home,40.43227325744377,28.974776556508978,44.46466940852715,65.01734253942503,22.657807823890032,0.8286633675320458
2783,278.3,away,60.29285186212874,31.39818253851548,43.433430037164264,53.98135601823859,19.577975833674053,0.9277991693424447
2783,278.3,home,41.36960585447647,31.344602353056242,44.59048177374228,65.14978658032864,23.089012581745088,1.2631026577515676
2784,278.4,away,60.34825837179858,31.44142860733648,43.613305604989726,54.00160077942091,19.572255714310735,1.043043958510105
2784,278.4,home,41.07919125824533,32.85585617556476,44.5739574501563,65.28836151582057,23.710872220366074,1.0483200927966605
2785,278.5,away,60.34642518063861,31.42193254303095,43.75341530069861,54.07570070129298,19.566293303459357,1.2136766046545995
2785,278.5,home,41.43170652387627,31.247381391601948,44.542645910543584,65.67326902747762,23.15531790536732,0.9607910224949502
2786,278.6,away,60.38379342419548,31.41329729379129,43.707257961894655,54.2397033585444,19.564206011305092,1.2272561069199888
2786,278.6,home,41.47663801699102,31.313425628374883,44.50065082583974,65.5200761722855,23.116855880405797,0.918655944357972
2787,278.7,away,60.396282088392006,31.364502785300143,43.45957472023828,54.430642626970055,19.601250173997165,1.0743008070296958
2787,278.7,home,41.48136574588296,31.266336472508055,44.34538100948798,65.88719291840854,23.159887656761626,1.1940686694867597
2788,278.8,away,60.41912973898366,31.299977891571007,43.36865430612967,54.46781662474047,19.61701822292336,1.1264493570091514
2788,278.8,home,41.476949983653896,31.20891031030142,44.084012992734046,65.83763467067511,23.07334799978373,1.0817978667293087
2789,278.9,away,60.42665456325701,31.336623636598862,43.63069910709198,54.39691447292138,19.599167595421545,0.9624058300678796
2789,278.9,home,41.47501460036128,31.20928063858455,43.92691750172679,65.85300234790208,23.10255823047153,1.0416110580970992
2790,279.0,away,60.456342354140084,31.31538939020838,43.70988545978608,54.64966994439685,19.618429166827294,1.1220299257680062
2790,279.0,home,41.428525481377115,31.239433986769324,43.745257043151156,66.0459100723956,23.087494691487315,0.8743659494674062
2791,279.1,away,59.31190858657843,33.59755280500427,35.763850071932396,54.63410885060023,18.91298027262354,1.2206181687710997
2791,279.1,home,41.463463861741005,31.198378292057726,43.58533467455037,65.89821393709752,23.128103570896776,1.048350502463425
2792,279.2,away,60.48225443655217,31.285967718225177,43.92854715890034,54.33876487859466,19.662925516459094,0.9242707732360954
2792,279.2,home,41.45210170899026,31.18871761101158,43.62473661846259,65.49663284212208,23.071067443918853,0.980542907098783
2793,279.3,away,60.470942418604906,31.235913220168392,44.09517582346231,54.57615382509994,19.65690420080549,1.199985976918416
2793,279.3,home,41.439548381253054,31.190922784412486,43.517575107428186,65.38760420835754,23.024715550095255,1.1325294431547084
2794,279.4,away,60.53456745121235,31.143272684607386,43.978332804130794,54.557714937684324,19.69843303497705,1.1563473090530128
2794,279.4,home,41.461311262315185,31.13610235507406,43.525346808735414,65.12427362406665,22.958778664443596,1.026966003008978
2795,279.5,away,60.7274919270771,29.57171684801518,44.043884379684144,54.29632527538693,20.02393450331465,1.2464229996171432
2795,279.5,home,39.002509671357494,32.21467727978278,43.43191419328933,65.15595456531084,22.40140985758464,1.1982436591143057
2796,279.6,away,60.55704721534858,31.1052176818551,44.21882115963031,54.11076730446738,19.664087773230197,1.0889570042190755
2796,279.6,home,41.55554291886789,31.097040498383727,43.50409773296936,64.8238578954169,22.915009190114336,1.0567798889035043
2797,279.7,away,60.57959624327996,31.072592019221744,44.2156080641902,54.04115838161804,19.605868127803078,0.9435921894855301
2797,279.7,home,41.55879287209329,31.118674807172365,43.65506735906533,64.57960833185822,22.91555694499706,0.913831068011207
2798,279.8,away,60.59281025748269,31.07535611905973,44.14940345261098,54.02689412972553,19.611271393655045,0.9509325169963259
2798,279.8,home,41.611943132601326,31.100897471711495,43.77267478300653,64.61947046397196,22.854618265918045,1.1476745162094142
2799,279.9,away,59.455911530733474,32.08831601996355,44.02950717594132,54.03892649298708,19.833343590387454,1.0815895865359673
2799,279.9,home,41.696013648560864,31.09242210761074,43.61557379376578,64.44827237763339,22.81270204808109,0.9964984199215082
2800,280.0,away,60.602008194675015,31.118928218400125,43.94179522977725,53.98602676461591,19.588438377750673,1.1315747525026627
2800,280.0,home,41.71924561090236,31.113126311146104,43.77944564762279,64.63639533177701,22.800611121444536,1.046243526742517
2801,280.1,away,60.632323753731264,31.125390529278672,43.984488916608896,53.9772995298137,19.55844755397229,1.1702573428408278
2801,280.1,home,43.284239854082905,29.050159675553523,38.284443407360754,64.97135754910796,22.399631945634262,1.1506638248297802
2802,280.2,away,60.66681902297998,31.119964990653934,43.96735038490253,53.956864716749145,19.571615061112876,1.0867160184922846
2802,280.2,home,41.80639343630899,31.07705141327141,43.40668401490952,64.82020841594561,22.847582646770153,1.2973128978732373
2803,280.3,away,60.694606616540845,31.11086129090087,44.268168014679496,53.807596327176704,19.550133877641198,0.9843822793423666
2803,280.3,home,41.838511512264766,31.09777427661285,43.40909434325294,64.98978579059623,22.96168810210123,1.2273296312045967
2804,280.4,away,60.66986426891854,31.082059710418818,44.04766518117536,53.890705793562546,19.48380365801592,0.8770370007249741
2804,280.4,home,39.36087006453075,29.600908857067804,43.619547918213016,65.05716092601195,22.300835123136636,1.0174396956573282
2805,280.5,away,58.14960745998752,31.235074013840528,44.220494279481954,42.64035102812046,18.8508931748368,1.2377829743298596
2805,280.5,home,41.88726554705012,31.065824578960658,44.001266534519026,65.2526719681665,23.01284324512772,1.310198138467773
2806,280.6,away,60.63985621877543,31.10055418098176,44.25669786044519,54.121201194820856,19.62178774184411,1.2341350292929691
2806,280.6,home,41.925798289348,31.042201558773062,44.022494144286384,65.38315876623952,23.026929065344003,1.3266089909948149
2807,280.7,away,60.69021144290054,31.02534030486042,44.23433271847513,54.2693992853066,19.674804002152097,1.3203136201885333
2807,280.7,home,41.995778148300595,31.057256455507478,44.04074254444926,65.58868616039297,23.067843254331073,1.1379099564730124
2808,280.8,away,60.74082810046496,31.011349745403617,44.677273299976264,54.48037577803393,19.73504288081477,1.3315474422863718
2808,280.8,home,42.000525655013185,31.005437588961083,44.206393828778076,65.53740801389316,23.03960737290886,1.0339279147481384
2809,280.9,away,60.773935968895195,31.01570679853495,45.0107055910746,54.406358807541906,19.7805831440635,1.2450850060776575
2809,280.9,home,42.099385613288185,31.04604958831874,44.10434846712274,65.57922768800732,23.038749218560095,1.1500297063097173
2810,281.0,away,60.83603086257967,30.990884962746733,44.755211586912004,54.59508450570033,19.745475287237834,1.75317143995439
2810,281.0,home,42.1449934645547,31.048175731509925,44.41701455177152,65.56257177731725,23.020190940013094,0.7936589834545568
2811,281.1,away,60.915995815212106,30.964472993440403,44.537841605405625,54.57829656671065,19.719769845499876,1.3146708104619813
2811,281.1,home,42.12397514507824,31.053507837412713,44.500397133361005,65.72700552496494,23.048707105326507,0.9762816348913191
2812,281.2,away,60.94794469808349,30.983387169045432,44.41492013552736,54.53594485270834,19.743751779451642,1.1495089975057455
2812,281.2,home,42.13901401256455,31.020475482535403,44.52958417923723,65.59131833280702,23.014371980210388,1.2084101074786915
2813,281.3,away,61.01507446751134,30.977301733734933,44.40483119454079,54.47065160698547,19.80063612657743,1.0836836295913022
2813,281.3,home,42.19895953753158,31.03667564134478,44.55109503178722,65.74662963824568,23.01894008774804,1.1728839326290268
2814,281.4,away,63.024018768838836,29.4886225313774,44.59981933327606,54.659555572905205,19.17024880683333,1.2879311914473854
2814,281.4,home,42.21212671333176,31.068350597030314,44.48560344795418,65.4546367874566,23.00392912808148,0.968141806590035
2815,281.5,away,61.08762965573965,31.015496422347994,44.83110696326437,54.87911314610827,19.833767844374474,1.2707704022293684
2815,281.5,home,42.23864814579343,31.055581977355857,44.417685082296984,65.72948144450068,22.983253375596618,1.1165154833692201
2816,281.6,away,61.17120226446772,31.02234789165197,44.772376438753064,54.654633425323766,19.781985380404024,0.9832774123259455
2816,281.6,home,41.55634856032997,29.51894844253365,44.50386697061741,65.50913337493651,23.502403541409166,1.0619794557142388
2817,281.7,away,59.99518152892038,33.42818763972387,35.58256396297322,54.46592484127957,18.994114752560783,1.0858319926492945
2817,281.7,home,42.21148670191912,31.07402001819221,44.38524855796224,65.29302895607054,22.918335784282196,1.183998206491131
2818,281.8,away,59.94262659029617,32.07084333051807,44.797837443188016,54.395114517242874,19.9437210154991,0.997581869912737
2818,281.8,home,42.17837712802028,31.02214755446711,44.437635774982446,65.10707372225079,22.892393970877905,1.265518427799818
2819,281.9,away,61.189550423600465,31.027523842409042,44.90016151491133,54.086869479232675,19.633476842245326,1.1312798457157416
2819,281.9,home,42.20689331401257,30.994730940344834,44.612236192678736,64.83829664478594,22.930316978839542,1.0210826655251328
2820,282.0,away,61.41835449783906,31.01386684311184,45.164243656654904,54.155443996138935,21.458719276198174,0.900933721342601
2820,282.0,home,42.271489194121365,31.035187747877618,44.81598295932063,64.77238699893678,22.90238300059777,1.315438474435663
2821,282.1,away,61.236517781406015,31.038311027759722,45.23136071819792,54.25502183718487,19.74656431147631,0.9498087596976711
2821,282.1,home,42.33931909799166,31.051710451076072,44.77238349161717,64.74919812707938,22.865591631534897,1.3380619988406148
2822,282.2,away,60.041001690524205,30.368794876878674,45.48383753290656,54.21326762409467,20.14441850186751,1.0280188755495885
2822,282.2,home,41.928638703478114,32.504182516993794,44.59124602641253,64.32537850347498,23.466217269477106,1.0805349888006495
2823,282.3,away,61.339689525256524,31.053720284174247,45.49006412023157,53.97403606155391,19.681893439785544,1.2378125355460778
2823,282.3,home,42.37877328914296,31.034173183752284,44.492448039664716,64.5310636840631,22.826401429743907,1.197922646093488
2824,282.4,away,61.402159350599206,31.062799069752206,45.7253693988842,53.67717313560314,19.70964221629363,0.9931407576249445
2824,282.4,home,42.3793198194138,31.03258919216876,44.63863364675885,64.24151302848328,22.86575541963773,1.1514559729926321
2825,282.5,away,64.99989651289637,32.51303266595656,45.69622304672035,44.680855467416634,18.882622694792246,1.058825024788149
2825,282.5,home,42.437046087093556,31.058409473182675,44.70497766654269,64.60268580927206,22.950324519212078,1.2047217059357167
2826,282.6,away,61.48144160936544,31.10024974283333,45.45434716361708,54.17876124036175,19.768179030142466,1.3975581936993196
2826,282.6,home,42.51854098957585,31.128619651444584,44.84390887378923,64.59767135379958,22.95418921351492,1.366953025630764
2827,282.7,away,61.56566181964211,31.07737603795512,45.20800326265837,54.18492691092655,19.808214996944233,1.356748640364669
2827,282.7,home,42.558055416541414,31.152632836893268,45.088760313145926,64.67339216530824,23.000463887110094,0.9030457647373534
2828,282.8,away,61.65294608258623,31.094543020131493,45.26990266837869,54.49035867151084,19.84094706697891,1.0611611272256185
2828,282.8,home,39.31928108536312,30.93265963113264,44.871772030178654,56.87161158507637,21.915795424912268,1.019194158006414
2829,282.9,away,61.63501643910059,31.06155299448893,45.41320093854376,54.60607722277801,19.8522709778234,1.077466323398126
2829,282.9,home,44.479095057700384,33.51328450983266,35.80970316183696,64.72033881709703,22.004707025317195,0.9549973209341877
2830,283.0,away,61.704825220820794,31.09864295433522,45.607288684622795,54.431220700222774,19.801720828622102,0.9483022368302159
2830,283.0,home,42.6858735826747,31.18683367110752,44.836973280461464,64.77673384277395,22.9412110026463,1.2001188707876898
2831,283.1,away,61.754511970894015,31.09610970685178,45.598611814727725,54.46270738751735,19.824788174488337,1.0921870464331602
2831,283.1,home,42.69076752879044,31.26400387786226,45.05948442756725,64.6738120433141,22.959334560151166,1.0760581212034632
2832,283.2,away,61.79697183350882,31.12376614983466,45.35133509191634,54.71166734790929,19.84318698721634,1.4910808351539309
2832,283.2,home,44.318442929370306,30.57549441101137,45.303454961761844,64.68733763264726,23.327606921364843,1.026001947330117
2833,283.3,away,61.77104440262426,31.168607926273726,45.06029199243466,55.029839201407654,19.833475956956928,1.1431525940413625
2833,283.3,home,42.77001823444011,31.295405327094713,45.316166705144994,64.41130394113084,22.876162142348193,0.8751120343867661
2834,283.4,away,61.73543419208237,31.17596128403895,45.10009998028756,55.26131397551238,19.918207634603945,1.2611006735598407
2834,283.4,home,39.56833709515012,31.11071755751238,45.34373311895272,56.51604622423815,21.858032663836383,0.8097266948886013
2835,283.5,away,61.817994239630686,31.1783616846207,45.13510844992132,54.8830913801479,19.8832179597835,1.425726979089126
2835,283.5,home,42.87066456693373,31.24409918402121,45.20237787612935,64.2811873110049,22.86477204070443,0.9410569649359332
2836,283.6,away,64.8982697642983,30.999753557461947,45.00671832071123,44.81967514208485,18.744048863633573,0.9691448724744619
2836,283.6,home,42.88365460665458,31.261243949741434,45.520740929029856,64.16961103221293,22.899966072346558,1.1399269565311887
2837,283.7,away,67.45649572580285,29.30813122046597,45.02581328919048,44.41706485900091,17.609052792485045,0.998204512417511
2837,283.7,home,42.9230680540775,31.290638028105082,45.47079143756024,63.991608094340094,22.909591831793534,1.2745671697714538
2838,283.8,away,61.87163554232705,31.257021963788496,44.81172627804476,55.324951644407534,19.93469760430423,1.2541516738304663
2838,283.8,home,42.96565018755057,31.3174838486774,45.465021589265454,63.83693539612603,22.855601191311038,0.9406656614402329
2839,283.9,away,62.04523208527512,29.676001481007102,44.5057758487462,55.48374765359404,20.294082342121488,1.123714452548081
2839,283.9,home,42.98449461418314,31.300350791583483,45.65976887682072,64.14643231281977,22.87197454180367,1.05753395563586
2840,284.0,away,61.90716158260939,31.273196600226278,44.3301390922007,55.69228079283445,19.9928763554752,0.8934219508772336
2840,284.0,home,43.025919649188424,31.300415131586657,45.599094719899455,64.05875988742534,22.819944168322568,0.981842212779241
2841,284.1,away,62.16436358502849,32.6992517531333,44.43457301616389,55.793422527800004,20.43937505737804,1.3648787023953406
2841,284.1,home,43.031267022917376,31.32544692942184,45.67209969469907,63.81627141479973,22.787415201383627,0.9256321681737465
2842,284.2,away,61.89416903023798,31.209970429293147,44.520029673608704,55.748702838023725,20.028527272131843,1.259143361447037
2842,284.2,home,43.096051552326564,31.346916264401003,45.74179715150741,64.02137213912201,22.818520265209873,1.1895671856604118
2843,284.3,away,61.99617281095257,31.22252428391504,44.758194103864,55.76863177565325,20.019287133785845,1.4733500042577428
2843,284.3,home,43.11914934606043,31.32950151570678,45.88215624720593,64.14802016314863,22.77839084540951,1.3082111739413926
2844,284.4,away,62.04002400961149,31.270113081262117,44.896854829356286,55.64686814515242,19.982034739110166,1.0184528035149676
2844,284.4,home,43.12848409471087,31.38190174839036,45.79334178573171,64.18420290032078,22.757623242463595,1.1977066710299973
2845,284.5,away,62.00392336085454,31.207006086041517,45.009177357930035,55.58320965537734,19.994330218549393,1.070131317719081
2845,284.5,home,43.13463271284245,31.33424369089011,45.94421252141177,64.09852465100411,22.717081286421873,1.0792978440872156
2846,284.6,away,61.97068159826993,31.196180816994307,45.10817552606885,55.782734531202124,20.037039237832477,0.9116197959579823
2846,284.6,home,43.124098774205656,31.367510542034356,46.0857338803569,64.40811247325387,22.72645043271415,0.9995492582303975
2847,284.7,away,63.988494385573325,32.29673425522158,45.04545760537406,55.52706261165426,19.65488736367066,1.0195457240854808
2847,284.7,home,40.70461613227268,32.458826239147704,45.99830342724605,64.58007302161359,22.240826172414614,0.8937789086131771
2848,284.8,away,62.030072795368625,31.269216883270474,45.35152561824728,55.50881596571172,20.048759268622586,1.4572426294353051
2848,284.8,home,39.99324877919939,31.17382652260442,45.87711622798636,56.473022137658255,21.682148131795902,1.1994003895613425
2849,284.9,away,62.047657035793215,31.26803002469688,45.59274974594531,55.56653867578564,20.052092566336167,0.968425595093244
2849,284.9,home,43.216269663993444,31.29672609069331,45.7910920159436,64.27218623345924,22.679401886769583,0.9366853313938893
2850,285.0,away,60.89282796651285,33.679766231951625,36.59150927908881,55.84562146874674,19.293783626360828,1.2397597336624588
2850,285.0,home,43.274573043311655,31.275029429154973,45.74607907636337,64.32189386146767,22.68031185920685,0.9356649589133208
2851,285.1,away,58.016051297044456,32.5838311644451,45.464674628592384,46.02451000995424,19.781025435882977,1.0476630068628914
2851,285.1,home,44.97646161634594,33.70105493225529,35.823319855861115,64.38165039986691,21.718233914335244,1.0748588327998372
2852,285.2,away,62.16483124112801,31.316329917551794,45.61872325775564,56.249582294981096,20.13247235442406,0.8538491410066932
2852,285.2,home,43.28893555704627,31.308778286841633,45.4021843069053,64.177353654384,22.649204121884846,0.9452908472035638
2853,285.3,away,62.17412201098736,31.311489872947018,45.46087805712425,56.310846181059745,20.184045054094224,1.0778221192690947
2853,285.3,home,43.29210047041514,31.282580406723653,45.43115645591448,64.27032911968416,22.683656871894843,1.0724744039492864
2854,285.4,away,62.252703925353856,31.28136392453341,45.80858451750854,56.18579351220578,20.197368608387038,1.4261461040024184
2854,285.4,home,43.36827271381381,31.247879285170214,45.48657843057137,64.09139787879633,22.645473489764573,1.0987467400756923
2855,285.5,away,62.32439654900131,31.291245820181054,45.62881835339464,56.108578323310795,20.159240444263812,1.3613406144060982
2855,285.5,home,43.358803413800366,31.262708089249745,45.2468600620103,63.78498987418571,22.582107966489655,1.4533569446312757
2856,285.6,away,64.39611650291548,32.44667372783122,45.45047859965648,56.43979743956996,19.770676022540076,1.2087193869218882
2856,285.6,home,43.41754042303139,31.27562827017363,44.967002291147466,63.267124169227735,22.507769667404986,1.082112831100284
2857,285.7,away,62.44992101287178,31.287587842451263,45.54656610956957,56.510698530075075,20.206123473554246,1.2487492255548487
2857,285.7,home,43.401998836124555,31.260593189461318,45.12527399182849,63.184190300266714,22.4916969839156,1.1951945582877985
2858,285.8,away,62.41909238678575,31.28013776116168,45.73302690573062,56.61173468820646,20.253740068301592,1.1409974771345035
2858,285.8,home,43.36142995459963,31.270130596464515,45.03096765058416,63.37647792077547,22.477478360522095,1.365311187636329
2859,285.9,away,65.64887871561464,31.19192263716845,45.68357621269558,45.90325633943272,19.017645002368077,1.005866075228218
2859,285.9,home,43.29486427241595,31.272794550562903,45.2067310766406,63.50549573694149,22.465458067993392,1.2212750739747702
2860,286.0,away,61.321755486976215,33.76028958191257,35.680847954238935,56.78445106145102,19.599626550051994,1.2304020579233357
2860,286.0,home,43.357887985971345,31.286003034098215,45.30138905919351,63.20925352048222,22.43416076808231,1.3076993145553681
2861,286.1,away,62.48394214966208,31.324065391046723,45.48718800231209,56.72928693982127,20.323623278743167,1.0097647232682776
2861,286.1,home,43.36499838781662,31.239170698891563,45.686715077836425,63.01128418731654,22.45556674308893,1.1330079533435293
2862,286.2,away,62.62407806360285,31.230081506214976,45.30536786445283,56.65717368741935,22.175751007839807,0.9447430596607876
2862,286.2,home,44.99111782847675,32.254479237972234,45.90328932013555,62.826497531185,22.521184703659987,0.9560944842162608
2863,286.3,away,60.04766839900731,31.550312955440567,45.144053101183,47.4279807615557,19.847172238283587,1.4697520559972848
2863,286.3,home,43.37211222490393,31.32333638058119,45.78141341810172,62.82243500567743,22.361112610327464,1.1893514978179347
2864,286.4,away,62.54103468948424,31.41071182468107,45.18076851366944,56.72019095517495,20.36905890822898,1.5196029439987968
2864,286.4,home,43.486271978770695,31.38621502469142,45.96123451030064,62.55449180913871,22.372825531995673,1.3771987659008167
2865,286.5,away,62.48824351669593,31.413769332094475,45.35654824093038,56.8710761347431,20.456823663400403,1.1038523899618877
2865,286.5,home,43.47479441747964,31.35350866995395,46.44406721083582,62.54214836067699,22.368563495748113,1.2100375149827114
2866,286.6,away,62.511064521011846,31.46057828919711,45.37326664485824,56.998052666419774,20.487677929114117,1.0493707413657993
2866,286.6,home,43.46049205970778,31.400912424960083,46.52510732179853,62.36212598291997,22.35968764838778,1.0015330974680736
2867,286.7,away,62.58052993451199,31.446208152922132,45.27502342825308,57.22613519605785,20.52073651208642,1.1207085939551704
2867,286.7,home,41.23208525630948,32.52050246350254,46.46564990552862,62.03504527580325,21.95245454587202,1.2340535976032376
2868,286.8,away,62.600395867741845,31.478577783528916,45.08123899057035,57.39671484230059,20.527538859647425,1.2276675005642719
2868,286.8,home,43.57363796697614,31.44659490333115,46.321471272103665,61.745191798777014,22.271687168561172,1.1152916743367467
2869,286.9,away,62.67169204193161,31.498562126918173,45.237599077947664,57.764627017973694,20.60868163978408,1.4154785408313195
2869,286.9,home,43.62284568689045,31.446399701831464,46.68018080359553,61.67491332813396,22.26637708558568,1.095088663336564
2870,287.0,away,62.728089403117046,31.521404931669725,45.43752304039536,57.720313382583086,20.648565000336436,1.3951558412678111
2870,287.0,home,46.78043240053413,31.670420797917426,46.45705467925677,47.69343320015123,20.893753486869986,1.211274834437218
2871,287.1,away,62.72630118366649,31.481282502714205,45.372633450113,57.396566869942724,20.628861859294222,1.2392592640933955
2871,287.1,home,43.671503035605056,31.456649676619556,46.19300965099511,61.79969772067531,22.17385805841471,1.2608646659650533
2872,287.2,away,62.76286433910884,31.47818705176604,45.574293363355466,57.531693908673866,20.681614761129737,1.1892501389221766
2872,287.2,home,43.73602940693483,31.451552390345057,46.275217691623304,61.45041345435546,22.161439034017395,0.9755102399940259
2873,287.3,away,62.75174336192893,31.465861338177845,45.528432293589965,57.66273251989005,20.711595361583647,1.1672065709184227
2873,287.3,home,43.71244669527934,31.434234510834038,46.13070854694843,61.325427788756514,22.10257783659614,0.9034905699074229
2874,287.4,away,61.331521864356056,30.729654173420293,45.3771321478695,57.789363813068626,21.05522170081442,1.4270430491782142
2874,287.4,home,41.494050534076095,30.05578086404306,45.948729167200156,61.343824066331514,21.581573660506393,1.0995683082356469
2875,287.5,away,60.247239195973364,31.703755843100588,45.408453216809235,48.59916890159611,20.19527321024062,1.2089101483205376
2875,287.5,home,43.73442344575285,31.48190592950251,45.9964223050237,61.656793019905294,22.07627971440188,1.3548204698749358
2876,287.6,away,62.810276046603825,31.472204913090806,45.54489831369593,57.83716283036533,20.722269473448815,1.207329942197786
2876,287.6,home,43.75493029533533,31.471638764456372,46.18130036800487,61.696390937295796,22.09235084618247,1.0683477838346769
2877,287.7,away,61.63819777768646,33.907844066301685,35.98785223244175,57.93463314184869,20.09179881373432,1.1483324535565997
2877,287.7,home,40.73611151203268,31.430595113649495,46.342284603805425,54.7000376240494,21.194611419448968,1.0347616536216955
2878,287.8,away,62.876895168838445,31.443000062231988,45.77123779365628,58.01642548623029,20.750019759675617,0.8381842141358071
2878,287.8,home,43.77934867641179,31.55418471186596,46.31347942496392,61.633238936628786,22.05785487253563,0.8469336513393039
2879,287.9,away,61.63668529360577,33.81344892172647,36.11828445460283,57.96927059101942,20.077721973241584,0.956000141822663
2879,287.9,home,43.82073699392945,31.59024796818468,46.19680789691969,61.60722427828591,21.98930445736963,0.8214293587823275
2880,288.0,away,62.85307513697058,31.465548819150914,45.901073262870725,58.303058888481374,20.77650648061824,1.1774583669375396
2880,288.0,home,43.833760649062654,31.56520226911134,46.16374311395567,61.471867358925174,21.98852345083646,1.2677316405153833
2881,288.1,away,62.85376365183725,31.48963740299073,46.07684580760578,58.482631498777515,20.77755321632644,1.3743954271830905
2881,288.1,home,43.800858054200255,31.631158736991573,46.23909407286685,61.3045447621081,21.97646947095038,1.3321223227775654
2882,288.2,away,62.92836632307161,31.528465640594575,46.312774197876294,58.71770771196597,20.84178642494017,1.4259523111050882
2882,288.2,home,43.82532330133095,31.694491040982715,46.45357479021937,61.40089687358672,21.95860896372672,1.2279013464467003
2883,288.3,away,61.59124618915506,32.49700971471917,46.54054863568679,58.962695830620476,21.15521395203556,1.2207147063945847
2883,288.3,home,43.82801730686153,31.670780234840013,46.417245585791875,61.52641824739683,21.995488129592164,1.4829429182990526
2884,288.4,away,63.03961938088969,31.574854921172083,46.43732257091543,58.68313914093278,20.84340763907844,1.0977246523051531
2884,288.4,home,43.90037446194529,31.710602681594676,46.46812257111335,61.310458151559054,21.957336247704628,1.171265191661483
2885,288.5,away,63.055013166626274,31.598145050333425,46.34439059151142,58.70900920530264,20.918160107386402,1.2743722334937198
2885,288.5,home,43.946924965785655,31.726553777327705,46.32700094991789,60.884537848753524,21.884964686039414,1.0203933059316048
2886,288.6,away,65.25110735113245,32.694161939374055,46.5360283085477,58.67118257349105,20.50029875953476,1.222743179814529
2886,288.6,home,44.0229370780495,31.744580124959736,45.99390715921979,60.96651844334186,21.869172155572993,1.3003411382535421
2887,288.7,away,63.092073705971366,31.633792481980787,46.74904613999438,58.69217706615463,21.069021270024766,1.2557747434704853
2887,288.7,home,42.62441790174449,34.425505031766654,35.656903783731295,54.072419022421506,20.05883404545004,1.1511141862407737
2888,288.8,away,63.10433502631907,31.685702438468788,46.46770338853167,58.60925242516747,21.039787564042896,1.1757771385473912
2888,288.8,home,44.11821462256558,31.80252158914809,45.942663411829095,60.85676426492707,21.87985477524626,0.9246945065277816
2889,288.9,away,63.13854458339518,31.772576711488764,46.65240758840873,58.57714607726225,21.10130836125089,1.120496616742142
2889,288.9,home,44.15403614289585,31.824552714230876,46.07683795127508,60.79413603889257,21.849982264700568,1.382143335258072
2890,289.0,away,63.118058589628525,31.7246960125485,46.51904266732327,58.48982473572255,21.10537066846783,1.2409226112709824
2890,289.0,home,43.60471048374299,33.242098407083596,46.02290615097783,60.750300369276445,22.378307907629438,1.358158223299537
2891,289.1,away,63.15713375407181,31.712897942694642,46.240497328028084,58.222229029755255,21.067311805730142,1.3617882138749537
2891,289.1,home,44.21448473591472,31.765741317165396,45.862811239444994,60.94650935944026,21.82657226721312,1.14871151021678
2892,289.2,away,63.18142091682619,31.7246228298846,46.20440132150742,58.06271519819761,21.10101342773406,1.1340811837254445
2892,289.2,home,44.27966382928637,31.74840531366983,45.987603315687295,60.558945857412255,21.75224063242189,1.718836046741991
2893,289.3,away,63.17490136037637,31.725693093444715,46.24743538979884,58.32815654973594,21.144088628579553,0.9140180314661815
2893,289.3,home,44.36586444587451,31.772343113211182,46.027523374815644,60.565803825230994,21.694847160964517,1.2581392670984846
2894,289.4,away,63.145590403906176,31.735603949383936,46.38316135692441,58.27137822070504,21.186447239587118,1.1877119740874464
2894,289.4,home,44.32738241311423,31.80034077945123,46.122963248978785,60.49526908126048,21.666205583648807,1.172798413759425
2895,289.5,away,63.11767083600667,31.76935639743762,46.39925683241646,58.22626409113427,21.200424907468694,1.2022409080000631
2895,289.5,home,44.367643760696104,31.787121427596617,46.31281253731958,60.47206140332479,21.659324140258637,1.3096163776747387
2896,289.6,away,63.092422823437936,31.72971200844894,46.204067954327364,58.26976543238409,21.182053186793755,1.079026793024506
2896,289.6,home,44.35585372910503,31.743130917405345,46.2142662842117,60.086526324428945,21.584470508540353,1.2286927962462924
2897,289.7,away,63.11352990692099,31.750087992345286,46.45764512646241,58.403107876903135,21.233414882962578,0.9007708553357126
2897,289.7,home,44.323743760888185,31.778816500086485,46.141610411332294,59.833619546791915,21.49463252163654,1.0325580431329586
2898,289.8,away,63.11872365301633,31.72862845116271,46.28860507362454,58.532077511618674,21.20482206013985,0.9687824369955009
2898,289.8,home,44.32532777729434,31.80520446381415,46.244904936651835,59.84485789488754,21.488612244273227,1.2053359100159093
2899,289.9,away,63.175239231561726,31.76021349810533,46.526046348118506,58.67088996073571,21.255000993912507,1.3251454977557668
2899,289.9,home,44.36426989706188,31.75030923869174,45.9359550275714,59.36199127904283,21.341946396983847,1.8210960122046609
2900,290.0,away,63.188613774567465,31.782851435646418,46.60512102848758,59.19476840788117,21.33075127160737,1.184272982612055
2900,290.0,home,44.39991382120734,31.743649894073926,45.98745944177498,58.83047571788543,21.273095564476993,1.1255368470489133
2901,290.1,away,61.62308511012077,29.508181233271397,39.908496279785695,59.514899433215504,20.657637073823448,1.1453984990836616
2901,290.1,home,43.97575164454279,30.218718328024863,45.95313693715946,58.963496617648,21.75105346852241,1.2051386611816626
2902,290.2,away,63.20837172868546,31.837995012561603,46.40769037730794,59.62869905027364,21.338767780851352,1.187942378763953
2902,290.2,home,44.401448631738525,31.7687703518623,45.86680015741164,58.95836359555899,21.343969512571324,1.4850596806407437
2903,290.3,away,63.25658446148247,31.800787192297125,46.34949005601436,59.8116610936253,21.339716547111554,1.2492270791893125
2903,290.3,home,44.46031873708598,31.75792278559776,45.9073758119285,58.85843532110855,21.335401551917165,1.3209233190646261
2904,290.4,away,63.227782861958715,31.815110195757935,46.51107231352662,59.97667476839412,21.371260065581534,1.1394574586961548
2904,290.4,home,44.41123005526762,31.696008959334144,45.59818017140855,59.061015826422,21.304026217113112,1.15554837338973
2905,290.5,away,63.29713506493008,31.858851207130215,46.42866878774017,59.982719559429114,21.368884717266766,1.1570710369022439
2905,290.5,home,45.6693790341928,29.508087837139243,39.990585746749915,59.15397659888962,20.70941970059311,1.0105201925603773
2906,290.6,away,61.79263040045599,32.76733808234532,46.324547047702964,60.08547740059073,21.567015687304114,1.1829005713233154
2906,290.6,home,44.37201299926585,31.654890987350612,45.426543179853425,59.13320000724859,21.238635677829187,0.9652178485407851
2907,290.7,away,63.317535549659716,31.845921020037665,46.26422883839119,60.212872843808256,21.429819952725083,1.1575689297180078
2907,290.7,home,44.43009820697761,31.651193595809897,45.553719283810985,59.162358725334656,21.251729672856655,0.8481015140008544
2908,290.8,away,63.32312617878318,31.86933891937923,46.12706442126701,60.413634731629216,21.470599223254926,1.1231956223768378
2908,290.8,home,44.42614740201955,31.70993422457318,45.634120114047214,59.427711929269385,21.299295198366497,0.8852550516456114
2909,290.9,away,63.35181194697523,31.799089815174263,45.86093504829879,60.274054535930496,21.465257583076927,0.9956062807505678
2909,290.9,home,44.42612651878836,31.735113572331723,45.71950376118687,59.41398023774515,21.29082704331423,1.148966029425187
2910,291.0,away,63.35756728054614,31.780099758589174,45.90842354454319,60.32158118449192,21.495699077908554,1.115784793858357
2910,291.0,home,44.397679418944534,31.75012007750182,45.52852007930862,59.21142276088067,21.24974680920993,1.0433013072393873
2911,291.1,away,63.38038375118224,31.703712021027062,45.968928403884604,60.18026750915504,21.486225016621134,1.202161603929354
2911,291.1,home,45.78169875244289,30.97906943812128,45.47179137871606,59.102514086536644,21.56666600602487,1.0872759974264223
2912,291.2,away,63.39950739301798,31.697849475095378,45.94511214453444,60.48661432818588,21.530841868176925,0.912938512542781
2912,291.2,home,44.391949251008334,31.73523449111676,45.42422212776004,58.99571858996705,21.12652297648181,0.8066449479541503
2913,291.3,away,63.4275632888434,31.709448813208386,45.888923214252316,60.51646670899585,21.565509384835444,0.8988909566673907
2913,291.3,home,44.42858639094548,31.744457003704756,45.800228402626466,58.98715188042077,21.14887283331865,1.4025379792897548
2914,291.4,away,63.40753673288139,31.71362435815543,46.12266721171663,60.51008656012048,21.583180305048117,1.0702083971561895
2914,291.4,home,42.299362041905766,32.99897060887771,46.18295060948466,59.13577413028862,20.734925366163957,1.5380400138416765
2915,291.5,away,63.44803756755237,31.736443187633327,46.23381028368367,60.5918510284216,21.666229812798893,1.050582597077856
2915,291.5,home,44.513137177752874,31.84858293060225,46.21501588537366,59.14316382799216,21.151129747654906,1.1563989531165233
2916,291.6,away,64.99605883071933,29.20776373899996,45.81363463347985,60.60762985157247,21.925014620172185,1.08973657240024
2916,291.6,home,44.53102552469365,31.865739430610322,45.9859833479559,59.00407183266155,21.106596405787307,0.9118105743091719
2917,291.7,away,63.528956392808624,31.74208302297394,45.81153884345439,60.528252294609,21.665768128727574,1.1083354876462002
2917,291.7,home,44.5200646806852,31.843649746039375,46.20110305322443,59.00395036035495,21.1273985574046,1.0646516271159179
2918,291.8,away,63.529816443715305,31.727732022259932,45.970933031778934,60.74615637183497,21.694539894327683,0.9444197315282878
2918,291.8,home,44.515718360893345,31.88495857909371,46.44012219365026,58.996279769954576,21.15938285694231,1.0764243016994277
2919,291.9,away,63.532659089720035,31.79468926157764,45.9248546251882,60.66879246697649,21.722548497136646,1.2048957100156428
2919,291.9,home,42.34804899603325,33.05063058409266,46.71113851002449,58.91366654432513,20.69555328322897,0.9907254796472259
2920,292.0,away,63.54685892627119,31.8942065767142,45.936387023985596,61.115148793524774,21.763511919838813,1.0905710668463948
2920,292.0,home,44.552723215123336,31.87118688926051,46.74335492440725,58.7559607780795,21.111123681652547,0.9574100857031421
2921,292.1,away,63.542503036767464,31.925379655282562,45.93786549225421,60.84011993091079,21.77534592212481,0.7213474314586148
2921,292.1,home,44.58247482456521,31.846247670655,46.712256326452405,58.83575803210088,21.10891379338049,0.8654597347781195
2922,292.2,away,63.5843479714166,31.958727852628932,46.044366117278436,61.17048077133251,21.789188992148265,0.9853514812517623
2922,292.2,home,47.534374431463206,32.136104767745906,46.541659780954355,42.81687989117644,19.78851936900388,1.0870682356035468
2923,292.3,away,63.585857257290975,31.96296325066243,46.02609656014124,61.339257820382244,21.774800234290627,0.791027032082662
2923,292.3,home,42.41454714413327,33.054924099590124,46.360175929730644,58.484059504411846,20.657921583364846,0.8714524995257985
2924,292.4,away,63.60752234465505,31.96174570322596,45.878307262146876,61.50307038464256,21.790370230253163,1.2679303691321848
2924,292.4,home,44.5569905481237,31.902443040632047,46.45178670977679,58.46727887194971,21.005928830905113,0.9677480870590881
2925,292.5,away,62.06259271710676,32.886775418909984,46.31968096142965,61.69863512124455,22.055115021318016,1.244424954802109
2925,292.5,home,44.16711480279431,30.269514136624167,46.524582819288476,58.51997559120229,21.33345431213523,1.1224673205724849
2926,292.6,away,63.600338395263186,31.94094222092369,46.30028215256705,61.92694979053303,21.93811904817784,0.9790826432386706
2926,292.6,home,44.61290096405212,31.85018288447964,46.25353546012656,58.407762119706135,20.87397534344879,1.2105697366621502
2927,292.7,away,63.55600280272922,32.00560355947778,46.489112821097976,61.939306831811265,21.987357129591302,1.0394487835856299
2927,292.7,home,44.64716832010453,31.874221409023168,46.2632311545317,58.355862557547354,20.813343809919154,1.1894929309538684
2928,292.8,away,63.564319967948386,32.01429612359911,46.7712671508886,62.20210434084458,22.00854181222656,0.9987699460767492
2928,292.8,home,44.663325215400164,31.841512381733825,46.05824193854672,58.21733341923403,20.74936615954682,1.1460640352552558
2929,292.9,away,63.581504406895895,31.988324888618475,46.70814062990369,62.094837587130655,22.02564520354537,0.9552468256164738
2929,292.9,home,47.656751582570664,32.13854321592075,46.19630118873753,42.70946640029711,19.434759245957675,1.1707675758658218
2930,293.0,away,63.604892955034394,31.972462597232074,46.46649500414682,62.43312212650203,22.06493397944347,0.8664620742884338
2930,293.0,home,44.663969028631996,31.936145756297094,46.346081692933076,57.81878366263638,20.640862875890047,0.9349223229730126
2931,293.1,away,63.6043492184456,31.964366336473315,46.21047392628307,62.493478120245385,22.083355243290246,1.303957705869013
2931,293.1,home,44.719130792091335,31.949037126677727,46.30675684557306,57.92767691873276,20.577191776198518,1.0395613763373817
2932,293.2,away,63.58591593580508,31.938601380301087,46.02261043875179,62.72669164985081,22.1544319598449,1.1522273049822334
2932,293.2,home,44.696107868373794,31.929767476907784,46.6328706861978,57.52722491127454,20.548194219096885,0.9486447057553885
2933,293.3,away,61.914709774858956,31.201627213017737,46.303967922996584,62.67167416791908,22.425646581001388,1.025824629724585
2933,293.3,home,44.69363962141758,31.890898003959958,46.5592372422619,57.505774171346104,20.555381566549187,1.1031980836098667
2934,293.4,away,63.603598333110945,32.026531155806744,46.33410178488729,62.5033361123529,22.168148615286196,0.8087643247680721
2934,293.4,home,44.70496582092772,31.899094019747334,46.6288925395266,57.20259872990396,20.48970936141303,1.2855431030633933
2935,293.5,away,63.628522875741005,31.98544773936761,46.30577952072883,62.60248004916601,22.150366566002393,1.027654320057295
2935,293.5,home,44.701265185324125,31.923890378717534,46.76342817459792,56.83727629181814,20.49541105497046,1.2050095907144875
2936,293.6,away,63.64993078405401,31.98638849499042,46.28333364936969,62.719823207720154,22.160590925462603,0.8562792108053678
2936,293.6,home,45.99528898266658,29.60862311185532,39.47953272457024,56.892867710907275,19.82584380732885,0.8382814627598805
2937,293.7,away,63.679944802484876,31.94720123070805,46.06713287124699,62.54634416444388,22.14695333601004,1.0839490312626805
2937,293.7,home,44.74568730584724,31.89634137563455,46.77262569950836,56.65514767480723,20.482034000245555,0.7630750395969628
2938,293.8,away,63.67630179286538,31.941966528454227,45.97066219888476,62.51745694821205,22.159552049746978,0.8982794758434334
2938,293.8,home,44.70587999264594,31.9088890286335,46.663300792432906,56.591261214729656,20.469343588137775,1.119032147322011
2939,293.9,away,62.01061530749088,29.70755857883453,39.49023783380802,62.48882099876619,21.52232554190289,0.8942505704062473
2939,293.9,home,44.71956340117615,31.923765174410804,46.40667241805525,56.71053514773909,20.44094983462794,1.1689554194925682
2940,294.0,away,63.68802622123486,31.93418160381327,46.34399072662873,62.522102893508695,22.212384533438527,0.8776363091785595
2940,294.0,home,44.69411095512972,31.925504713335044,46.24822882534675,56.60773650214702,20.406930733984215,1.1157551357422224
2941,294.1,away,63.72167839093577,31.957672904859184,46.37776190886636,62.4346151457662,22.201895114396205,1.0830964703577484
2941,294.1,home,46.08608276997883,32.805954067395035,46.03618472817387,56.70574783410308,20.521434780301046,0.976086325614377
2942,294.2,away,63.680634281671445,31.91826153386406,46.35016367000553,62.511045330187585,22.25176833929479,1.255617714700492
2942,294.2,home,44.717786078365,31.972835002984798,45.7693976215602,56.77650222749821,20.35722463102654,1.089270770305523
2943,294.3,away,63.72420827858047,31.89852569342827,46.122454237598006,62.54666933249263,22.260618882817056,1.4690912514507184
2943,294.3,home,44.71992121192746,32.048326329335175,45.81610635912767,56.739377597892,20.35733665811474,1.2737645302736724
2944,294.4,away,63.74620921753353,31.940441828143186,46.00921079769248,62.796906150484695,22.2837299259255,1.3034002844212877
2944,294.4,home,44.78637950298229,32.073540554485916,45.990248393250326,56.728200173936344,20.34225653280126,1.2921924523825887
2945,294.5,away,63.76928487952966,32.00817238101129,45.863734034746706,62.81864941577639,22.276486893714623,0.7264250789845265
2945,294.5,home,44.80751593106861,32.114415131509176,46.138671250012464,56.608380187179975,20.28619598012221,0.7911171561101017
2946,294.6,away,63.72812132438949,31.976925861285142,45.84785431850063,63.00904098128704,22.279053677373465,0.9035615229708753
2946,294.6,home,44.796376136670624,32.12293061381765,45.907658899557205,56.829148803707284,20.294140354039243,0.8665033273638016
2947,294.7,away,63.68660159359252,31.983938003345507,45.97711043563775,63.042726934457136,22.286221917989586,1.000468422083314
2947,294.7,home,44.88667401768498,32.08388620526962,46.051870038562065,56.890087091907866,20.320044156944558,1.075790647743102
2948,294.8,away,63.72986379708527,31.898781891079057,46.07162219628156,62.828591216415234,22.270187354434597,1.3559407130602525
2948,294.8,home,44.9036713618718,32.073100476393705,46.150506442460596,56.651127405698446,20.301888416784166,1.2683392540416967
2949,294.9,away,63.756406507196225,31.926193616246064,45.98943386928735,62.816854371830985,22.315811360362353,1.180898763553216
2949,294.9,home,44.51009416287805,31.94958665892459,46.164127516251526,56.664883524527994,21.826019129251215,1.1570645851812462
2950,295.0,away,63.78475916101006,31.933962563133775,46.26900931159123,63.02953883228105,22.39130701138936,1.1647527782184286
2950,295.0,home,44.97679059241029,32.08025504872418,46.26355347475625,56.56426276910043,20.250328489533555,0.964513125963704
2951,295.1,away,63.8467380024016,31.920871271200493,46.372977520468226,63.144995623212495,22.37637584764674,0.9909042469739971
2951,295.1,home,44.971329819701445,32.089071203534644,46.242663326661564,56.3300818660946,20.17537833674331,1.2501237805699004
2952,295.2,away,63.807777754750695,31.92120740353675,46.47842847417265,63.22149494071936,22.420581513178888,1.2852894433285076
2952,295.2,home,46.38413202760365,34.37233235543246,36.345892286779105,55.935724239115885,19.162611794588038,1.3986622614019055
2953,295.3,away,63.80710026804838,31.92015255543603,46.59610263132883,63.094936101911,22.472524687917304,1.228278389405222
2953,295.3,home,45.01587723501591,31.988075238206786,46.30806137132468,55.75419195119244,20.087668191005495,1.0677964641277269
2954,295.4,away,63.78018662788084,31.908921902903465,46.79131604969996,63.098309322540544,22.498334556769326,1.0558369844336715
2954,295.4,home,44.972126177922355,31.99004264226339,46.352183821111865,55.49592950932235,20.076590431233033,1.204718314335569
2955,295.5,away,63.85901832206443,31.93347274122361,46.61413431619921,63.440990733470734,22.549347356841825,1.4531063952562517
2955,295.5,home,44.96425419994647,31.982111460542942,46.1899020306605,55.37153773569772,19.968406344830615,1.49151868725735
2956,295.6,away,63.92984870484154,31.923942174865946,46.25591248730855,63.80254921499636,22.56277843177907,0.8878131524911111
2956,295.6,home,44.919342591639186,32.02650156294425,46.22544995818831,55.355696105364046,19.87280379601137,1.2354865247277915
2957,295.7,away,63.89760102709147,31.966363686693146,46.32069570918388,63.986519895523344,22.58049140738098,0.8876600944982921
2957,295.7,home,43.96973284983747,33.33151941560956,45.96346517872688,55.313637336078074,22.08206922043929,1.1638568619888288
2958,295.8,away,63.90625414576709,31.96961605044767,46.31224860744665,64.07663921666526,22.52922225965475,0.9382052086087614
2958,295.8,home,44.94511089469661,32.05719974462446,46.00653013214173,55.175675705666436,19.845398000871267,1.0462492682789295
2959,295.9,away,67.39132593229523,32.11338784322557,45.965580314920665,53.96946839242674,21.10940286208984,0.9491138335246385
2959,295.9,home,44.940702239134374,31.990930313310297,45.84774628163011,55.087465090677185,19.813137451327478,1.2388265468891735
2960,296.0,away,63.87708052940823,32.0040436495306,45.91162044857425,64.02417503480542,22.506460890492995,0.8797144509286233
2960,296.0,home,44.98266459347592,32.027246291148714,46.014478964070605,54.84920228844679,19.80990732037864,1.1562799761201905
2961,296.1,away,63.88894870765795,31.977847065164056,45.88442491624028,64.2030368158564,22.53973882512745,1.1652271401062428
2961,296.1,home,44.96710425272307,32.074621373862314,45.667465700525725,55.10472907352076,19.798903797010965,1.0121646158390976
2962,296.2,away,63.88706115834648,31.96975550558369,45.7479187732176,64.41351319877234,22.550649041863508,1.31260046012932
2962,296.2,home,44.94643214052184,32.01418297626525,45.72012726877597,55.06441999347295,19.782718035416927,0.9079971700732833
2963,296.3,away,63.86784253120066,31.958622379253406,45.85870729165654,64.66246313234232,22.620294422282715,1.0419820730419451
2963,296.3,home,44.98238135979469,32.009410271483624,45.55999949755805,55.12118871077758,19.745235676091713,1.0248369507768582
2964,296.4,away,63.82949370588042,31.97726179031638,45.92228341624485,64.31645808499367,22.596666318809376,1.2436020941518284
2964,296.4,home,44.96155857957761,32.04242949480476,45.604571329232975,55.04660151005835,19.73486940377668,0.9898911085743073
2965,296.5,away,66.22066630317923,33.255608754211906,46.001441006874074,64.21572053890188,21.991908790414985,0.7315620056712075
2965,296.5,home,44.96837416271583,32.01975567705764,45.871143457725026,54.920315628930425,19.758651699067848,1.1694402297837492
2966,296.6,away,63.80630017497605,31.98118311820468,45.7657615217469,64.23076118514939,22.629572307902734,1.0507859666590813
2966,296.6,home,44.728032649939166,30.49705748573234,46.136135511428236,54.92181245391197,20.195204865901474,1.3840477685660224
2967,296.7,away,63.76968968365361,31.95547241050623,45.78140224814762,64.49038504270807,22.67276978146289,0.8473877578359285
2967,296.7,home,44.95145841873642,32.04531841324817,46.02363894917205,54.65187561715703,19.751767875118734,1.15570763807498
2968,296.8,away,63.740944754203504,31.96165246411449,45.81790965737255,64.35535878604507,22.721297128888803,0.7599585166568971
2968,296.8,home,47.4348527831211,33.747375096304495,46.083781356389736,40.01763251844589,19.042575939175975,0.834711267802919
2969,296.9,away,67.25425097615644,32.14829359026427,45.92747982389625,55.17982052119233,21.394075404200713,1.0123504856035292
2969,296.9,home,46.18885826190475,31.150626260075256,46.01226523735693,54.758388992817885,20.099333156722242,1.1628781531519936
2970,297.0,away,66.20053719215159,33.35033162199703,45.75789198128386,64.44069751460165,22.084775487208194,1.0592464069076277
2970,297.0,home,44.96229561265603,31.978053448569383,46.170111806642,54.82184124833881,19.76447925671165,1.209898964593147
2971,297.1,away,63.70510292198713,32.05656864103997,45.71393022041237,64.5344092913945,22.69343134032316,0.9829527630584416
2971,297.1,home,44.997667476082434,32.04292491111865,46.20945178273523,55.060298421449204,19.788076019784945,1.408190792630333
2972,297.2,away,63.71375421067521,31.988268417322743,45.59946201633695,64.5429154135981,22.678975736162222,1.055836579480336
2972,297.2,home,44.975482728580985,32.08720383282864,46.05846835914621,55.17402314567085,19.805836492528638,1.0366968775816707
2973,297.3,away,63.754516806868885,31.986407858390468,45.86049856182969,64.54269282781694,22.663569180445418,0.8790791012417539
2973,297.3,home,46.24465986756888,34.308953762131274,36.990784081389236,55.28249481341096,18.95066126128321,1.3258312496550695
2974,297.4,away,63.736161252127744,32.06644835393422,45.97449660860177,64.56470577329858,22.66976156303443,0.9309590632882795
2974,297.4,home,44.93719077330248,32.01077514907962,45.96197902549804,55.31651738738877,19.82641560204711,1.1935546822431646
2975,297.5,away,64.63528489482201,30.95523451506761,38.35028149612101,64.63224236531386,21.488811671845415,0.9424145434883973
2975,297.5,home,44.90102520206937,31.976750699743334,45.95613824490404,55.00276320804278,19.77177203672113,1.165973460121604
2976,297.6,away,60.70357159726338,32.25897243678706,46.03369387126099,51.84065275342704,21.671456971596886,1.1985936883572663
2976,297.6,home,44.897892016985985,31.920421427981072,45.85310774347059,55.1538296356012,19.829530276658513,1.6938290599804977
2977,297.7,away,63.75955995442029,32.05891915064071,46.00428502863941,64.4939269400375,22.62595833428618,0.9176300074693974
2977,297.7,home,46.15762802379942,32.671627040420454,45.65680731748948,55.36973122429729,20.157830099614518,1.2322072912393787
2978,297.8,away,63.70024730150828,32.03124098775299,46.28170088003384,64.69578960382724,22.671525411199426,0.9526348893741466
2978,297.8,home,44.90194877703066,31.906748618893882,45.568958129158915,55.145611827557445,19.79602915309066,1.0758224706925863
2979,297.9,away,64.09235310240835,31.91689958622834,46.241045005062965,64.65397242202891,24.490632303741926,0.9663511952058899
2979,297.9,home,44.840255956815206,31.899383448162038,45.661090109437026,55.01930166566679,19.759435057331313,1.1527999816846513
2980,298.0,away,63.788807617704634,32.00125184202923,46.347775811444805,64.73624354893448,22.707328037414836,0.8923925032157272
2980,298.0,home,44.80046026801936,31.867484828384057,45.51781837019756,54.62875222976224,19.681170024790628,1.4188735850512841
2981,298.1,away,63.75215706539054,32.05766908540345,46.44724912454248,64.8289273324122,22.758234324920558,1.1360422387615186
2981,298.1,home,44.76540385572439,31.85442488560005,45.302582526566056,54.22547475239821,19.58333413757033,0.9761203845635307
2982,298.2,away,63.77073036649117,32.06575667087735,46.379892325738716,64.94844570368234,22.765980087768863,0.9932964138005499
2982,298.2,home,44.826412008820206,31.90965178375054,45.5531636535274,54.14849445516582,19.581732923130065,0.8549431855876886
2983,298.3,away,62.08525254840337,31.173123918335108,46.101350594010505,64.98087501558362,22.942468032855075,0.926935001310181
2983,298.3,home,44.84082424339051,31.88074241318259,45.64638993221499,54.03725775507003,19.57694315689123,1.0504823267206795
2984,298.4,away,64.80191077025694,28.188095037032287,38.36311373369232,65.14066484199563,21.398742014368413,0.9295659336613468
2984,298.4,home,44.890704286765725,31.86688864744502,45.61163092728397,54.178588295986465,19.550144040223525,1.1775155569553546
2985,298.5,away,63.78941724822826,32.017166020578124,46.017625116932535,65.06081664582962,22.743843438782047,0.7989147275986718
2985,298.5,home,44.945393102877105,31.887804876786166,45.6770037666418,54.03644602269449,19.469805117604825,1.245523621808914
2986,298.6,away,63.81280757948355,32.017716423503806,46.045653235984986,65.06229419900764,22.75735186773244,0.7756163986773241
2986,298.6,home,44.94439168035874,31.922421558541167,45.85651487411228,53.978880351263754,19.43538726642734,1.273840612000798
2987,298.7,away,63.852178858977275,32.06650417519236,45.602712015315056,65.12987097571998,22.739555832303093,1.036508500309093
2987,298.7,home,44.96418111157687,31.87886070558162,45.91418675674351,54.15307364898126,19.43904390943498,1.3080069296057026
2988,298.8,away,63.859723964570996,32.02841043161365,45.52795805344532,65.2978552221588,22.711899829098467,0.933856678174671
2988,298.8,home,45.015983727668804,31.869139392035592,46.035732898165335,54.45207029635242,19.451030966127647,1.0466244179159252
2989,298.9,away,63.82567055144219,31.98132213296391,45.36930164325224,65.2518420870071,22.673680152044344,0.9530967926703858
2989,298.9,home,44.99721964195468,31.88058681067689,46.06014035196655,54.48637726235019,19.497620136230676,1.0257442623912574
2990,299.0,away,64.1252345342507,33.362406009971906,45.3507044638244,65.17206898890159,23.46004545461794,0.8483150364830164
2990,299.0,home,45.01279598180066,31.88538847234819,46.09691982608928,54.76943634394276,19.52856688342519,1.363882048705981
2991,299.1,away,60.7732184803138,32.18491728496686,45.20044308903673,52.05385091714053,21.629087381734134,1.0496639104588357
2991,299.1,home,44.53049006535391,33.21652884562832,45.90992226348692,54.62986335468801,19.955499900609006,1.0930309463204706
2992,299.2,away,63.78521456169258,32.01150400390416,45.33974459069862,65.05606081132348,22.759454208521902,1.0540684477421818
2992,299.2,home,45.01044407475609,31.940084772825923,45.78688097461767,54.74917406914501,19.506962877763897,0.8240347103543503
2993,299.3,away,62.087904486692786,32.8097349631064,45.22834473190139,64.97003847327233,22.941433713287285,1.0501337068675811
2993,299.3,home,45.004378111176806,31.96882831759159,45.70178270378471,54.70043525416601,19.459283928796374,1.2250596729939012
2994,299.4,away,63.82705969051825,32.07889829762227,45.036563224294625,64.89979518908603,22.734361253879598,1.2086874199633708
2994,299.4,home,44.945173717106194,31.958978071642154,45.72201924020955,54.43518921355728,19.468395653581762,1.2578370568767379
2995,299.5,away,63.74707705243347,32.05883597584514,45.284296004263936,65.24952987285437,22.790931214121944,1.2572173680269345
2995,299.5,home,44.91257295692419,31.915291976459205,45.671739909695305,54.44716915530287,19.48475101892739,1.0891581347034605
2996,299.6,away,63.74816637903769,32.064903025528515,45.31892466930914,65.30947067085292,22.826010487516086,1.006242047359842
2996,299.6,home,44.90698200447506,31.90783157400774,45.582084496927216,54.340765123419104,19.463970138144003,1.1344504065782928
2997,299.7,away,63.728114929020144,32.119200556624904,45.51140051967926,65.23191967249318,22.86826782200171,1.0140669286866442
2997,299.7,home,44.855084218120425,31.929742653688116,45.226227566749145,54.064256086647966,19.454857625053442,1.0359151834520512
2998,299.8,away,63.69337288587724,32.14326110705643,45.47829238377227,65.1336241658708,22.91080969431467,1.0791727778509026
2998,299.8,home,46.23878859315427,29.62497886475696,36.819927982428524,54.051493976805546,18.569226640424283,1.0081798797486319
2999,299.9,away,63.646078651525656,32.12810376068282,45.316202706764415,65.27062152629422,22.88005912880984,1.5412330937868204
2999,299.9,home,44.89752848924654,31.94881093899228,45.2954746934811,53.807755133464546,19.41876798795162,1.485199046110476
